dataset	n	mode	k	topk	maxlen	rank	pattern	support	sha256
DB1_Amazon.txt	5842	hjtopk	0.00017117425539198904	50	12	1	(1,2)	1906.158054782355	d0c15569482c9c684202e60d14a40deabe2a88da1601241cbc466ec68c5a6abd
DB1_Amazon.txt	5842	hjtopk	0.00017117425539198904	50	12	2	(2,1)	1769.378383075387	d0c15569482c9c684202e60d14a40deabe2a88da1601241cbc466ec68c5a6abd
DB1_Amazon.txt	5842	hjtopk	0.00017117425539198904	50	12	3	(1,2,3)	975.953759479989	d0c15569482c9c684202e60d14a40deabe2a88da1601241cbc466ec68c5a6abd
DB1_Amazon.txt	5842	hjtopk	0.00017117425539198904	50	12	4	(3,2,1)	839.752825483738	d0c15569482c9c684202e60d14a40deabe2a88da1601241cbc466ec68c5a6abd
DB1_Amazon.txt	5842	hjtopk	0.00017117425539198904	50	12	5	(1,2,3,4)	508.502194299001	d0c15569482c9c684202e60d14a40deabe2a88da1601241cbc466ec68c5a6abd
DB1_Amazon.txt	5842	hjtopk	0.00017117425539198904	50	12	6	(1,3,2)	488.273808902757	d0c15569482c9c684202e60d14a40deabe2a88da1601241cbc466ec68c5a6abd
DB1_Amazon.txt	5842	hjtopk	0.00017117425539198904	50	12	7	(2,1,3)	476.533845528597	d0c15569482c9c684202e60d14a40deabe2a88da1601241cbc466ec68c5a6abd
DB1_Amazon.txt	5842	hjtopk	0.00017117425539198904	50	12	8	(3,1,2)	441.144059965636	d0c15569482c9c684202e60d14a40deabe2a88da1601241cbc466ec68c5a6abd
DB1_Amazon.txt	5842	hjtopk	0.00017117425539198904	50	12	9	(2,3,1)	427.018003187627	d0c15569482c9c684202e60d14a40deabe2a88da1601241cbc466ec68c5a6abd
DB1_Amazon.txt	5842	hjtopk	0.00017117425539198904	50	12	10	(4,3,2,1)	379.048079437987	d0c15569482c9c684202e60d14a40deabe2a88da1601241cbc466ec68c5a6abd
DB1_Amazon.txt	5842	hjtopk	0.00017117425539198904	50	12	11	(1,2,3,4,5)	262.032305436226	d0c15569482c9c684202e60d14a40deabe2a88da1601241cbc466ec68c5a6abd
DB1_Amazon.txt	5842	hjtopk	0.00017117425539198904	50	12	12	(1,2,4,3)	249.901328396760	d0c15569482c9c684202e60d14a40deabe2a88da1601241cbc466ec68c5a6abd
DB1_Amazon.txt	5842	hjtopk	0.00017117425539198904	50	12	13	(2,1,3,4)	243.897263470205	d0c15569482c9c684202e60d14a40deabe2a88da1601241cbc466ec68c5a6abd
DB1_Amazon.txt	5842	hjtopk	0.00017117425539198904	50	12	14	(4,3,1,2)	216.070357210407	d0c15569482c9c684202e60d14a40deabe2a88da1601241cbc466ec68c5a6abd
DB1_Amazon.txt	5842	hjtopk	0.00017117425539198904	50	12	15	(3,4,2,1)	205.647911729867	d0c15569482c9c684202e60d14a40deabe2a88da1601241cbc466ec68c5a6abd
DB1_Amazon.txt	5842	hjtopk	0.00017117425539198904	50	12	16	(1,3,2,4)	158.235493400641	d0c15569482c9c684202e60d14a40deabe2a88da1601241cbc466ec68c5a6abd
DB1_Amazon.txt	5842	hjtopk	0.00017117425539198904	50	12	17	(5,4,3,2,1)	155.717767349658	d0c15569482c9c684202e60d14a40deabe2a88da1601241cbc466ec68c5a6abd
DB1_Amazon.txt	5842	hjtopk	0.00017117425539198904	50	12	18	(4,2,3,1)	145.512744500285	d0c15569482c9c684202e60d14a40deabe2a88da1601241cbc466ec68c5a6abd
DB1_Amazon.txt	5842	hjtopk	0.00017117425539198904	50	12	19	(1,2,3,4,5,6)	136.561157861861	d0c15569482c9c684202e60d14a40deabe2a88da1601241cbc466ec68c5a6abd
DB1_Amazon.txt	5842	hjtopk	0.00017117425539198904	50	12	20	(1,3,4,2)	131.185223299476	d0c15569482c9c684202e60d14a40deabe2a88da1601241cbc466ec68c5a6abd
DB1_Amazon.txt	5842	hjtopk	0.00017117425539198904	50	12	21	(2,1,3,4,5)	130.573266436350	d0c15569482c9c684202e60d14a40deabe2a88da1601241cbc466ec68c5a6abd
DB1_Amazon.txt	5842	hjtopk	0.00017117425539198904	50	12	22	(1,2,3,5,4)	130.469361482924	d0c15569482c9c684202e60d14a40deabe2a88da1601241cbc466ec68c5a6abd
DB1_Amazon.txt	5842	hjtopk	0.00017117425539198904	50	12	23	(1,4,3,2)	129.634124457838	d0c15569482c9c684202e60d14a40deabe2a88da1601241cbc466ec68c5a6abd
DB1_Amazon.txt	5842	hjtopk	0.00017117425539198904	50	12	24	(4,2,1,3)	124.743685273175	d0c15569482c9c684202e60d14a40deabe2a88da1601241cbc466ec68c5a6abd
DB1_Amazon.txt	5842	hjtopk	0.00017117425539198904	50	12	25	(3,1,2,4)	119.043624930837	d0c15569482c9c684202e60d14a40deabe2a88da1601241cbc466ec68c5a6abd
DB1_Amazon.txt	5842	hjtopk	0.00017117425539198904	50	12	26	(2,4,3,1)	117.053609802855	d0c15569482c9c684202e60d14a40deabe2a88da1601241cbc466ec68c5a6abd
DB1_Amazon.txt	5842	hjtopk	0.00017117425539198904	50	12	27	(3,2,1,4)	112.538610517823	d0c15569482c9c684202e60d14a40deabe2a88da1601241cbc466ec68c5a6abd
DB1_Amazon.txt	5842	hjtopk	0.00017117425539198904	50	12	28	(5,4,3,1,2)	111.811234617123	d0c15569482c9c684202e60d14a40deabe2a88da1601241cbc466ec68c5a6abd
DB1_Amazon.txt	5842	hjtopk	0.00017117425539198904	50	12	29	(2,1,4,3)	100.598712681167	d0c15569482c9c684202e60d14a40deabe2a88da1601241cbc466ec68c5a6abd
DB1_Amazon.txt	5842	hjtopk	0.00017117425539198904	50	12	30	(4,1,2,3)	95.014969245542	d0c15569482c9c684202e60d14a40deabe2a88da1601241cbc466ec68c5a6abd
DB1_Amazon.txt	5842	hjtopk	0.00017117425539198904	50	12	31	(4,5,3,2,1)	93.637461000293	d0c15569482c9c684202e60d14a40deabe2a88da1601241cbc466ec68c5a6abd
DB1_Amazon.txt	5842	hjtopk	0.00017117425539198904	50	12	32	(3,4,1,2)	92.124552367552	d0c15569482c9c684202e60d14a40deabe2a88da1601241cbc466ec68c5a6abd
DB1_Amazon.txt	5842	hjtopk	0.00017117425539198904	50	12	33	(1,3,2,4,5)	82.156399776349	d0c15569482c9c684202e60d14a40deabe2a88da1601241cbc466ec68c5a6abd
DB1_Amazon.txt	5842	hjtopk	0.00017117425539198904	50	12	34	(1,4,2,3)	80.418724653370	d0c15569482c9c684202e60d14a40deabe2a88da1601241cbc466ec68c5a6abd
DB1_Amazon.txt	5842	hjtopk	0.00017117425539198904	50	12	35	(1,2,4,3,5)	79.921926729636	d0c15569482c9c684202e60d14a40deabe2a88da1601241cbc466ec68c5a6abd
DB1_Amazon.txt	5842	hjtopk	0.00017117425539198904	50	12	36	(2,3,4,1)	77.011325535157	d0c15569482c9c684202e60d14a40deabe2a88da1601241cbc466ec68c5a6abd
DB1_Amazon.txt	5842	hjtopk	0.00017117425539198904	50	12	37	(2,3,1,4)	76.896233385564	d0c15569482c9c684202e60d14a40deabe2a88da1601241cbc466ec68c5a6abd
DB1_Amazon.txt	5842	hjtopk	0.00017117425539198904	50	12	38	(4,1,3,2)	74.593658991786	d0c15569482c9c684202e60d14a40deabe2a88da1601241cbc466ec68c5a6abd
DB1_Amazon.txt	5842	hjtopk	0.00017117425539198904	50	12	39	(1,2,3,4,5,6,7)	71.581087343147	d0c15569482c9c684202e60d14a40deabe2a88da1601241cbc466ec68c5a6abd
DB1_Amazon.txt	5842	hjtopk	0.00017117425539198904	50	12	40	(5,3,4,2,1)	70.723388183712	d0c15569482c9c684202e60d14a40deabe2a88da1601241cbc466ec68c5a6abd
DB1_Amazon.txt	5842	hjtopk	0.00017117425539198904	50	12	41	(1,2,3,4,6,5)	70.619730343313	d0c15569482c9c684202e60d14a40deabe2a88da1601241cbc466ec68c5a6abd
DB1_Amazon.txt	5842	hjtopk	0.00017117425539198904	50	12	42	(1,2,4,5,3)	70.079674228697	d0c15569482c9c684202e60d14a40deabe2a88da1601241cbc466ec68c5a6abd
DB1_Amazon.txt	5842	hjtopk	0.00017117425539198904	50	12	43	(2,1,3,4,5,6)	69.728654547490	d0c15569482c9c684202e60d14a40deabe2a88da1601241cbc466ec68c5a6abd
DB1_Amazon.txt	5842	hjtopk	0.00017117425539198904	50	12	44	(3,2,4,1)	68.756395531467	d0c15569482c9c684202e60d14a40deabe2a88da1601241cbc466ec68c5a6abd
DB1_Amazon.txt	5842	hjtopk	0.00017117425539198904	50	12	45	(1,2,5,4,3)	67.767376411794	d0c15569482c9c684202e60d14a40deabe2a88da1601241cbc466ec68c5a6abd
DB1_Amazon.txt	5842	hjtopk	0.00017117425539198904	50	12	46	(2,1,3,5,4)	65.695636767345	d0c15569482c9c684202e60d14a40deabe2a88da1601241cbc466ec68c5a6abd
DB1_Amazon.txt	5842	hjtopk	0.00017117425539198904	50	12	47	(5,4,2,3,1)	64.635968641070	d0c15569482c9c684202e60d14a40deabe2a88da1601241cbc466ec68c5a6abd
DB1_Amazon.txt	5842	hjtopk	0.00017117425539198904	50	12	48	(6,5,4,3,2,1)	62.787097470578	d0c15569482c9c684202e60d14a40deabe2a88da1601241cbc466ec68c5a6abd
DB1_Amazon.txt	5842	hjtopk	0.00017117425539198904	50	12	49	(3,1,2,4,5)	61.937620526958	d0c15569482c9c684202e60d14a40deabe2a88da1601241cbc466ec68c5a6abd
DB1_Amazon.txt	5842	hjtopk	0.00017117425539198904	50	12	50	(3,1,4,2)	59.510751203965	d0c15569482c9c684202e60d14a40deabe2a88da1601241cbc466ec68c5a6abd
DB1_Amazon.txt	5842	tk-no-bounds	0.00017117425539198904	50	12	1	(1,2)	1906.158054782355	d0c15569482c9c684202e60d14a40deabe2a88da1601241cbc466ec68c5a6abd
DB1_Amazon.txt	5842	tk-no-bounds	0.00017117425539198904	50	12	2	(2,1)	1769.378383075387	d0c15569482c9c684202e60d14a40deabe2a88da1601241cbc466ec68c5a6abd
DB1_Amazon.txt	5842	tk-no-bounds	0.00017117425539198904	50	12	3	(1,2,3)	975.953759479989	d0c15569482c9c684202e60d14a40deabe2a88da1601241cbc466ec68c5a6abd
DB1_Amazon.txt	5842	tk-no-bounds	0.00017117425539198904	50	12	4	(3,2,1)	839.752825483738	d0c15569482c9c684202e60d14a40deabe2a88da1601241cbc466ec68c5a6abd
DB1_Amazon.txt	5842	tk-no-bounds	0.00017117425539198904	50	12	5	(1,2,3,4)	508.502194299001	d0c15569482c9c684202e60d14a40deabe2a88da1601241cbc466ec68c5a6abd
DB1_Amazon.txt	5842	tk-no-bounds	0.00017117425539198904	50	12	6	(1,3,2)	488.273808902757	d0c15569482c9c684202e60d14a40deabe2a88da1601241cbc466ec68c5a6abd
DB1_Amazon.txt	5842	tk-no-bounds	0.00017117425539198904	50	12	7	(2,1,3)	476.533845528597	d0c15569482c9c684202e60d14a40deabe2a88da1601241cbc466ec68c5a6abd
DB1_Amazon.txt	5842	tk-no-bounds	0.00017117425539198904	50	12	8	(3,1,2)	441.144059965636	d0c15569482c9c684202e60d14a40deabe2a88da1601241cbc466ec68c5a6abd
DB1_Amazon.txt	5842	tk-no-bounds	0.00017117425539198904	50	12	9	(2,3,1)	427.018003187627	d0c15569482c9c684202e60d14a40deabe2a88da1601241cbc466ec68c5a6abd
DB1_Amazon.txt	5842	tk-no-bounds	0.00017117425539198904	50	12	10	(4,3,2,1)	379.048079437987	d0c15569482c9c684202e60d14a40deabe2a88da1601241cbc466ec68c5a6abd
DB1_Amazon.txt	5842	tk-no-bounds	0.00017117425539198904	50	12	11	(1,2,3,4,5)	262.032305436226	d0c15569482c9c684202e60d14a40deabe2a88da1601241cbc466ec68c5a6abd
DB1_Amazon.txt	5842	tk-no-bounds	0.00017117425539198904	50	12	12	(1,2,4,3)	249.901328396760	d0c15569482c9c684202e60d14a40deabe2a88da1601241cbc466ec68c5a6abd
DB1_Amazon.txt	5842	tk-no-bounds	0.00017117425539198904	50	12	13	(2,1,3,4)	243.897263470205	d0c15569482c9c684202e60d14a40deabe2a88da1601241cbc466ec68c5a6abd
DB1_Amazon.txt	5842	tk-no-bounds	0.00017117425539198904	50	12	14	(4,3,1,2)	216.070357210407	d0c15569482c9c684202e60d14a40deabe2a88da1601241cbc466ec68c5a6abd
DB1_Amazon.txt	5842	tk-no-bounds	0.00017117425539198904	50	12	15	(3,4,2,1)	205.647911729867	d0c15569482c9c684202e60d14a40deabe2a88da1601241cbc466ec68c5a6abd
DB1_Amazon.txt	5842	tk-no-bounds	0.00017117425539198904	50	12	16	(1,3,2,4)	158.235493400641	d0c15569482c9c684202e60d14a40deabe2a88da1601241cbc466ec68c5a6abd
DB1_Amazon.txt	5842	tk-no-bounds	0.00017117425539198904	50	12	17	(5,4,3,2,1)	155.717767349658	d0c15569482c9c684202e60d14a40deabe2a88da1601241cbc466ec68c5a6abd
DB1_Amazon.txt	5842	tk-no-bounds	0.00017117425539198904	50	12	18	(4,2,3,1)	145.512744500285	d0c15569482c9c684202e60d14a40deabe2a88da1601241cbc466ec68c5a6abd
DB1_Amazon.txt	5842	tk-no-bounds	0.00017117425539198904	50	12	19	(1,2,3,4,5,6)	136.561157861861	d0c15569482c9c684202e60d14a40deabe2a88da1601241cbc466ec68c5a6abd
DB1_Amazon.txt	5842	tk-no-bounds	0.00017117425539198904	50	12	20	(1,3,4,2)	131.185223299476	d0c15569482c9c684202e60d14a40deabe2a88da1601241cbc466ec68c5a6abd
DB1_Amazon.txt	5842	tk-no-bounds	0.00017117425539198904	50	12	21	(2,1,3,4,5)	130.573266436350	d0c15569482c9c684202e60d14a40deabe2a88da1601241cbc466ec68c5a6abd
DB1_Amazon.txt	5842	tk-no-bounds	0.00017117425539198904	50	12	22	(1,2,3,5,4)	130.469361482924	d0c15569482c9c684202e60d14a40deabe2a88da1601241cbc466ec68c5a6abd
DB1_Amazon.txt	5842	tk-no-bounds	0.00017117425539198904	50	12	23	(1,4,3,2)	129.634124457838	d0c15569482c9c684202e60d14a40deabe2a88da1601241cbc466ec68c5a6abd
DB1_Amazon.txt	5842	tk-no-bounds	0.00017117425539198904	50	12	24	(4,2,1,3)	124.743685273175	d0c15569482c9c684202e60d14a40deabe2a88da1601241cbc466ec68c5a6abd
DB1_Amazon.txt	5842	tk-no-bounds	0.00017117425539198904	50	12	25	(3,1,2,4)	119.043624930837	d0c15569482c9c684202e60d14a40deabe2a88da1601241cbc466ec68c5a6abd
DB1_Amazon.txt	5842	tk-no-bounds	0.00017117425539198904	50	12	26	(2,4,3,1)	117.053609802855	d0c15569482c9c684202e60d14a40deabe2a88da1601241cbc466ec68c5a6abd
DB1_Amazon.txt	5842	tk-no-bounds	0.00017117425539198904	50	12	27	(3,2,1,4)	112.538610517823	d0c15569482c9c684202e60d14a40deabe2a88da1601241cbc466ec68c5a6abd
DB1_Amazon.txt	5842	tk-no-bounds	0.00017117425539198904	50	12	28	(5,4,3,1,2)	111.811234617123	d0c15569482c9c684202e60d14a40deabe2a88da1601241cbc466ec68c5a6abd
DB1_Amazon.txt	5842	tk-no-bounds	0.00017117425539198904	50	12	29	(2,1,4,3)	100.598712681167	d0c15569482c9c684202e60d14a40deabe2a88da1601241cbc466ec68c5a6abd
DB1_Amazon.txt	5842	tk-no-bounds	0.00017117425539198904	50	12	30	(4,1,2,3)	95.014969245542	d0c15569482c9c684202e60d14a40deabe2a88da1601241cbc466ec68c5a6abd
DB1_Amazon.txt	5842	tk-no-bounds	0.00017117425539198904	50	12	31	(4,5,3,2,1)	93.637461000293	d0c15569482c9c684202e60d14a40deabe2a88da1601241cbc466ec68c5a6abd
DB1_Amazon.txt	5842	tk-no-bounds	0.00017117425539198904	50	12	32	(3,4,1,2)	92.124552367552	d0c15569482c9c684202e60d14a40deabe2a88da1601241cbc466ec68c5a6abd
DB1_Amazon.txt	5842	tk-no-bounds	0.00017117425539198904	50	12	33	(1,3,2,4,5)	82.156399776349	d0c15569482c9c684202e60d14a40deabe2a88da1601241cbc466ec68c5a6abd
DB1_Amazon.txt	5842	tk-no-bounds	0.00017117425539198904	50	12	34	(1,4,2,3)	80.418724653370	d0c15569482c9c684202e60d14a40deabe2a88da1601241cbc466ec68c5a6abd
DB1_Amazon.txt	5842	tk-no-bounds	0.00017117425539198904	50	12	35	(1,2,4,3,5)	79.921926729636	d0c15569482c9c684202e60d14a40deabe2a88da1601241cbc466ec68c5a6abd
DB1_Amazon.txt	5842	tk-no-bounds	0.00017117425539198904	50	12	36	(2,3,4,1)	77.011325535157	d0c15569482c9c684202e60d14a40deabe2a88da1601241cbc466ec68c5a6abd
DB1_Amazon.txt	5842	tk-no-bounds	0.00017117425539198904	50	12	37	(2,3,1,4)	76.896233385564	d0c15569482c9c684202e60d14a40deabe2a88da1601241cbc466ec68c5a6abd
DB1_Amazon.txt	5842	tk-no-bounds	0.00017117425539198904	50	12	38	(4,1,3,2)	74.593658991786	d0c15569482c9c684202e60d14a40deabe2a88da1601241cbc466ec68c5a6abd
DB1_Amazon.txt	5842	tk-no-bounds	0.00017117425539198904	50	12	39	(1,2,3,4,5,6,7)	71.581087343147	d0c15569482c9c684202e60d14a40deabe2a88da1601241cbc466ec68c5a6abd
DB1_Amazon.txt	5842	tk-no-bounds	0.00017117425539198904	50	12	40	(5,3,4,2,1)	70.723388183712	d0c15569482c9c684202e60d14a40deabe2a88da1601241cbc466ec68c5a6abd
DB1_Amazon.txt	5842	tk-no-bounds	0.00017117425539198904	50	12	41	(1,2,3,4,6,5)	70.619730343313	d0c15569482c9c684202e60d14a40deabe2a88da1601241cbc466ec68c5a6abd
DB1_Amazon.txt	5842	tk-no-bounds	0.00017117425539198904	50	12	42	(1,2,4,5,3)	70.079674228697	d0c15569482c9c684202e60d14a40deabe2a88da1601241cbc466ec68c5a6abd
DB1_Amazon.txt	5842	tk-no-bounds	0.00017117425539198904	50	12	43	(2,1,3,4,5,6)	69.728654547490	d0c15569482c9c684202e60d14a40deabe2a88da1601241cbc466ec68c5a6abd
DB1_Amazon.txt	5842	tk-no-bounds	0.00017117425539198904	50	12	44	(3,2,4,1)	68.756395531467	d0c15569482c9c684202e60d14a40deabe2a88da1601241cbc466ec68c5a6abd
DB1_Amazon.txt	5842	tk-no-bounds	0.00017117425539198904	50	12	45	(1,2,5,4,3)	67.767376411794	d0c15569482c9c684202e60d14a40deabe2a88da1601241cbc466ec68c5a6abd
DB1_Amazon.txt	5842	tk-no-bounds	0.00017117425539198904	50	12	46	(2,1,3,5,4)	65.695636767345	d0c15569482c9c684202e60d14a40deabe2a88da1601241cbc466ec68c5a6abd
DB1_Amazon.txt	5842	tk-no-bounds	0.00017117425539198904	50	12	47	(5,4,2,3,1)	64.635968641070	d0c15569482c9c684202e60d14a40deabe2a88da1601241cbc466ec68c5a6abd
DB1_Amazon.txt	5842	tk-no-bounds	0.00017117425539198904	50	12	48	(6,5,4,3,2,1)	62.787097470578	d0c15569482c9c684202e60d14a40deabe2a88da1601241cbc466ec68c5a6abd
DB1_Amazon.txt	5842	tk-no-bounds	0.00017117425539198904	50	12	49	(3,1,2,4,5)	61.937620526958	d0c15569482c9c684202e60d14a40deabe2a88da1601241cbc466ec68c5a6abd
DB1_Amazon.txt	5842	tk-no-bounds	0.00017117425539198904	50	12	50	(3,1,4,2)	59.510751203965	d0c15569482c9c684202e60d14a40deabe2a88da1601241cbc466ec68c5a6abd
DB1_Amazon.txt	5842	tk-no-pdub	0.00017117425539198904	50	12	1	(1,2)	1906.158054782355	d0c15569482c9c684202e60d14a40deabe2a88da1601241cbc466ec68c5a6abd
DB1_Amazon.txt	5842	tk-no-pdub	0.00017117425539198904	50	12	2	(2,1)	1769.378383075387	d0c15569482c9c684202e60d14a40deabe2a88da1601241cbc466ec68c5a6abd
DB1_Amazon.txt	5842	tk-no-pdub	0.00017117425539198904	50	12	3	(1,2,3)	975.953759479989	d0c15569482c9c684202e60d14a40deabe2a88da1601241cbc466ec68c5a6abd
DB1_Amazon.txt	5842	tk-no-pdub	0.00017117425539198904	50	12	4	(3,2,1)	839.752825483738	d0c15569482c9c684202e60d14a40deabe2a88da1601241cbc466ec68c5a6abd
DB1_Amazon.txt	5842	tk-no-pdub	0.00017117425539198904	50	12	5	(1,2,3,4)	508.502194299001	d0c15569482c9c684202e60d14a40deabe2a88da1601241cbc466ec68c5a6abd
DB1_Amazon.txt	5842	tk-no-pdub	0.00017117425539198904	50	12	6	(1,3,2)	488.273808902757	d0c15569482c9c684202e60d14a40deabe2a88da1601241cbc466ec68c5a6abd
DB1_Amazon.txt	5842	tk-no-pdub	0.00017117425539198904	50	12	7	(2,1,3)	476.533845528597	d0c15569482c9c684202e60d14a40deabe2a88da1601241cbc466ec68c5a6abd
DB1_Amazon.txt	5842	tk-no-pdub	0.00017117425539198904	50	12	8	(3,1,2)	441.144059965636	d0c15569482c9c684202e60d14a40deabe2a88da1601241cbc466ec68c5a6abd
DB1_Amazon.txt	5842	tk-no-pdub	0.00017117425539198904	50	12	9	(2,3,1)	427.018003187627	d0c15569482c9c684202e60d14a40deabe2a88da1601241cbc466ec68c5a6abd
DB1_Amazon.txt	5842	tk-no-pdub	0.00017117425539198904	50	12	10	(4,3,2,1)	379.048079437987	d0c15569482c9c684202e60d14a40deabe2a88da1601241cbc466ec68c5a6abd
DB1_Amazon.txt	5842	tk-no-pdub	0.00017117425539198904	50	12	11	(1,2,3,4,5)	262.032305436226	d0c15569482c9c684202e60d14a40deabe2a88da1601241cbc466ec68c5a6abd
DB1_Amazon.txt	5842	tk-no-pdub	0.00017117425539198904	50	12	12	(1,2,4,3)	249.901328396760	d0c15569482c9c684202e60d14a40deabe2a88da1601241cbc466ec68c5a6abd
DB1_Amazon.txt	5842	tk-no-pdub	0.00017117425539198904	50	12	13	(2,1,3,4)	243.897263470205	d0c15569482c9c684202e60d14a40deabe2a88da1601241cbc466ec68c5a6abd
DB1_Amazon.txt	5842	tk-no-pdub	0.00017117425539198904	50	12	14	(4,3,1,2)	216.070357210407	d0c15569482c9c684202e60d14a40deabe2a88da1601241cbc466ec68c5a6abd
DB1_Amazon.txt	5842	tk-no-pdub	0.00017117425539198904	50	12	15	(3,4,2,1)	205.647911729867	d0c15569482c9c684202e60d14a40deabe2a88da1601241cbc466ec68c5a6abd
DB1_Amazon.txt	5842	tk-no-pdub	0.00017117425539198904	50	12	16	(1,3,2,4)	158.235493400641	d0c15569482c9c684202e60d14a40deabe2a88da1601241cbc466ec68c5a6abd
DB1_Amazon.txt	5842	tk-no-pdub	0.00017117425539198904	50	12	17	(5,4,3,2,1)	155.717767349658	d0c15569482c9c684202e60d14a40deabe2a88da1601241cbc466ec68c5a6abd
DB1_Amazon.txt	5842	tk-no-pdub	0.00017117425539198904	50	12	18	(4,2,3,1)	145.512744500285	d0c15569482c9c684202e60d14a40deabe2a88da1601241cbc466ec68c5a6abd
DB1_Amazon.txt	5842	tk-no-pdub	0.00017117425539198904	50	12	19	(1,2,3,4,5,6)	136.561157861861	d0c15569482c9c684202e60d14a40deabe2a88da1601241cbc466ec68c5a6abd
DB1_Amazon.txt	5842	tk-no-pdub	0.00017117425539198904	50	12	20	(1,3,4,2)	131.185223299476	d0c15569482c9c684202e60d14a40deabe2a88da1601241cbc466ec68c5a6abd
DB1_Amazon.txt	5842	tk-no-pdub	0.00017117425539198904	50	12	21	(2,1,3,4,5)	130.573266436350	d0c15569482c9c684202e60d14a40deabe2a88da1601241cbc466ec68c5a6abd
DB1_Amazon.txt	5842	tk-no-pdub	0.00017117425539198904	50	12	22	(1,2,3,5,4)	130.469361482924	d0c15569482c9c684202e60d14a40deabe2a88da1601241cbc466ec68c5a6abd
DB1_Amazon.txt	5842	tk-no-pdub	0.00017117425539198904	50	12	23	(1,4,3,2)	129.634124457838	d0c15569482c9c684202e60d14a40deabe2a88da1601241cbc466ec68c5a6abd
DB1_Amazon.txt	5842	tk-no-pdub	0.00017117425539198904	50	12	24	(4,2,1,3)	124.743685273175	d0c15569482c9c684202e60d14a40deabe2a88da1601241cbc466ec68c5a6abd
DB1_Amazon.txt	5842	tk-no-pdub	0.00017117425539198904	50	12	25	(3,1,2,4)	119.043624930837	d0c15569482c9c684202e60d14a40deabe2a88da1601241cbc466ec68c5a6abd
DB1_Amazon.txt	5842	tk-no-pdub	0.00017117425539198904	50	12	26	(2,4,3,1)	117.053609802855	d0c15569482c9c684202e60d14a40deabe2a88da1601241cbc466ec68c5a6abd
DB1_Amazon.txt	5842	tk-no-pdub	0.00017117425539198904	50	12	27	(3,2,1,4)	112.538610517823	d0c15569482c9c684202e60d14a40deabe2a88da1601241cbc466ec68c5a6abd
DB1_Amazon.txt	5842	tk-no-pdub	0.00017117425539198904	50	12	28	(5,4,3,1,2)	111.811234617123	d0c15569482c9c684202e60d14a40deabe2a88da1601241cbc466ec68c5a6abd
DB1_Amazon.txt	5842	tk-no-pdub	0.00017117425539198904	50	12	29	(2,1,4,3)	100.598712681167	d0c15569482c9c684202e60d14a40deabe2a88da1601241cbc466ec68c5a6abd
DB1_Amazon.txt	5842	tk-no-pdub	0.00017117425539198904	50	12	30	(4,1,2,3)	95.014969245542	d0c15569482c9c684202e60d14a40deabe2a88da1601241cbc466ec68c5a6abd
DB1_Amazon.txt	5842	tk-no-pdub	0.00017117425539198904	50	12	31	(4,5,3,2,1)	93.637461000293	d0c15569482c9c684202e60d14a40deabe2a88da1601241cbc466ec68c5a6abd
DB1_Amazon.txt	5842	tk-no-pdub	0.00017117425539198904	50	12	32	(3,4,1,2)	92.124552367552	d0c15569482c9c684202e60d14a40deabe2a88da1601241cbc466ec68c5a6abd
DB1_Amazon.txt	5842	tk-no-pdub	0.00017117425539198904	50	12	33	(1,3,2,4,5)	82.156399776349	d0c15569482c9c684202e60d14a40deabe2a88da1601241cbc466ec68c5a6abd
DB1_Amazon.txt	5842	tk-no-pdub	0.00017117425539198904	50	12	34	(1,4,2,3)	80.418724653370	d0c15569482c9c684202e60d14a40deabe2a88da1601241cbc466ec68c5a6abd
DB1_Amazon.txt	5842	tk-no-pdub	0.00017117425539198904	50	12	35	(1,2,4,3,5)	79.921926729636	d0c15569482c9c684202e60d14a40deabe2a88da1601241cbc466ec68c5a6abd
DB1_Amazon.txt	5842	tk-no-pdub	0.00017117425539198904	50	12	36	(2,3,4,1)	77.011325535157	d0c15569482c9c684202e60d14a40deabe2a88da1601241cbc466ec68c5a6abd
DB1_Amazon.txt	5842	tk-no-pdub	0.00017117425539198904	50	12	37	(2,3,1,4)	76.896233385564	d0c15569482c9c684202e60d14a40deabe2a88da1601241cbc466ec68c5a6abd
DB1_Amazon.txt	5842	tk-no-pdub	0.00017117425539198904	50	12	38	(4,1,3,2)	74.593658991786	d0c15569482c9c684202e60d14a40deabe2a88da1601241cbc466ec68c5a6abd
DB1_Amazon.txt	5842	tk-no-pdub	0.00017117425539198904	50	12	39	(1,2,3,4,5,6,7)	71.581087343147	d0c15569482c9c684202e60d14a40deabe2a88da1601241cbc466ec68c5a6abd
DB1_Amazon.txt	5842	tk-no-pdub	0.00017117425539198904	50	12	40	(5,3,4,2,1)	70.723388183712	d0c15569482c9c684202e60d14a40deabe2a88da1601241cbc466ec68c5a6abd
DB1_Amazon.txt	5842	tk-no-pdub	0.00017117425539198904	50	12	41	(1,2,3,4,6,5)	70.619730343313	d0c15569482c9c684202e60d14a40deabe2a88da1601241cbc466ec68c5a6abd
DB1_Amazon.txt	5842	tk-no-pdub	0.00017117425539198904	50	12	42	(1,2,4,5,3)	70.079674228697	d0c15569482c9c684202e60d14a40deabe2a88da1601241cbc466ec68c5a6abd
DB1_Amazon.txt	5842	tk-no-pdub	0.00017117425539198904	50	12	43	(2,1,3,4,5,6)	69.728654547490	d0c15569482c9c684202e60d14a40deabe2a88da1601241cbc466ec68c5a6abd
DB1_Amazon.txt	5842	tk-no-pdub	0.00017117425539198904	50	12	44	(3,2,4,1)	68.756395531467	d0c15569482c9c684202e60d14a40deabe2a88da1601241cbc466ec68c5a6abd
DB1_Amazon.txt	5842	tk-no-pdub	0.00017117425539198904	50	12	45	(1,2,5,4,3)	67.767376411794	d0c15569482c9c684202e60d14a40deabe2a88da1601241cbc466ec68c5a6abd
DB1_Amazon.txt	5842	tk-no-pdub	0.00017117425539198904	50	12	46	(2,1,3,5,4)	65.695636767345	d0c15569482c9c684202e60d14a40deabe2a88da1601241cbc466ec68c5a6abd
DB1_Amazon.txt	5842	tk-no-pdub	0.00017117425539198904	50	12	47	(5,4,2,3,1)	64.635968641070	d0c15569482c9c684202e60d14a40deabe2a88da1601241cbc466ec68c5a6abd
DB1_Amazon.txt	5842	tk-no-pdub	0.00017117425539198904	50	12	48	(6,5,4,3,2,1)	62.787097470578	d0c15569482c9c684202e60d14a40deabe2a88da1601241cbc466ec68c5a6abd
DB1_Amazon.txt	5842	tk-no-pdub	0.00017117425539198904	50	12	49	(3,1,2,4,5)	61.937620526958	d0c15569482c9c684202e60d14a40deabe2a88da1601241cbc466ec68c5a6abd
DB1_Amazon.txt	5842	tk-no-pdub	0.00017117425539198904	50	12	50	(3,1,4,2)	59.510751203965	d0c15569482c9c684202e60d14a40deabe2a88da1601241cbc466ec68c5a6abd
DB1_Amazon.txt	5842	tk-no-dub	0.00017117425539198904	50	12	1	(1,2)	1906.158054782355	d0c15569482c9c684202e60d14a40deabe2a88da1601241cbc466ec68c5a6abd
DB1_Amazon.txt	5842	tk-no-dub	0.00017117425539198904	50	12	2	(2,1)	1769.378383075387	d0c15569482c9c684202e60d14a40deabe2a88da1601241cbc466ec68c5a6abd
DB1_Amazon.txt	5842	tk-no-dub	0.00017117425539198904	50	12	3	(1,2,3)	975.953759479989	d0c15569482c9c684202e60d14a40deabe2a88da1601241cbc466ec68c5a6abd
DB1_Amazon.txt	5842	tk-no-dub	0.00017117425539198904	50	12	4	(3,2,1)	839.752825483738	d0c15569482c9c684202e60d14a40deabe2a88da1601241cbc466ec68c5a6abd
DB1_Amazon.txt	5842	tk-no-dub	0.00017117425539198904	50	12	5	(1,2,3,4)	508.502194299001	d0c15569482c9c684202e60d14a40deabe2a88da1601241cbc466ec68c5a6abd
DB1_Amazon.txt	5842	tk-no-dub	0.00017117425539198904	50	12	6	(1,3,2)	488.273808902757	d0c15569482c9c684202e60d14a40deabe2a88da1601241cbc466ec68c5a6abd
DB1_Amazon.txt	5842	tk-no-dub	0.00017117425539198904	50	12	7	(2,1,3)	476.533845528597	d0c15569482c9c684202e60d14a40deabe2a88da1601241cbc466ec68c5a6abd
DB1_Amazon.txt	5842	tk-no-dub	0.00017117425539198904	50	12	8	(3,1,2)	441.144059965636	d0c15569482c9c684202e60d14a40deabe2a88da1601241cbc466ec68c5a6abd
DB1_Amazon.txt	5842	tk-no-dub	0.00017117425539198904	50	12	9	(2,3,1)	427.018003187627	d0c15569482c9c684202e60d14a40deabe2a88da1601241cbc466ec68c5a6abd
DB1_Amazon.txt	5842	tk-no-dub	0.00017117425539198904	50	12	10	(4,3,2,1)	379.048079437987	d0c15569482c9c684202e60d14a40deabe2a88da1601241cbc466ec68c5a6abd
DB1_Amazon.txt	5842	tk-no-dub	0.00017117425539198904	50	12	11	(1,2,3,4,5)	262.032305436226	d0c15569482c9c684202e60d14a40deabe2a88da1601241cbc466ec68c5a6abd
DB1_Amazon.txt	5842	tk-no-dub	0.00017117425539198904	50	12	12	(1,2,4,3)	249.901328396760	d0c15569482c9c684202e60d14a40deabe2a88da1601241cbc466ec68c5a6abd
DB1_Amazon.txt	5842	tk-no-dub	0.00017117425539198904	50	12	13	(2,1,3,4)	243.897263470205	d0c15569482c9c684202e60d14a40deabe2a88da1601241cbc466ec68c5a6abd
DB1_Amazon.txt	5842	tk-no-dub	0.00017117425539198904	50	12	14	(4,3,1,2)	216.070357210407	d0c15569482c9c684202e60d14a40deabe2a88da1601241cbc466ec68c5a6abd
DB1_Amazon.txt	5842	tk-no-dub	0.00017117425539198904	50	12	15	(3,4,2,1)	205.647911729867	d0c15569482c9c684202e60d14a40deabe2a88da1601241cbc466ec68c5a6abd
DB1_Amazon.txt	5842	tk-no-dub	0.00017117425539198904	50	12	16	(1,3,2,4)	158.235493400641	d0c15569482c9c684202e60d14a40deabe2a88da1601241cbc466ec68c5a6abd
DB1_Amazon.txt	5842	tk-no-dub	0.00017117425539198904	50	12	17	(5,4,3,2,1)	155.717767349658	d0c15569482c9c684202e60d14a40deabe2a88da1601241cbc466ec68c5a6abd
DB1_Amazon.txt	5842	tk-no-dub	0.00017117425539198904	50	12	18	(4,2,3,1)	145.512744500285	d0c15569482c9c684202e60d14a40deabe2a88da1601241cbc466ec68c5a6abd
DB1_Amazon.txt	5842	tk-no-dub	0.00017117425539198904	50	12	19	(1,2,3,4,5,6)	136.561157861861	d0c15569482c9c684202e60d14a40deabe2a88da1601241cbc466ec68c5a6abd
DB1_Amazon.txt	5842	tk-no-dub	0.00017117425539198904	50	12	20	(1,3,4,2)	131.185223299476	d0c15569482c9c684202e60d14a40deabe2a88da1601241cbc466ec68c5a6abd
DB1_Amazon.txt	5842	tk-no-dub	0.00017117425539198904	50	12	21	(2,1,3,4,5)	130.573266436350	d0c15569482c9c684202e60d14a40deabe2a88da1601241cbc466ec68c5a6abd
DB1_Amazon.txt	5842	tk-no-dub	0.00017117425539198904	50	12	22	(1,2,3,5,4)	130.469361482924	d0c15569482c9c684202e60d14a40deabe2a88da1601241cbc466ec68c5a6abd
DB1_Amazon.txt	5842	tk-no-dub	0.00017117425539198904	50	12	23	(1,4,3,2)	129.634124457838	d0c15569482c9c684202e60d14a40deabe2a88da1601241cbc466ec68c5a6abd
DB1_Amazon.txt	5842	tk-no-dub	0.00017117425539198904	50	12	24	(4,2,1,3)	124.743685273175	d0c15569482c9c684202e60d14a40deabe2a88da1601241cbc466ec68c5a6abd
DB1_Amazon.txt	5842	tk-no-dub	0.00017117425539198904	50	12	25	(3,1,2,4)	119.043624930837	d0c15569482c9c684202e60d14a40deabe2a88da1601241cbc466ec68c5a6abd
DB1_Amazon.txt	5842	tk-no-dub	0.00017117425539198904	50	12	26	(2,4,3,1)	117.053609802855	d0c15569482c9c684202e60d14a40deabe2a88da1601241cbc466ec68c5a6abd
DB1_Amazon.txt	5842	tk-no-dub	0.00017117425539198904	50	12	27	(3,2,1,4)	112.538610517823	d0c15569482c9c684202e60d14a40deabe2a88da1601241cbc466ec68c5a6abd
DB1_Amazon.txt	5842	tk-no-dub	0.00017117425539198904	50	12	28	(5,4,3,1,2)	111.811234617123	d0c15569482c9c684202e60d14a40deabe2a88da1601241cbc466ec68c5a6abd
DB1_Amazon.txt	5842	tk-no-dub	0.00017117425539198904	50	12	29	(2,1,4,3)	100.598712681167	d0c15569482c9c684202e60d14a40deabe2a88da1601241cbc466ec68c5a6abd
DB1_Amazon.txt	5842	tk-no-dub	0.00017117425539198904	50	12	30	(4,1,2,3)	95.014969245542	d0c15569482c9c684202e60d14a40deabe2a88da1601241cbc466ec68c5a6abd
DB1_Amazon.txt	5842	tk-no-dub	0.00017117425539198904	50	12	31	(4,5,3,2,1)	93.637461000293	d0c15569482c9c684202e60d14a40deabe2a88da1601241cbc466ec68c5a6abd
DB1_Amazon.txt	5842	tk-no-dub	0.00017117425539198904	50	12	32	(3,4,1,2)	92.124552367552	d0c15569482c9c684202e60d14a40deabe2a88da1601241cbc466ec68c5a6abd
DB1_Amazon.txt	5842	tk-no-dub	0.00017117425539198904	50	12	33	(1,3,2,4,5)	82.156399776349	d0c15569482c9c684202e60d14a40deabe2a88da1601241cbc466ec68c5a6abd
DB1_Amazon.txt	5842	tk-no-dub	0.00017117425539198904	50	12	34	(1,4,2,3)	80.418724653370	d0c15569482c9c684202e60d14a40deabe2a88da1601241cbc466ec68c5a6abd
DB1_Amazon.txt	5842	tk-no-dub	0.00017117425539198904	50	12	35	(1,2,4,3,5)	79.921926729636	d0c15569482c9c684202e60d14a40deabe2a88da1601241cbc466ec68c5a6abd
DB1_Amazon.txt	5842	tk-no-dub	0.00017117425539198904	50	12	36	(2,3,4,1)	77.011325535157	d0c15569482c9c684202e60d14a40deabe2a88da1601241cbc466ec68c5a6abd
DB1_Amazon.txt	5842	tk-no-dub	0.00017117425539198904	50	12	37	(2,3,1,4)	76.896233385564	d0c15569482c9c684202e60d14a40deabe2a88da1601241cbc466ec68c5a6abd
DB1_Amazon.txt	5842	tk-no-dub	0.00017117425539198904	50	12	38	(4,1,3,2)	74.593658991786	d0c15569482c9c684202e60d14a40deabe2a88da1601241cbc466ec68c5a6abd
DB1_Amazon.txt	5842	tk-no-dub	0.00017117425539198904	50	12	39	(1,2,3,4,5,6,7)	71.581087343147	d0c15569482c9c684202e60d14a40deabe2a88da1601241cbc466ec68c5a6abd
DB1_Amazon.txt	5842	tk-no-dub	0.00017117425539198904	50	12	40	(5,3,4,2,1)	70.723388183712	d0c15569482c9c684202e60d14a40deabe2a88da1601241cbc466ec68c5a6abd
DB1_Amazon.txt	5842	tk-no-dub	0.00017117425539198904	50	12	41	(1,2,3,4,6,5)	70.619730343313	d0c15569482c9c684202e60d14a40deabe2a88da1601241cbc466ec68c5a6abd
DB1_Amazon.txt	5842	tk-no-dub	0.00017117425539198904	50	12	42	(1,2,4,5,3)	70.079674228697	d0c15569482c9c684202e60d14a40deabe2a88da1601241cbc466ec68c5a6abd
DB1_Amazon.txt	5842	tk-no-dub	0.00017117425539198904	50	12	43	(2,1,3,4,5,6)	69.728654547490	d0c15569482c9c684202e60d14a40deabe2a88da1601241cbc466ec68c5a6abd
DB1_Amazon.txt	5842	tk-no-dub	0.00017117425539198904	50	12	44	(3,2,4,1)	68.756395531467	d0c15569482c9c684202e60d14a40deabe2a88da1601241cbc466ec68c5a6abd
DB1_Amazon.txt	5842	tk-no-dub	0.00017117425539198904	50	12	45	(1,2,5,4,3)	67.767376411794	d0c15569482c9c684202e60d14a40deabe2a88da1601241cbc466ec68c5a6abd
DB1_Amazon.txt	5842	tk-no-dub	0.00017117425539198904	50	12	46	(2,1,3,5,4)	65.695636767345	d0c15569482c9c684202e60d14a40deabe2a88da1601241cbc466ec68c5a6abd
DB1_Amazon.txt	5842	tk-no-dub	0.00017117425539198904	50	12	47	(5,4,2,3,1)	64.635968641070	d0c15569482c9c684202e60d14a40deabe2a88da1601241cbc466ec68c5a6abd
DB1_Amazon.txt	5842	tk-no-dub	0.00017117425539198904	50	12	48	(6,5,4,3,2,1)	62.787097470578	d0c15569482c9c684202e60d14a40deabe2a88da1601241cbc466ec68c5a6abd
DB1_Amazon.txt	5842	tk-no-dub	0.00017117425539198904	50	12	49	(3,1,2,4,5)	61.937620526958	d0c15569482c9c684202e60d14a40deabe2a88da1601241cbc466ec68c5a6abd
DB1_Amazon.txt	5842	tk-no-dub	0.00017117425539198904	50	12	50	(3,1,4,2)	59.510751203965	d0c15569482c9c684202e60d14a40deabe2a88da1601241cbc466ec68c5a6abd
DB1_Amazon.txt	5842	tk	0.00017117425539198904	50	12	1	(1,2)	1906.158054782355	d0c15569482c9c684202e60d14a40deabe2a88da1601241cbc466ec68c5a6abd
DB1_Amazon.txt	5842	tk	0.00017117425539198904	50	12	2	(2,1)	1769.378383075387	d0c15569482c9c684202e60d14a40deabe2a88da1601241cbc466ec68c5a6abd
DB1_Amazon.txt	5842	tk	0.00017117425539198904	50	12	3	(1,2,3)	975.953759479989	d0c15569482c9c684202e60d14a40deabe2a88da1601241cbc466ec68c5a6abd
DB1_Amazon.txt	5842	tk	0.00017117425539198904	50	12	4	(3,2,1)	839.752825483738	d0c15569482c9c684202e60d14a40deabe2a88da1601241cbc466ec68c5a6abd
DB1_Amazon.txt	5842	tk	0.00017117425539198904	50	12	5	(1,2,3,4)	508.502194299001	d0c15569482c9c684202e60d14a40deabe2a88da1601241cbc466ec68c5a6abd
DB1_Amazon.txt	5842	tk	0.00017117425539198904	50	12	6	(1,3,2)	488.273808902757	d0c15569482c9c684202e60d14a40deabe2a88da1601241cbc466ec68c5a6abd
DB1_Amazon.txt	5842	tk	0.00017117425539198904	50	12	7	(2,1,3)	476.533845528597	d0c15569482c9c684202e60d14a40deabe2a88da1601241cbc466ec68c5a6abd
DB1_Amazon.txt	5842	tk	0.00017117425539198904	50	12	8	(3,1,2)	441.144059965636	d0c15569482c9c684202e60d14a40deabe2a88da1601241cbc466ec68c5a6abd
DB1_Amazon.txt	5842	tk	0.00017117425539198904	50	12	9	(2,3,1)	427.018003187627	d0c15569482c9c684202e60d14a40deabe2a88da1601241cbc466ec68c5a6abd
DB1_Amazon.txt	5842	tk	0.00017117425539198904	50	12	10	(4,3,2,1)	379.048079437987	d0c15569482c9c684202e60d14a40deabe2a88da1601241cbc466ec68c5a6abd
DB1_Amazon.txt	5842	tk	0.00017117425539198904	50	12	11	(1,2,3,4,5)	262.032305436226	d0c15569482c9c684202e60d14a40deabe2a88da1601241cbc466ec68c5a6abd
DB1_Amazon.txt	5842	tk	0.00017117425539198904	50	12	12	(1,2,4,3)	249.901328396760	d0c15569482c9c684202e60d14a40deabe2a88da1601241cbc466ec68c5a6abd
DB1_Amazon.txt	5842	tk	0.00017117425539198904	50	12	13	(2,1,3,4)	243.897263470205	d0c15569482c9c684202e60d14a40deabe2a88da1601241cbc466ec68c5a6abd
DB1_Amazon.txt	5842	tk	0.00017117425539198904	50	12	14	(4,3,1,2)	216.070357210407	d0c15569482c9c684202e60d14a40deabe2a88da1601241cbc466ec68c5a6abd
DB1_Amazon.txt	5842	tk	0.00017117425539198904	50	12	15	(3,4,2,1)	205.647911729867	d0c15569482c9c684202e60d14a40deabe2a88da1601241cbc466ec68c5a6abd
DB1_Amazon.txt	5842	tk	0.00017117425539198904	50	12	16	(1,3,2,4)	158.235493400641	d0c15569482c9c684202e60d14a40deabe2a88da1601241cbc466ec68c5a6abd
DB1_Amazon.txt	5842	tk	0.00017117425539198904	50	12	17	(5,4,3,2,1)	155.717767349658	d0c15569482c9c684202e60d14a40deabe2a88da1601241cbc466ec68c5a6abd
DB1_Amazon.txt	5842	tk	0.00017117425539198904	50	12	18	(4,2,3,1)	145.512744500285	d0c15569482c9c684202e60d14a40deabe2a88da1601241cbc466ec68c5a6abd
DB1_Amazon.txt	5842	tk	0.00017117425539198904	50	12	19	(1,2,3,4,5,6)	136.561157861861	d0c15569482c9c684202e60d14a40deabe2a88da1601241cbc466ec68c5a6abd
DB1_Amazon.txt	5842	tk	0.00017117425539198904	50	12	20	(1,3,4,2)	131.185223299476	d0c15569482c9c684202e60d14a40deabe2a88da1601241cbc466ec68c5a6abd
DB1_Amazon.txt	5842	tk	0.00017117425539198904	50	12	21	(2,1,3,4,5)	130.573266436350	d0c15569482c9c684202e60d14a40deabe2a88da1601241cbc466ec68c5a6abd
DB1_Amazon.txt	5842	tk	0.00017117425539198904	50	12	22	(1,2,3,5,4)	130.469361482924	d0c15569482c9c684202e60d14a40deabe2a88da1601241cbc466ec68c5a6abd
DB1_Amazon.txt	5842	tk	0.00017117425539198904	50	12	23	(1,4,3,2)	129.634124457838	d0c15569482c9c684202e60d14a40deabe2a88da1601241cbc466ec68c5a6abd
DB1_Amazon.txt	5842	tk	0.00017117425539198904	50	12	24	(4,2,1,3)	124.743685273175	d0c15569482c9c684202e60d14a40deabe2a88da1601241cbc466ec68c5a6abd
DB1_Amazon.txt	5842	tk	0.00017117425539198904	50	12	25	(3,1,2,4)	119.043624930837	d0c15569482c9c684202e60d14a40deabe2a88da1601241cbc466ec68c5a6abd
DB1_Amazon.txt	5842	tk	0.00017117425539198904	50	12	26	(2,4,3,1)	117.053609802855	d0c15569482c9c684202e60d14a40deabe2a88da1601241cbc466ec68c5a6abd
DB1_Amazon.txt	5842	tk	0.00017117425539198904	50	12	27	(3,2,1,4)	112.538610517823	d0c15569482c9c684202e60d14a40deabe2a88da1601241cbc466ec68c5a6abd
DB1_Amazon.txt	5842	tk	0.00017117425539198904	50	12	28	(5,4,3,1,2)	111.811234617123	d0c15569482c9c684202e60d14a40deabe2a88da1601241cbc466ec68c5a6abd
DB1_Amazon.txt	5842	tk	0.00017117425539198904	50	12	29	(2,1,4,3)	100.598712681167	d0c15569482c9c684202e60d14a40deabe2a88da1601241cbc466ec68c5a6abd
DB1_Amazon.txt	5842	tk	0.00017117425539198904	50	12	30	(4,1,2,3)	95.014969245542	d0c15569482c9c684202e60d14a40deabe2a88da1601241cbc466ec68c5a6abd
DB1_Amazon.txt	5842	tk	0.00017117425539198904	50	12	31	(4,5,3,2,1)	93.637461000293	d0c15569482c9c684202e60d14a40deabe2a88da1601241cbc466ec68c5a6abd
DB1_Amazon.txt	5842	tk	0.00017117425539198904	50	12	32	(3,4,1,2)	92.124552367552	d0c15569482c9c684202e60d14a40deabe2a88da1601241cbc466ec68c5a6abd
DB1_Amazon.txt	5842	tk	0.00017117425539198904	50	12	33	(1,3,2,4,5)	82.156399776349	d0c15569482c9c684202e60d14a40deabe2a88da1601241cbc466ec68c5a6abd
DB1_Amazon.txt	5842	tk	0.00017117425539198904	50	12	34	(1,4,2,3)	80.418724653370	d0c15569482c9c684202e60d14a40deabe2a88da1601241cbc466ec68c5a6abd
DB1_Amazon.txt	5842	tk	0.00017117425539198904	50	12	35	(1,2,4,3,5)	79.921926729636	d0c15569482c9c684202e60d14a40deabe2a88da1601241cbc466ec68c5a6abd
DB1_Amazon.txt	5842	tk	0.00017117425539198904	50	12	36	(2,3,4,1)	77.011325535157	d0c15569482c9c684202e60d14a40deabe2a88da1601241cbc466ec68c5a6abd
DB1_Amazon.txt	5842	tk	0.00017117425539198904	50	12	37	(2,3,1,4)	76.896233385564	d0c15569482c9c684202e60d14a40deabe2a88da1601241cbc466ec68c5a6abd
DB1_Amazon.txt	5842	tk	0.00017117425539198904	50	12	38	(4,1,3,2)	74.593658991786	d0c15569482c9c684202e60d14a40deabe2a88da1601241cbc466ec68c5a6abd
DB1_Amazon.txt	5842	tk	0.00017117425539198904	50	12	39	(1,2,3,4,5,6,7)	71.581087343147	d0c15569482c9c684202e60d14a40deabe2a88da1601241cbc466ec68c5a6abd
DB1_Amazon.txt	5842	tk	0.00017117425539198904	50	12	40	(5,3,4,2,1)	70.723388183712	d0c15569482c9c684202e60d14a40deabe2a88da1601241cbc466ec68c5a6abd
DB1_Amazon.txt	5842	tk	0.00017117425539198904	50	12	41	(1,2,3,4,6,5)	70.619730343313	d0c15569482c9c684202e60d14a40deabe2a88da1601241cbc466ec68c5a6abd
DB1_Amazon.txt	5842	tk	0.00017117425539198904	50	12	42	(1,2,4,5,3)	70.079674228697	d0c15569482c9c684202e60d14a40deabe2a88da1601241cbc466ec68c5a6abd
DB1_Amazon.txt	5842	tk	0.00017117425539198904	50	12	43	(2,1,3,4,5,6)	69.728654547490	d0c15569482c9c684202e60d14a40deabe2a88da1601241cbc466ec68c5a6abd
DB1_Amazon.txt	5842	tk	0.00017117425539198904	50	12	44	(3,2,4,1)	68.756395531467	d0c15569482c9c684202e60d14a40deabe2a88da1601241cbc466ec68c5a6abd
DB1_Amazon.txt	5842	tk	0.00017117425539198904	50	12	45	(1,2,5,4,3)	67.767376411794	d0c15569482c9c684202e60d14a40deabe2a88da1601241cbc466ec68c5a6abd
DB1_Amazon.txt	5842	tk	0.00017117425539198904	50	12	46	(2,1,3,5,4)	65.695636767345	d0c15569482c9c684202e60d14a40deabe2a88da1601241cbc466ec68c5a6abd
DB1_Amazon.txt	5842	tk	0.00017117425539198904	50	12	47	(5,4,2,3,1)	64.635968641070	d0c15569482c9c684202e60d14a40deabe2a88da1601241cbc466ec68c5a6abd
DB1_Amazon.txt	5842	tk	0.00017117425539198904	50	12	48	(6,5,4,3,2,1)	62.787097470578	d0c15569482c9c684202e60d14a40deabe2a88da1601241cbc466ec68c5a6abd
DB1_Amazon.txt	5842	tk	0.00017117425539198904	50	12	49	(3,1,2,4,5)	61.937620526958	d0c15569482c9c684202e60d14a40deabe2a88da1601241cbc466ec68c5a6abd
DB1_Amazon.txt	5842	tk	0.00017117425539198904	50	12	50	(3,1,4,2)	59.510751203965	d0c15569482c9c684202e60d14a40deabe2a88da1601241cbc466ec68c5a6abd
DB2_Russell2000.txt	8141	hjtopk	0.00012283503255128362	50	12	1	(1,2)	2801.178680657931	64bbdea32c4e27c3d3dcf3eed6818e9934927f5ff9f4594c0bac38c3badc326f
DB2_Russell2000.txt	8141	hjtopk	0.00012283503255128362	50	12	2	(2,1)	2338.412004393103	64bbdea32c4e27c3d3dcf3eed6818e9934927f5ff9f4594c0bac38c3badc326f
DB2_Russell2000.txt	8141	hjtopk	0.00012283503255128362	50	12	3	(1,2,3)	1570.996289636079	64bbdea32c4e27c3d3dcf3eed6818e9934927f5ff9f4594c0bac38c3badc326f
DB2_Russell2000.txt	8141	hjtopk	0.00012283503255128362	50	12	4	(3,2,1)	1109.653403810403	64bbdea32c4e27c3d3dcf3eed6818e9934927f5ff9f4594c0bac38c3badc326f
DB2_Russell2000.txt	8141	hjtopk	0.00012283503255128362	50	12	5	(1,2,3,4)	893.901954911324	64bbdea32c4e27c3d3dcf3eed6818e9934927f5ff9f4594c0bac38c3badc326f
DB2_Russell2000.txt	8141	hjtopk	0.00012283503255128362	50	12	6	(2,1,3)	650.115843710986	64bbdea32c4e27c3d3dcf3eed6818e9934927f5ff9f4594c0bac38c3badc326f
DB2_Russell2000.txt	8141	hjtopk	0.00012283503255128362	50	12	7	(1,3,2)	647.074197656730	64bbdea32c4e27c3d3dcf3eed6818e9934927f5ff9f4594c0bac38c3badc326f
DB2_Russell2000.txt	8141	hjtopk	0.00012283503255128362	50	12	8	(2,3,1)	577.098617134974	64bbdea32c4e27c3d3dcf3eed6818e9934927f5ff9f4594c0bac38c3badc326f
DB2_Russell2000.txt	8141	hjtopk	0.00012283503255128362	50	12	9	(3,1,2)	572.854631562928	64bbdea32c4e27c3d3dcf3eed6818e9934927f5ff9f4594c0bac38c3badc326f
DB2_Russell2000.txt	8141	hjtopk	0.00012283503255128362	50	12	10	(1,2,3,4,5)	523.803281975852	64bbdea32c4e27c3d3dcf3eed6818e9934927f5ff9f4594c0bac38c3badc326f
DB2_Russell2000.txt	8141	hjtopk	0.00012283503255128362	50	12	11	(4,3,2,1)	516.133854366094	64bbdea32c4e27c3d3dcf3eed6818e9934927f5ff9f4594c0bac38c3badc326f
DB2_Russell2000.txt	8141	hjtopk	0.00012283503255128362	50	12	12	(1,2,4,3)	369.238806404374	64bbdea32c4e27c3d3dcf3eed6818e9934927f5ff9f4594c0bac38c3badc326f
DB2_Russell2000.txt	8141	hjtopk	0.00012283503255128362	50	12	13	(2,1,3,4)	356.830376034509	64bbdea32c4e27c3d3dcf3eed6818e9934927f5ff9f4594c0bac38c3badc326f
DB2_Russell2000.txt	8141	hjtopk	0.00012283503255128362	50	12	14	(1,2,3,4,5,6)	311.209044334802	64bbdea32c4e27c3d3dcf3eed6818e9934927f5ff9f4594c0bac38c3badc326f
DB2_Russell2000.txt	8141	hjtopk	0.00012283503255128362	50	12	15	(4,3,1,2)	291.072338049177	64bbdea32c4e27c3d3dcf3eed6818e9934927f5ff9f4594c0bac38c3badc326f
DB2_Russell2000.txt	8141	hjtopk	0.00012283503255128362	50	12	16	(3,4,2,1)	281.878138024682	64bbdea32c4e27c3d3dcf3eed6818e9934927f5ff9f4594c0bac38c3badc326f
DB2_Russell2000.txt	8141	hjtopk	0.00012283503255128362	50	12	17	(1,3,2,4)	244.827442689771	64bbdea32c4e27c3d3dcf3eed6818e9934927f5ff9f4594c0bac38c3badc326f
DB2_Russell2000.txt	8141	hjtopk	0.00012283503255128362	50	12	18	(5,4,3,2,1)	234.122118701079	64bbdea32c4e27c3d3dcf3eed6818e9934927f5ff9f4594c0bac38c3badc326f
DB2_Russell2000.txt	8141	hjtopk	0.00012283503255128362	50	12	19	(1,2,3,5,4)	200.242330632276	64bbdea32c4e27c3d3dcf3eed6818e9934927f5ff9f4594c0bac38c3badc326f
DB2_Russell2000.txt	8141	hjtopk	0.00012283503255128362	50	12	20	(3,1,2,4)	193.717798799600	64bbdea32c4e27c3d3dcf3eed6818e9934927f5ff9f4594c0bac38c3badc326f
DB2_Russell2000.txt	8141	hjtopk	0.00012283503255128362	50	12	21	(2,1,3,4,5)	190.173894673710	64bbdea32c4e27c3d3dcf3eed6818e9934927f5ff9f4594c0bac38c3badc326f
DB2_Russell2000.txt	8141	hjtopk	0.00012283503255128362	50	12	22	(1,2,3,4,5,6,7)	186.863385761806	64bbdea32c4e27c3d3dcf3eed6818e9934927f5ff9f4594c0bac38c3badc326f
DB2_Russell2000.txt	8141	hjtopk	0.00012283503255128362	50	12	23	(2,4,3,1)	179.122043085487	64bbdea32c4e27c3d3dcf3eed6818e9934927f5ff9f4594c0bac38c3badc326f
DB2_Russell2000.txt	8141	hjtopk	0.00012283503255128362	50	12	24	(1,3,4,2)	170.503561171398	64bbdea32c4e27c3d3dcf3eed6818e9934927f5ff9f4594c0bac38c3badc326f
DB2_Russell2000.txt	8141	hjtopk	0.00012283503255128362	50	12	25	(4,2,1,3)	169.669700196793	64bbdea32c4e27c3d3dcf3eed6818e9934927f5ff9f4594c0bac38c3badc326f
DB2_Russell2000.txt	8141	hjtopk	0.00012283503255128362	50	12	26	(4,2,3,1)	165.750820644495	64bbdea32c4e27c3d3dcf3eed6818e9934927f5ff9f4594c0bac38c3badc326f
DB2_Russell2000.txt	8141	hjtopk	0.00012283503255128362	50	12	27	(5,4,3,1,2)	144.446476579436	64bbdea32c4e27c3d3dcf3eed6818e9934927f5ff9f4594c0bac38c3badc326f
DB2_Russell2000.txt	8141	hjtopk	0.00012283503255128362	50	12	28	(4,5,3,2,1)	140.891599336300	64bbdea32c4e27c3d3dcf3eed6818e9934927f5ff9f4594c0bac38c3badc326f
DB2_Russell2000.txt	8141	hjtopk	0.00012283503255128362	50	12	29	(1,2,4,3,5)	140.604299409378	64bbdea32c4e27c3d3dcf3eed6818e9934927f5ff9f4594c0bac38c3badc326f
DB2_Russell2000.txt	8141	hjtopk	0.00012283503255128362	50	12	30	(1,3,2,4,5)	134.991715461787	64bbdea32c4e27c3d3dcf3eed6818e9934927f5ff9f4594c0bac38c3badc326f
DB2_Russell2000.txt	8141	hjtopk	0.00012283503255128362	50	12	31	(2,3,4,1)	133.927033818806	64bbdea32c4e27c3d3dcf3eed6818e9934927f5ff9f4594c0bac38c3badc326f
DB2_Russell2000.txt	8141	hjtopk	0.00012283503255128362	50	12	32	(1,4,3,2)	130.715995620506	64bbdea32c4e27c3d3dcf3eed6818e9934927f5ff9f4594c0bac38c3badc326f
DB2_Russell2000.txt	8141	hjtopk	0.00012283503255128362	50	12	33	(3,4,1,2)	129.400135874307	64bbdea32c4e27c3d3dcf3eed6818e9934927f5ff9f4594c0bac38c3badc326f
DB2_Russell2000.txt	8141	hjtopk	0.00012283503255128362	50	12	34	(3,2,1,4)	129.118271884304	64bbdea32c4e27c3d3dcf3eed6818e9934927f5ff9f4594c0bac38c3badc326f
DB2_Russell2000.txt	8141	hjtopk	0.00012283503255128362	50	12	35	(2,1,4,3)	127.326695701838	64bbdea32c4e27c3d3dcf3eed6818e9934927f5ff9f4594c0bac38c3badc326f
DB2_Russell2000.txt	8141	hjtopk	0.00012283503255128362	50	12	36	(4,1,2,3)	120.625826376698	64bbdea32c4e27c3d3dcf3eed6818e9934927f5ff9f4594c0bac38c3badc326f
DB2_Russell2000.txt	8141	hjtopk	0.00012283503255128362	50	12	37	(1,2,3,4,5,6,7,8)	114.806560034436	64bbdea32c4e27c3d3dcf3eed6818e9934927f5ff9f4594c0bac38c3badc326f
DB2_Russell2000.txt	8141	hjtopk	0.00012283503255128362	50	12	38	(6,5,4,3,2,1)	111.932946023264	64bbdea32c4e27c3d3dcf3eed6818e9934927f5ff9f4594c0bac38c3badc326f
DB2_Russell2000.txt	8141	hjtopk	0.00012283503255128362	50	12	39	(2,1,3,4,5,6)	106.969643772126	64bbdea32c4e27c3d3dcf3eed6818e9934927f5ff9f4594c0bac38c3badc326f
DB2_Russell2000.txt	8141	hjtopk	0.00012283503255128362	50	12	40	(3,1,2,4,5)	105.771312832961	64bbdea32c4e27c3d3dcf3eed6818e9934927f5ff9f4594c0bac38c3badc326f
DB2_Russell2000.txt	8141	hjtopk	0.00012283503255128362	50	12	41	(3,2,4,1)	105.684795465957	64bbdea32c4e27c3d3dcf3eed6818e9934927f5ff9f4594c0bac38c3badc326f
DB2_Russell2000.txt	8141	hjtopk	0.00012283503255128362	50	12	42	(1,2,3,4,6,5)	105.019728435421	64bbdea32c4e27c3d3dcf3eed6818e9934927f5ff9f4594c0bac38c3badc326f
DB2_Russell2000.txt	8141	hjtopk	0.00012283503255128362	50	12	43	(2,3,1,4)	103.272686259514	64bbdea32c4e27c3d3dcf3eed6818e9934927f5ff9f4594c0bac38c3badc326f
DB2_Russell2000.txt	8141	hjtopk	0.00012283503255128362	50	12	44	(2,1,3,5,4)	94.993066032493	64bbdea32c4e27c3d3dcf3eed6818e9934927f5ff9f4594c0bac38c3badc326f
DB2_Russell2000.txt	8141	hjtopk	0.00012283503255128362	50	12	45	(1,2,4,5,3)	90.921646660959	64bbdea32c4e27c3d3dcf3eed6818e9934927f5ff9f4594c0bac38c3badc326f
DB2_Russell2000.txt	8141	hjtopk	0.00012283503255128362	50	12	46	(1,4,2,3)	90.348521289039	64bbdea32c4e27c3d3dcf3eed6818e9934927f5ff9f4594c0bac38c3badc326f
DB2_Russell2000.txt	8141	hjtopk	0.00012283503255128362	50	12	47	(4,1,3,2)	89.413595501913	64bbdea32c4e27c3d3dcf3eed6818e9934927f5ff9f4594c0bac38c3badc326f
DB2_Russell2000.txt	8141	hjtopk	0.00012283503255128362	50	12	48	(5,4,2,3,1)	89.343052399123	64bbdea32c4e27c3d3dcf3eed6818e9934927f5ff9f4594c0bac38c3badc326f
DB2_Russell2000.txt	8141	hjtopk	0.00012283503255128362	50	12	49	(5,3,4,2,1)	88.203526174448	64bbdea32c4e27c3d3dcf3eed6818e9934927f5ff9f4594c0bac38c3badc326f
DB2_Russell2000.txt	8141	hjtopk	0.00012283503255128362	50	12	50	(1,2,3,5,4,6)	85.294729667947	64bbdea32c4e27c3d3dcf3eed6818e9934927f5ff9f4594c0bac38c3badc326f
DB2_Russell2000.txt	8141	tk-no-bounds	0.00012283503255128362	50	12	1	(1,2)	2801.178680657931	64bbdea32c4e27c3d3dcf3eed6818e9934927f5ff9f4594c0bac38c3badc326f
DB2_Russell2000.txt	8141	tk-no-bounds	0.00012283503255128362	50	12	2	(2,1)	2338.412004393103	64bbdea32c4e27c3d3dcf3eed6818e9934927f5ff9f4594c0bac38c3badc326f
DB2_Russell2000.txt	8141	tk-no-bounds	0.00012283503255128362	50	12	3	(1,2,3)	1570.996289636079	64bbdea32c4e27c3d3dcf3eed6818e9934927f5ff9f4594c0bac38c3badc326f
DB2_Russell2000.txt	8141	tk-no-bounds	0.00012283503255128362	50	12	4	(3,2,1)	1109.653403810403	64bbdea32c4e27c3d3dcf3eed6818e9934927f5ff9f4594c0bac38c3badc326f
DB2_Russell2000.txt	8141	tk-no-bounds	0.00012283503255128362	50	12	5	(1,2,3,4)	893.901954911324	64bbdea32c4e27c3d3dcf3eed6818e9934927f5ff9f4594c0bac38c3badc326f
DB2_Russell2000.txt	8141	tk-no-bounds	0.00012283503255128362	50	12	6	(2,1,3)	650.115843710986	64bbdea32c4e27c3d3dcf3eed6818e9934927f5ff9f4594c0bac38c3badc326f
DB2_Russell2000.txt	8141	tk-no-bounds	0.00012283503255128362	50	12	7	(1,3,2)	647.074197656730	64bbdea32c4e27c3d3dcf3eed6818e9934927f5ff9f4594c0bac38c3badc326f
DB2_Russell2000.txt	8141	tk-no-bounds	0.00012283503255128362	50	12	8	(2,3,1)	577.098617134974	64bbdea32c4e27c3d3dcf3eed6818e9934927f5ff9f4594c0bac38c3badc326f
DB2_Russell2000.txt	8141	tk-no-bounds	0.00012283503255128362	50	12	9	(3,1,2)	572.854631562928	64bbdea32c4e27c3d3dcf3eed6818e9934927f5ff9f4594c0bac38c3badc326f
DB2_Russell2000.txt	8141	tk-no-bounds	0.00012283503255128362	50	12	10	(1,2,3,4,5)	523.803281975852	64bbdea32c4e27c3d3dcf3eed6818e9934927f5ff9f4594c0bac38c3badc326f
DB2_Russell2000.txt	8141	tk-no-bounds	0.00012283503255128362	50	12	11	(4,3,2,1)	516.133854366094	64bbdea32c4e27c3d3dcf3eed6818e9934927f5ff9f4594c0bac38c3badc326f
DB2_Russell2000.txt	8141	tk-no-bounds	0.00012283503255128362	50	12	12	(1,2,4,3)	369.238806404374	64bbdea32c4e27c3d3dcf3eed6818e9934927f5ff9f4594c0bac38c3badc326f
DB2_Russell2000.txt	8141	tk-no-bounds	0.00012283503255128362	50	12	13	(2,1,3,4)	356.830376034509	64bbdea32c4e27c3d3dcf3eed6818e9934927f5ff9f4594c0bac38c3badc326f
DB2_Russell2000.txt	8141	tk-no-bounds	0.00012283503255128362	50	12	14	(1,2,3,4,5,6)	311.209044334802	64bbdea32c4e27c3d3dcf3eed6818e9934927f5ff9f4594c0bac38c3badc326f
DB2_Russell2000.txt	8141	tk-no-bounds	0.00012283503255128362	50	12	15	(4,3,1,2)	291.072338049177	64bbdea32c4e27c3d3dcf3eed6818e9934927f5ff9f4594c0bac38c3badc326f
DB2_Russell2000.txt	8141	tk-no-bounds	0.00012283503255128362	50	12	16	(3,4,2,1)	281.878138024682	64bbdea32c4e27c3d3dcf3eed6818e9934927f5ff9f4594c0bac38c3badc326f
DB2_Russell2000.txt	8141	tk-no-bounds	0.00012283503255128362	50	12	17	(1,3,2,4)	244.827442689771	64bbdea32c4e27c3d3dcf3eed6818e9934927f5ff9f4594c0bac38c3badc326f
DB2_Russell2000.txt	8141	tk-no-bounds	0.00012283503255128362	50	12	18	(5,4,3,2,1)	234.122118701079	64bbdea32c4e27c3d3dcf3eed6818e9934927f5ff9f4594c0bac38c3badc326f
DB2_Russell2000.txt	8141	tk-no-bounds	0.00012283503255128362	50	12	19	(1,2,3,5,4)	200.242330632276	64bbdea32c4e27c3d3dcf3eed6818e9934927f5ff9f4594c0bac38c3badc326f
DB2_Russell2000.txt	8141	tk-no-bounds	0.00012283503255128362	50	12	20	(3,1,2,4)	193.717798799600	64bbdea32c4e27c3d3dcf3eed6818e9934927f5ff9f4594c0bac38c3badc326f
DB2_Russell2000.txt	8141	tk-no-bounds	0.00012283503255128362	50	12	21	(2,1,3,4,5)	190.173894673710	64bbdea32c4e27c3d3dcf3eed6818e9934927f5ff9f4594c0bac38c3badc326f
DB2_Russell2000.txt	8141	tk-no-bounds	0.00012283503255128362	50	12	22	(1,2,3,4,5,6,7)	186.863385761806	64bbdea32c4e27c3d3dcf3eed6818e9934927f5ff9f4594c0bac38c3badc326f
DB2_Russell2000.txt	8141	tk-no-bounds	0.00012283503255128362	50	12	23	(2,4,3,1)	179.122043085487	64bbdea32c4e27c3d3dcf3eed6818e9934927f5ff9f4594c0bac38c3badc326f
DB2_Russell2000.txt	8141	tk-no-bounds	0.00012283503255128362	50	12	24	(1,3,4,2)	170.503561171398	64bbdea32c4e27c3d3dcf3eed6818e9934927f5ff9f4594c0bac38c3badc326f
DB2_Russell2000.txt	8141	tk-no-bounds	0.00012283503255128362	50	12	25	(4,2,1,3)	169.669700196793	64bbdea32c4e27c3d3dcf3eed6818e9934927f5ff9f4594c0bac38c3badc326f
DB2_Russell2000.txt	8141	tk-no-bounds	0.00012283503255128362	50	12	26	(4,2,3,1)	165.750820644495	64bbdea32c4e27c3d3dcf3eed6818e9934927f5ff9f4594c0bac38c3badc326f
DB2_Russell2000.txt	8141	tk-no-bounds	0.00012283503255128362	50	12	27	(5,4,3,1,2)	144.446476579436	64bbdea32c4e27c3d3dcf3eed6818e9934927f5ff9f4594c0bac38c3badc326f
DB2_Russell2000.txt	8141	tk-no-bounds	0.00012283503255128362	50	12	28	(4,5,3,2,1)	140.891599336300	64bbdea32c4e27c3d3dcf3eed6818e9934927f5ff9f4594c0bac38c3badc326f
DB2_Russell2000.txt	8141	tk-no-bounds	0.00012283503255128362	50	12	29	(1,2,4,3,5)	140.604299409378	64bbdea32c4e27c3d3dcf3eed6818e9934927f5ff9f4594c0bac38c3badc326f
DB2_Russell2000.txt	8141	tk-no-bounds	0.00012283503255128362	50	12	30	(1,3,2,4,5)	134.991715461787	64bbdea32c4e27c3d3dcf3eed6818e9934927f5ff9f4594c0bac38c3badc326f
DB2_Russell2000.txt	8141	tk-no-bounds	0.00012283503255128362	50	12	31	(2,3,4,1)	133.927033818806	64bbdea32c4e27c3d3dcf3eed6818e9934927f5ff9f4594c0bac38c3badc326f
DB2_Russell2000.txt	8141	tk-no-bounds	0.00012283503255128362	50	12	32	(1,4,3,2)	130.715995620506	64bbdea32c4e27c3d3dcf3eed6818e9934927f5ff9f4594c0bac38c3badc326f
DB2_Russell2000.txt	8141	tk-no-bounds	0.00012283503255128362	50	12	33	(3,4,1,2)	129.400135874307	64bbdea32c4e27c3d3dcf3eed6818e9934927f5ff9f4594c0bac38c3badc326f
DB2_Russell2000.txt	8141	tk-no-bounds	0.00012283503255128362	50	12	34	(3,2,1,4)	129.118271884304	64bbdea32c4e27c3d3dcf3eed6818e9934927f5ff9f4594c0bac38c3badc326f
DB2_Russell2000.txt	8141	tk-no-bounds	0.00012283503255128362	50	12	35	(2,1,4,3)	127.326695701838	64bbdea32c4e27c3d3dcf3eed6818e9934927f5ff9f4594c0bac38c3badc326f
DB2_Russell2000.txt	8141	tk-no-bounds	0.00012283503255128362	50	12	36	(4,1,2,3)	120.625826376698	64bbdea32c4e27c3d3dcf3eed6818e9934927f5ff9f4594c0bac38c3badc326f
DB2_Russell2000.txt	8141	tk-no-bounds	0.00012283503255128362	50	12	37	(1,2,3,4,5,6,7,8)	114.806560034436	64bbdea32c4e27c3d3dcf3eed6818e9934927f5ff9f4594c0bac38c3badc326f
DB2_Russell2000.txt	8141	tk-no-bounds	0.00012283503255128362	50	12	38	(6,5,4,3,2,1)	111.932946023264	64bbdea32c4e27c3d3dcf3eed6818e9934927f5ff9f4594c0bac38c3badc326f
DB2_Russell2000.txt	8141	tk-no-bounds	0.00012283503255128362	50	12	39	(2,1,3,4,5,6)	106.969643772126	64bbdea32c4e27c3d3dcf3eed6818e9934927f5ff9f4594c0bac38c3badc326f
DB2_Russell2000.txt	8141	tk-no-bounds	0.00012283503255128362	50	12	40	(3,1,2,4,5)	105.771312832961	64bbdea32c4e27c3d3dcf3eed6818e9934927f5ff9f4594c0bac38c3badc326f
DB2_Russell2000.txt	8141	tk-no-bounds	0.00012283503255128362	50	12	41	(3,2,4,1)	105.684795465957	64bbdea32c4e27c3d3dcf3eed6818e9934927f5ff9f4594c0bac38c3badc326f
DB2_Russell2000.txt	8141	tk-no-bounds	0.00012283503255128362	50	12	42	(1,2,3,4,6,5)	105.019728435421	64bbdea32c4e27c3d3dcf3eed6818e9934927f5ff9f4594c0bac38c3badc326f
DB2_Russell2000.txt	8141	tk-no-bounds	0.00012283503255128362	50	12	43	(2,3,1,4)	103.272686259514	64bbdea32c4e27c3d3dcf3eed6818e9934927f5ff9f4594c0bac38c3badc326f
DB2_Russell2000.txt	8141	tk-no-bounds	0.00012283503255128362	50	12	44	(2,1,3,5,4)	94.993066032493	64bbdea32c4e27c3d3dcf3eed6818e9934927f5ff9f4594c0bac38c3badc326f
DB2_Russell2000.txt	8141	tk-no-bounds	0.00012283503255128362	50	12	45	(1,2,4,5,3)	90.921646660959	64bbdea32c4e27c3d3dcf3eed6818e9934927f5ff9f4594c0bac38c3badc326f
DB2_Russell2000.txt	8141	tk-no-bounds	0.00012283503255128362	50	12	46	(1,4,2,3)	90.348521289039	64bbdea32c4e27c3d3dcf3eed6818e9934927f5ff9f4594c0bac38c3badc326f
DB2_Russell2000.txt	8141	tk-no-bounds	0.00012283503255128362	50	12	47	(4,1,3,2)	89.413595501913	64bbdea32c4e27c3d3dcf3eed6818e9934927f5ff9f4594c0bac38c3badc326f
DB2_Russell2000.txt	8141	tk-no-bounds	0.00012283503255128362	50	12	48	(5,4,2,3,1)	89.343052399123	64bbdea32c4e27c3d3dcf3eed6818e9934927f5ff9f4594c0bac38c3badc326f
DB2_Russell2000.txt	8141	tk-no-bounds	0.00012283503255128362	50	12	49	(5,3,4,2,1)	88.203526174448	64bbdea32c4e27c3d3dcf3eed6818e9934927f5ff9f4594c0bac38c3badc326f
DB2_Russell2000.txt	8141	tk-no-bounds	0.00012283503255128362	50	12	50	(1,2,3,5,4,6)	85.294729667947	64bbdea32c4e27c3d3dcf3eed6818e9934927f5ff9f4594c0bac38c3badc326f
DB2_Russell2000.txt	8141	tk-no-pdub	0.00012283503255128362	50	12	1	(1,2)	2801.178680657931	64bbdea32c4e27c3d3dcf3eed6818e9934927f5ff9f4594c0bac38c3badc326f
DB2_Russell2000.txt	8141	tk-no-pdub	0.00012283503255128362	50	12	2	(2,1)	2338.412004393103	64bbdea32c4e27c3d3dcf3eed6818e9934927f5ff9f4594c0bac38c3badc326f
DB2_Russell2000.txt	8141	tk-no-pdub	0.00012283503255128362	50	12	3	(1,2,3)	1570.996289636079	64bbdea32c4e27c3d3dcf3eed6818e9934927f5ff9f4594c0bac38c3badc326f
DB2_Russell2000.txt	8141	tk-no-pdub	0.00012283503255128362	50	12	4	(3,2,1)	1109.653403810403	64bbdea32c4e27c3d3dcf3eed6818e9934927f5ff9f4594c0bac38c3badc326f
DB2_Russell2000.txt	8141	tk-no-pdub	0.00012283503255128362	50	12	5	(1,2,3,4)	893.901954911324	64bbdea32c4e27c3d3dcf3eed6818e9934927f5ff9f4594c0bac38c3badc326f
DB2_Russell2000.txt	8141	tk-no-pdub	0.00012283503255128362	50	12	6	(2,1,3)	650.115843710986	64bbdea32c4e27c3d3dcf3eed6818e9934927f5ff9f4594c0bac38c3badc326f
DB2_Russell2000.txt	8141	tk-no-pdub	0.00012283503255128362	50	12	7	(1,3,2)	647.074197656730	64bbdea32c4e27c3d3dcf3eed6818e9934927f5ff9f4594c0bac38c3badc326f
DB2_Russell2000.txt	8141	tk-no-pdub	0.00012283503255128362	50	12	8	(2,3,1)	577.098617134974	64bbdea32c4e27c3d3dcf3eed6818e9934927f5ff9f4594c0bac38c3badc326f
DB2_Russell2000.txt	8141	tk-no-pdub	0.00012283503255128362	50	12	9	(3,1,2)	572.854631562928	64bbdea32c4e27c3d3dcf3eed6818e9934927f5ff9f4594c0bac38c3badc326f
DB2_Russell2000.txt	8141	tk-no-pdub	0.00012283503255128362	50	12	10	(1,2,3,4,5)	523.803281975852	64bbdea32c4e27c3d3dcf3eed6818e9934927f5ff9f4594c0bac38c3badc326f
DB2_Russell2000.txt	8141	tk-no-pdub	0.00012283503255128362	50	12	11	(4,3,2,1)	516.133854366094	64bbdea32c4e27c3d3dcf3eed6818e9934927f5ff9f4594c0bac38c3badc326f
DB2_Russell2000.txt	8141	tk-no-pdub	0.00012283503255128362	50	12	12	(1,2,4,3)	369.238806404374	64bbdea32c4e27c3d3dcf3eed6818e9934927f5ff9f4594c0bac38c3badc326f
DB2_Russell2000.txt	8141	tk-no-pdub	0.00012283503255128362	50	12	13	(2,1,3,4)	356.830376034509	64bbdea32c4e27c3d3dcf3eed6818e9934927f5ff9f4594c0bac38c3badc326f
DB2_Russell2000.txt	8141	tk-no-pdub	0.00012283503255128362	50	12	14	(1,2,3,4,5,6)	311.209044334802	64bbdea32c4e27c3d3dcf3eed6818e9934927f5ff9f4594c0bac38c3badc326f
DB2_Russell2000.txt	8141	tk-no-pdub	0.00012283503255128362	50	12	15	(4,3,1,2)	291.072338049177	64bbdea32c4e27c3d3dcf3eed6818e9934927f5ff9f4594c0bac38c3badc326f
DB2_Russell2000.txt	8141	tk-no-pdub	0.00012283503255128362	50	12	16	(3,4,2,1)	281.878138024682	64bbdea32c4e27c3d3dcf3eed6818e9934927f5ff9f4594c0bac38c3badc326f
DB2_Russell2000.txt	8141	tk-no-pdub	0.00012283503255128362	50	12	17	(1,3,2,4)	244.827442689771	64bbdea32c4e27c3d3dcf3eed6818e9934927f5ff9f4594c0bac38c3badc326f
DB2_Russell2000.txt	8141	tk-no-pdub	0.00012283503255128362	50	12	18	(5,4,3,2,1)	234.122118701079	64bbdea32c4e27c3d3dcf3eed6818e9934927f5ff9f4594c0bac38c3badc326f
DB2_Russell2000.txt	8141	tk-no-pdub	0.00012283503255128362	50	12	19	(1,2,3,5,4)	200.242330632276	64bbdea32c4e27c3d3dcf3eed6818e9934927f5ff9f4594c0bac38c3badc326f
DB2_Russell2000.txt	8141	tk-no-pdub	0.00012283503255128362	50	12	20	(3,1,2,4)	193.717798799600	64bbdea32c4e27c3d3dcf3eed6818e9934927f5ff9f4594c0bac38c3badc326f
DB2_Russell2000.txt	8141	tk-no-pdub	0.00012283503255128362	50	12	21	(2,1,3,4,5)	190.173894673710	64bbdea32c4e27c3d3dcf3eed6818e9934927f5ff9f4594c0bac38c3badc326f
DB2_Russell2000.txt	8141	tk-no-pdub	0.00012283503255128362	50	12	22	(1,2,3,4,5,6,7)	186.863385761806	64bbdea32c4e27c3d3dcf3eed6818e9934927f5ff9f4594c0bac38c3badc326f
DB2_Russell2000.txt	8141	tk-no-pdub	0.00012283503255128362	50	12	23	(2,4,3,1)	179.122043085487	64bbdea32c4e27c3d3dcf3eed6818e9934927f5ff9f4594c0bac38c3badc326f
DB2_Russell2000.txt	8141	tk-no-pdub	0.00012283503255128362	50	12	24	(1,3,4,2)	170.503561171398	64bbdea32c4e27c3d3dcf3eed6818e9934927f5ff9f4594c0bac38c3badc326f
DB2_Russell2000.txt	8141	tk-no-pdub	0.00012283503255128362	50	12	25	(4,2,1,3)	169.669700196793	64bbdea32c4e27c3d3dcf3eed6818e9934927f5ff9f4594c0bac38c3badc326f
DB2_Russell2000.txt	8141	tk-no-pdub	0.00012283503255128362	50	12	26	(4,2,3,1)	165.750820644495	64bbdea32c4e27c3d3dcf3eed6818e9934927f5ff9f4594c0bac38c3badc326f
DB2_Russell2000.txt	8141	tk-no-pdub	0.00012283503255128362	50	12	27	(5,4,3,1,2)	144.446476579436	64bbdea32c4e27c3d3dcf3eed6818e9934927f5ff9f4594c0bac38c3badc326f
DB2_Russell2000.txt	8141	tk-no-pdub	0.00012283503255128362	50	12	28	(4,5,3,2,1)	140.891599336300	64bbdea32c4e27c3d3dcf3eed6818e9934927f5ff9f4594c0bac38c3badc326f
DB2_Russell2000.txt	8141	tk-no-pdub	0.00012283503255128362	50	12	29	(1,2,4,3,5)	140.604299409378	64bbdea32c4e27c3d3dcf3eed6818e9934927f5ff9f4594c0bac38c3badc326f
DB2_Russell2000.txt	8141	tk-no-pdub	0.00012283503255128362	50	12	30	(1,3,2,4,5)	134.991715461787	64bbdea32c4e27c3d3dcf3eed6818e9934927f5ff9f4594c0bac38c3badc326f
DB2_Russell2000.txt	8141	tk-no-pdub	0.00012283503255128362	50	12	31	(2,3,4,1)	133.927033818806	64bbdea32c4e27c3d3dcf3eed6818e9934927f5ff9f4594c0bac38c3badc326f
DB2_Russell2000.txt	8141	tk-no-pdub	0.00012283503255128362	50	12	32	(1,4,3,2)	130.715995620506	64bbdea32c4e27c3d3dcf3eed6818e9934927f5ff9f4594c0bac38c3badc326f
DB2_Russell2000.txt	8141	tk-no-pdub	0.00012283503255128362	50	12	33	(3,4,1,2)	129.400135874307	64bbdea32c4e27c3d3dcf3eed6818e9934927f5ff9f4594c0bac38c3badc326f
DB2_Russell2000.txt	8141	tk-no-pdub	0.00012283503255128362	50	12	34	(3,2,1,4)	129.118271884304	64bbdea32c4e27c3d3dcf3eed6818e9934927f5ff9f4594c0bac38c3badc326f
DB2_Russell2000.txt	8141	tk-no-pdub	0.00012283503255128362	50	12	35	(2,1,4,3)	127.326695701838	64bbdea32c4e27c3d3dcf3eed6818e9934927f5ff9f4594c0bac38c3badc326f
DB2_Russell2000.txt	8141	tk-no-pdub	0.00012283503255128362	50	12	36	(4,1,2,3)	120.625826376698	64bbdea32c4e27c3d3dcf3eed6818e9934927f5ff9f4594c0bac38c3badc326f
DB2_Russell2000.txt	8141	tk-no-pdub	0.00012283503255128362	50	12	37	(1,2,3,4,5,6,7,8)	114.806560034436	64bbdea32c4e27c3d3dcf3eed6818e9934927f5ff9f4594c0bac38c3badc326f
DB2_Russell2000.txt	8141	tk-no-pdub	0.00012283503255128362	50	12	38	(6,5,4,3,2,1)	111.932946023264	64bbdea32c4e27c3d3dcf3eed6818e9934927f5ff9f4594c0bac38c3badc326f
DB2_Russell2000.txt	8141	tk-no-pdub	0.00012283503255128362	50	12	39	(2,1,3,4,5,6)	106.969643772126	64bbdea32c4e27c3d3dcf3eed6818e9934927f5ff9f4594c0bac38c3badc326f
DB2_Russell2000.txt	8141	tk-no-pdub	0.00012283503255128362	50	12	40	(3,1,2,4,5)	105.771312832961	64bbdea32c4e27c3d3dcf3eed6818e9934927f5ff9f4594c0bac38c3badc326f
DB2_Russell2000.txt	8141	tk-no-pdub	0.00012283503255128362	50	12	41	(3,2,4,1)	105.684795465957	64bbdea32c4e27c3d3dcf3eed6818e9934927f5ff9f4594c0bac38c3badc326f
DB2_Russell2000.txt	8141	tk-no-pdub	0.00012283503255128362	50	12	42	(1,2,3,4,6,5)	105.019728435421	64bbdea32c4e27c3d3dcf3eed6818e9934927f5ff9f4594c0bac38c3badc326f
DB2_Russell2000.txt	8141	tk-no-pdub	0.00012283503255128362	50	12	43	(2,3,1,4)	103.272686259514	64bbdea32c4e27c3d3dcf3eed6818e9934927f5ff9f4594c0bac38c3badc326f
DB2_Russell2000.txt	8141	tk-no-pdub	0.00012283503255128362	50	12	44	(2,1,3,5,4)	94.993066032493	64bbdea32c4e27c3d3dcf3eed6818e9934927f5ff9f4594c0bac38c3badc326f
DB2_Russell2000.txt	8141	tk-no-pdub	0.00012283503255128362	50	12	45	(1,2,4,5,3)	90.921646660959	64bbdea32c4e27c3d3dcf3eed6818e9934927f5ff9f4594c0bac38c3badc326f
DB2_Russell2000.txt	8141	tk-no-pdub	0.00012283503255128362	50	12	46	(1,4,2,3)	90.348521289039	64bbdea32c4e27c3d3dcf3eed6818e9934927f5ff9f4594c0bac38c3badc326f
DB2_Russell2000.txt	8141	tk-no-pdub	0.00012283503255128362	50	12	47	(4,1,3,2)	89.413595501913	64bbdea32c4e27c3d3dcf3eed6818e9934927f5ff9f4594c0bac38c3badc326f
DB2_Russell2000.txt	8141	tk-no-pdub	0.00012283503255128362	50	12	48	(5,4,2,3,1)	89.343052399123	64bbdea32c4e27c3d3dcf3eed6818e9934927f5ff9f4594c0bac38c3badc326f
DB2_Russell2000.txt	8141	tk-no-pdub	0.00012283503255128362	50	12	49	(5,3,4,2,1)	88.203526174448	64bbdea32c4e27c3d3dcf3eed6818e9934927f5ff9f4594c0bac38c3badc326f
DB2_Russell2000.txt	8141	tk-no-pdub	0.00012283503255128362	50	12	50	(1,2,3,5,4,6)	85.294729667947	64bbdea32c4e27c3d3dcf3eed6818e9934927f5ff9f4594c0bac38c3badc326f
DB2_Russell2000.txt	8141	tk-no-dub	0.00012283503255128362	50	12	1	(1,2)	2801.178680657931	64bbdea32c4e27c3d3dcf3eed6818e9934927f5ff9f4594c0bac38c3badc326f
DB2_Russell2000.txt	8141	tk-no-dub	0.00012283503255128362	50	12	2	(2,1)	2338.412004393103	64bbdea32c4e27c3d3dcf3eed6818e9934927f5ff9f4594c0bac38c3badc326f
DB2_Russell2000.txt	8141	tk-no-dub	0.00012283503255128362	50	12	3	(1,2,3)	1570.996289636079	64bbdea32c4e27c3d3dcf3eed6818e9934927f5ff9f4594c0bac38c3badc326f
DB2_Russell2000.txt	8141	tk-no-dub	0.00012283503255128362	50	12	4	(3,2,1)	1109.653403810403	64bbdea32c4e27c3d3dcf3eed6818e9934927f5ff9f4594c0bac38c3badc326f
DB2_Russell2000.txt	8141	tk-no-dub	0.00012283503255128362	50	12	5	(1,2,3,4)	893.901954911324	64bbdea32c4e27c3d3dcf3eed6818e9934927f5ff9f4594c0bac38c3badc326f
DB2_Russell2000.txt	8141	tk-no-dub	0.00012283503255128362	50	12	6	(2,1,3)	650.115843710986	64bbdea32c4e27c3d3dcf3eed6818e9934927f5ff9f4594c0bac38c3badc326f
DB2_Russell2000.txt	8141	tk-no-dub	0.00012283503255128362	50	12	7	(1,3,2)	647.074197656730	64bbdea32c4e27c3d3dcf3eed6818e9934927f5ff9f4594c0bac38c3badc326f
DB2_Russell2000.txt	8141	tk-no-dub	0.00012283503255128362	50	12	8	(2,3,1)	577.098617134974	64bbdea32c4e27c3d3dcf3eed6818e9934927f5ff9f4594c0bac38c3badc326f
DB2_Russell2000.txt	8141	tk-no-dub	0.00012283503255128362	50	12	9	(3,1,2)	572.854631562928	64bbdea32c4e27c3d3dcf3eed6818e9934927f5ff9f4594c0bac38c3badc326f
DB2_Russell2000.txt	8141	tk-no-dub	0.00012283503255128362	50	12	10	(1,2,3,4,5)	523.803281975852	64bbdea32c4e27c3d3dcf3eed6818e9934927f5ff9f4594c0bac38c3badc326f
DB2_Russell2000.txt	8141	tk-no-dub	0.00012283503255128362	50	12	11	(4,3,2,1)	516.133854366094	64bbdea32c4e27c3d3dcf3eed6818e9934927f5ff9f4594c0bac38c3badc326f
DB2_Russell2000.txt	8141	tk-no-dub	0.00012283503255128362	50	12	12	(1,2,4,3)	369.238806404374	64bbdea32c4e27c3d3dcf3eed6818e9934927f5ff9f4594c0bac38c3badc326f
DB2_Russell2000.txt	8141	tk-no-dub	0.00012283503255128362	50	12	13	(2,1,3,4)	356.830376034509	64bbdea32c4e27c3d3dcf3eed6818e9934927f5ff9f4594c0bac38c3badc326f
DB2_Russell2000.txt	8141	tk-no-dub	0.00012283503255128362	50	12	14	(1,2,3,4,5,6)	311.209044334802	64bbdea32c4e27c3d3dcf3eed6818e9934927f5ff9f4594c0bac38c3badc326f
DB2_Russell2000.txt	8141	tk-no-dub	0.00012283503255128362	50	12	15	(4,3,1,2)	291.072338049177	64bbdea32c4e27c3d3dcf3eed6818e9934927f5ff9f4594c0bac38c3badc326f
DB2_Russell2000.txt	8141	tk-no-dub	0.00012283503255128362	50	12	16	(3,4,2,1)	281.878138024682	64bbdea32c4e27c3d3dcf3eed6818e9934927f5ff9f4594c0bac38c3badc326f
DB2_Russell2000.txt	8141	tk-no-dub	0.00012283503255128362	50	12	17	(1,3,2,4)	244.827442689771	64bbdea32c4e27c3d3dcf3eed6818e9934927f5ff9f4594c0bac38c3badc326f
DB2_Russell2000.txt	8141	tk-no-dub	0.00012283503255128362	50	12	18	(5,4,3,2,1)	234.122118701079	64bbdea32c4e27c3d3dcf3eed6818e9934927f5ff9f4594c0bac38c3badc326f
DB2_Russell2000.txt	8141	tk-no-dub	0.00012283503255128362	50	12	19	(1,2,3,5,4)	200.242330632276	64bbdea32c4e27c3d3dcf3eed6818e9934927f5ff9f4594c0bac38c3badc326f
DB2_Russell2000.txt	8141	tk-no-dub	0.00012283503255128362	50	12	20	(3,1,2,4)	193.717798799600	64bbdea32c4e27c3d3dcf3eed6818e9934927f5ff9f4594c0bac38c3badc326f
DB2_Russell2000.txt	8141	tk-no-dub	0.00012283503255128362	50	12	21	(2,1,3,4,5)	190.173894673710	64bbdea32c4e27c3d3dcf3eed6818e9934927f5ff9f4594c0bac38c3badc326f
DB2_Russell2000.txt	8141	tk-no-dub	0.00012283503255128362	50	12	22	(1,2,3,4,5,6,7)	186.863385761806	64bbdea32c4e27c3d3dcf3eed6818e9934927f5ff9f4594c0bac38c3badc326f
DB2_Russell2000.txt	8141	tk-no-dub	0.00012283503255128362	50	12	23	(2,4,3,1)	179.122043085487	64bbdea32c4e27c3d3dcf3eed6818e9934927f5ff9f4594c0bac38c3badc326f
DB2_Russell2000.txt	8141	tk-no-dub	0.00012283503255128362	50	12	24	(1,3,4,2)	170.503561171398	64bbdea32c4e27c3d3dcf3eed6818e9934927f5ff9f4594c0bac38c3badc326f
DB2_Russell2000.txt	8141	tk-no-dub	0.00012283503255128362	50	12	25	(4,2,1,3)	169.669700196793	64bbdea32c4e27c3d3dcf3eed6818e9934927f5ff9f4594c0bac38c3badc326f
DB2_Russell2000.txt	8141	tk-no-dub	0.00012283503255128362	50	12	26	(4,2,3,1)	165.750820644495	64bbdea32c4e27c3d3dcf3eed6818e9934927f5ff9f4594c0bac38c3badc326f
DB2_Russell2000.txt	8141	tk-no-dub	0.00012283503255128362	50	12	27	(5,4,3,1,2)	144.446476579436	64bbdea32c4e27c3d3dcf3eed6818e9934927f5ff9f4594c0bac38c3badc326f
DB2_Russell2000.txt	8141	tk-no-dub	0.00012283503255128362	50	12	28	(4,5,3,2,1)	140.891599336300	64bbdea32c4e27c3d3dcf3eed6818e9934927f5ff9f4594c0bac38c3badc326f
DB2_Russell2000.txt	8141	tk-no-dub	0.00012283503255128362	50	12	29	(1,2,4,3,5)	140.604299409378	64bbdea32c4e27c3d3dcf3eed6818e9934927f5ff9f4594c0bac38c3badc326f
DB2_Russell2000.txt	8141	tk-no-dub	0.00012283503255128362	50	12	30	(1,3,2,4,5)	134.991715461787	64bbdea32c4e27c3d3dcf3eed6818e9934927f5ff9f4594c0bac38c3badc326f
DB2_Russell2000.txt	8141	tk-no-dub	0.00012283503255128362	50	12	31	(2,3,4,1)	133.927033818806	64bbdea32c4e27c3d3dcf3eed6818e9934927f5ff9f4594c0bac38c3badc326f
DB2_Russell2000.txt	8141	tk-no-dub	0.00012283503255128362	50	12	32	(1,4,3,2)	130.715995620506	64bbdea32c4e27c3d3dcf3eed6818e9934927f5ff9f4594c0bac38c3badc326f
DB2_Russell2000.txt	8141	tk-no-dub	0.00012283503255128362	50	12	33	(3,4,1,2)	129.400135874307	64bbdea32c4e27c3d3dcf3eed6818e9934927f5ff9f4594c0bac38c3badc326f
DB2_Russell2000.txt	8141	tk-no-dub	0.00012283503255128362	50	12	34	(3,2,1,4)	129.118271884304	64bbdea32c4e27c3d3dcf3eed6818e9934927f5ff9f4594c0bac38c3badc326f
DB2_Russell2000.txt	8141	tk-no-dub	0.00012283503255128362	50	12	35	(2,1,4,3)	127.326695701838	64bbdea32c4e27c3d3dcf3eed6818e9934927f5ff9f4594c0bac38c3badc326f
DB2_Russell2000.txt	8141	tk-no-dub	0.00012283503255128362	50	12	36	(4,1,2,3)	120.625826376698	64bbdea32c4e27c3d3dcf3eed6818e9934927f5ff9f4594c0bac38c3badc326f
DB2_Russell2000.txt	8141	tk-no-dub	0.00012283503255128362	50	12	37	(1,2,3,4,5,6,7,8)	114.806560034436	64bbdea32c4e27c3d3dcf3eed6818e9934927f5ff9f4594c0bac38c3badc326f
DB2_Russell2000.txt	8141	tk-no-dub	0.00012283503255128362	50	12	38	(6,5,4,3,2,1)	111.932946023264	64bbdea32c4e27c3d3dcf3eed6818e9934927f5ff9f4594c0bac38c3badc326f
DB2_Russell2000.txt	8141	tk-no-dub	0.00012283503255128362	50	12	39	(2,1,3,4,5,6)	106.969643772126	64bbdea32c4e27c3d3dcf3eed6818e9934927f5ff9f4594c0bac38c3badc326f
DB2_Russell2000.txt	8141	tk-no-dub	0.00012283503255128362	50	12	40	(3,1,2,4,5)	105.771312832961	64bbdea32c4e27c3d3dcf3eed6818e9934927f5ff9f4594c0bac38c3badc326f
DB2_Russell2000.txt	8141	tk-no-dub	0.00012283503255128362	50	12	41	(3,2,4,1)	105.684795465957	64bbdea32c4e27c3d3dcf3eed6818e9934927f5ff9f4594c0bac38c3badc326f
DB2_Russell2000.txt	8141	tk-no-dub	0.00012283503255128362	50	12	42	(1,2,3,4,6,5)	105.019728435421	64bbdea32c4e27c3d3dcf3eed6818e9934927f5ff9f4594c0bac38c3badc326f
DB2_Russell2000.txt	8141	tk-no-dub	0.00012283503255128362	50	12	43	(2,3,1,4)	103.272686259514	64bbdea32c4e27c3d3dcf3eed6818e9934927f5ff9f4594c0bac38c3badc326f
DB2_Russell2000.txt	8141	tk-no-dub	0.00012283503255128362	50	12	44	(2,1,3,5,4)	94.993066032493	64bbdea32c4e27c3d3dcf3eed6818e9934927f5ff9f4594c0bac38c3badc326f
DB2_Russell2000.txt	8141	tk-no-dub	0.00012283503255128362	50	12	45	(1,2,4,5,3)	90.921646660959	64bbdea32c4e27c3d3dcf3eed6818e9934927f5ff9f4594c0bac38c3badc326f
DB2_Russell2000.txt	8141	tk-no-dub	0.00012283503255128362	50	12	46	(1,4,2,3)	90.348521289039	64bbdea32c4e27c3d3dcf3eed6818e9934927f5ff9f4594c0bac38c3badc326f
DB2_Russell2000.txt	8141	tk-no-dub	0.00012283503255128362	50	12	47	(4,1,3,2)	89.413595501913	64bbdea32c4e27c3d3dcf3eed6818e9934927f5ff9f4594c0bac38c3badc326f
DB2_Russell2000.txt	8141	tk-no-dub	0.00012283503255128362	50	12	48	(5,4,2,3,1)	89.343052399123	64bbdea32c4e27c3d3dcf3eed6818e9934927f5ff9f4594c0bac38c3badc326f
DB2_Russell2000.txt	8141	tk-no-dub	0.00012283503255128362	50	12	49	(5,3,4,2,1)	88.203526174448	64bbdea32c4e27c3d3dcf3eed6818e9934927f5ff9f4594c0bac38c3badc326f
DB2_Russell2000.txt	8141	tk-no-dub	0.00012283503255128362	50	12	50	(1,2,3,5,4,6)	85.294729667947	64bbdea32c4e27c3d3dcf3eed6818e9934927f5ff9f4594c0bac38c3badc326f
DB2_Russell2000.txt	8141	tk	0.00012283503255128362	50	12	1	(1,2)	2801.178680657931	64bbdea32c4e27c3d3dcf3eed6818e9934927f5ff9f4594c0bac38c3badc326f
DB2_Russell2000.txt	8141	tk	0.00012283503255128362	50	12	2	(2,1)	2338.412004393103	64bbdea32c4e27c3d3dcf3eed6818e9934927f5ff9f4594c0bac38c3badc326f
DB2_Russell2000.txt	8141	tk	0.00012283503255128362	50	12	3	(1,2,3)	1570.996289636079	64bbdea32c4e27c3d3dcf3eed6818e9934927f5ff9f4594c0bac38c3badc326f
DB2_Russell2000.txt	8141	tk	0.00012283503255128362	50	12	4	(3,2,1)	1109.653403810403	64bbdea32c4e27c3d3dcf3eed6818e9934927f5ff9f4594c0bac38c3badc326f
DB2_Russell2000.txt	8141	tk	0.00012283503255128362	50	12	5	(1,2,3,4)	893.901954911324	64bbdea32c4e27c3d3dcf3eed6818e9934927f5ff9f4594c0bac38c3badc326f
DB2_Russell2000.txt	8141	tk	0.00012283503255128362	50	12	6	(2,1,3)	650.115843710986	64bbdea32c4e27c3d3dcf3eed6818e9934927f5ff9f4594c0bac38c3badc326f
DB2_Russell2000.txt	8141	tk	0.00012283503255128362	50	12	7	(1,3,2)	647.074197656730	64bbdea32c4e27c3d3dcf3eed6818e9934927f5ff9f4594c0bac38c3badc326f
DB2_Russell2000.txt	8141	tk	0.00012283503255128362	50	12	8	(2,3,1)	577.098617134974	64bbdea32c4e27c3d3dcf3eed6818e9934927f5ff9f4594c0bac38c3badc326f
DB2_Russell2000.txt	8141	tk	0.00012283503255128362	50	12	9	(3,1,2)	572.854631562928	64bbdea32c4e27c3d3dcf3eed6818e9934927f5ff9f4594c0bac38c3badc326f
DB2_Russell2000.txt	8141	tk	0.00012283503255128362	50	12	10	(1,2,3,4,5)	523.803281975852	64bbdea32c4e27c3d3dcf3eed6818e9934927f5ff9f4594c0bac38c3badc326f
DB2_Russell2000.txt	8141	tk	0.00012283503255128362	50	12	11	(4,3,2,1)	516.133854366094	64bbdea32c4e27c3d3dcf3eed6818e9934927f5ff9f4594c0bac38c3badc326f
DB2_Russell2000.txt	8141	tk	0.00012283503255128362	50	12	12	(1,2,4,3)	369.238806404374	64bbdea32c4e27c3d3dcf3eed6818e9934927f5ff9f4594c0bac38c3badc326f
DB2_Russell2000.txt	8141	tk	0.00012283503255128362	50	12	13	(2,1,3,4)	356.830376034509	64bbdea32c4e27c3d3dcf3eed6818e9934927f5ff9f4594c0bac38c3badc326f
DB2_Russell2000.txt	8141	tk	0.00012283503255128362	50	12	14	(1,2,3,4,5,6)	311.209044334802	64bbdea32c4e27c3d3dcf3eed6818e9934927f5ff9f4594c0bac38c3badc326f
DB2_Russell2000.txt	8141	tk	0.00012283503255128362	50	12	15	(4,3,1,2)	291.072338049177	64bbdea32c4e27c3d3dcf3eed6818e9934927f5ff9f4594c0bac38c3badc326f
DB2_Russell2000.txt	8141	tk	0.00012283503255128362	50	12	16	(3,4,2,1)	281.878138024682	64bbdea32c4e27c3d3dcf3eed6818e9934927f5ff9f4594c0bac38c3badc326f
DB2_Russell2000.txt	8141	tk	0.00012283503255128362	50	12	17	(1,3,2,4)	244.827442689771	64bbdea32c4e27c3d3dcf3eed6818e9934927f5ff9f4594c0bac38c3badc326f
DB2_Russell2000.txt	8141	tk	0.00012283503255128362	50	12	18	(5,4,3,2,1)	234.122118701079	64bbdea32c4e27c3d3dcf3eed6818e9934927f5ff9f4594c0bac38c3badc326f
DB2_Russell2000.txt	8141	tk	0.00012283503255128362	50	12	19	(1,2,3,5,4)	200.242330632276	64bbdea32c4e27c3d3dcf3eed6818e9934927f5ff9f4594c0bac38c3badc326f
DB2_Russell2000.txt	8141	tk	0.00012283503255128362	50	12	20	(3,1,2,4)	193.717798799600	64bbdea32c4e27c3d3dcf3eed6818e9934927f5ff9f4594c0bac38c3badc326f
DB2_Russell2000.txt	8141	tk	0.00012283503255128362	50	12	21	(2,1,3,4,5)	190.173894673710	64bbdea32c4e27c3d3dcf3eed6818e9934927f5ff9f4594c0bac38c3badc326f
DB2_Russell2000.txt	8141	tk	0.00012283503255128362	50	12	22	(1,2,3,4,5,6,7)	186.863385761806	64bbdea32c4e27c3d3dcf3eed6818e9934927f5ff9f4594c0bac38c3badc326f
DB2_Russell2000.txt	8141	tk	0.00012283503255128362	50	12	23	(2,4,3,1)	179.122043085487	64bbdea32c4e27c3d3dcf3eed6818e9934927f5ff9f4594c0bac38c3badc326f
DB2_Russell2000.txt	8141	tk	0.00012283503255128362	50	12	24	(1,3,4,2)	170.503561171398	64bbdea32c4e27c3d3dcf3eed6818e9934927f5ff9f4594c0bac38c3badc326f
DB2_Russell2000.txt	8141	tk	0.00012283503255128362	50	12	25	(4,2,1,3)	169.669700196793	64bbdea32c4e27c3d3dcf3eed6818e9934927f5ff9f4594c0bac38c3badc326f
DB2_Russell2000.txt	8141	tk	0.00012283503255128362	50	12	26	(4,2,3,1)	165.750820644495	64bbdea32c4e27c3d3dcf3eed6818e9934927f5ff9f4594c0bac38c3badc326f
DB2_Russell2000.txt	8141	tk	0.00012283503255128362	50	12	27	(5,4,3,1,2)	144.446476579436	64bbdea32c4e27c3d3dcf3eed6818e9934927f5ff9f4594c0bac38c3badc326f
DB2_Russell2000.txt	8141	tk	0.00012283503255128362	50	12	28	(4,5,3,2,1)	140.891599336300	64bbdea32c4e27c3d3dcf3eed6818e9934927f5ff9f4594c0bac38c3badc326f
DB2_Russell2000.txt	8141	tk	0.00012283503255128362	50	12	29	(1,2,4,3,5)	140.604299409378	64bbdea32c4e27c3d3dcf3eed6818e9934927f5ff9f4594c0bac38c3badc326f
DB2_Russell2000.txt	8141	tk	0.00012283503255128362	50	12	30	(1,3,2,4,5)	134.991715461787	64bbdea32c4e27c3d3dcf3eed6818e9934927f5ff9f4594c0bac38c3badc326f
DB2_Russell2000.txt	8141	tk	0.00012283503255128362	50	12	31	(2,3,4,1)	133.927033818806	64bbdea32c4e27c3d3dcf3eed6818e9934927f5ff9f4594c0bac38c3badc326f
DB2_Russell2000.txt	8141	tk	0.00012283503255128362	50	12	32	(1,4,3,2)	130.715995620506	64bbdea32c4e27c3d3dcf3eed6818e9934927f5ff9f4594c0bac38c3badc326f
DB2_Russell2000.txt	8141	tk	0.00012283503255128362	50	12	33	(3,4,1,2)	129.400135874307	64bbdea32c4e27c3d3dcf3eed6818e9934927f5ff9f4594c0bac38c3badc326f
DB2_Russell2000.txt	8141	tk	0.00012283503255128362	50	12	34	(3,2,1,4)	129.118271884304	64bbdea32c4e27c3d3dcf3eed6818e9934927f5ff9f4594c0bac38c3badc326f
DB2_Russell2000.txt	8141	tk	0.00012283503255128362	50	12	35	(2,1,4,3)	127.326695701838	64bbdea32c4e27c3d3dcf3eed6818e9934927f5ff9f4594c0bac38c3badc326f
DB2_Russell2000.txt	8141	tk	0.00012283503255128362	50	12	36	(4,1,2,3)	120.625826376698	64bbdea32c4e27c3d3dcf3eed6818e9934927f5ff9f4594c0bac38c3badc326f
DB2_Russell2000.txt	8141	tk	0.00012283503255128362	50	12	37	(1,2,3,4,5,6,7,8)	114.806560034436	64bbdea32c4e27c3d3dcf3eed6818e9934927f5ff9f4594c0bac38c3badc326f
DB2_Russell2000.txt	8141	tk	0.00012283503255128362	50	12	38	(6,5,4,3,2,1)	111.932946023264	64bbdea32c4e27c3d3dcf3eed6818e9934927f5ff9f4594c0bac38c3badc326f
DB2_Russell2000.txt	8141	tk	0.00012283503255128362	50	12	39	(2,1,3,4,5,6)	106.969643772126	64bbdea32c4e27c3d3dcf3eed6818e9934927f5ff9f4594c0bac38c3badc326f
DB2_Russell2000.txt	8141	tk	0.00012283503255128362	50	12	40	(3,1,2,4,5)	105.771312832961	64bbdea32c4e27c3d3dcf3eed6818e9934927f5ff9f4594c0bac38c3badc326f
DB2_Russell2000.txt	8141	tk	0.00012283503255128362	50	12	41	(3,2,4,1)	105.684795465957	64bbdea32c4e27c3d3dcf3eed6818e9934927f5ff9f4594c0bac38c3badc326f
DB2_Russell2000.txt	8141	tk	0.00012283503255128362	50	12	42	(1,2,3,4,6,5)	105.019728435421	64bbdea32c4e27c3d3dcf3eed6818e9934927f5ff9f4594c0bac38c3badc326f
DB2_Russell2000.txt	8141	tk	0.00012283503255128362	50	12	43	(2,3,1,4)	103.272686259514	64bbdea32c4e27c3d3dcf3eed6818e9934927f5ff9f4594c0bac38c3badc326f
DB2_Russell2000.txt	8141	tk	0.00012283503255128362	50	12	44	(2,1,3,5,4)	94.993066032493	64bbdea32c4e27c3d3dcf3eed6818e9934927f5ff9f4594c0bac38c3badc326f
DB2_Russell2000.txt	8141	tk	0.00012283503255128362	50	12	45	(1,2,4,5,3)	90.921646660959	64bbdea32c4e27c3d3dcf3eed6818e9934927f5ff9f4594c0bac38c3badc326f
DB2_Russell2000.txt	8141	tk	0.00012283503255128362	50	12	46	(1,4,2,3)	90.348521289039	64bbdea32c4e27c3d3dcf3eed6818e9934927f5ff9f4594c0bac38c3badc326f
DB2_Russell2000.txt	8141	tk	0.00012283503255128362	50	12	47	(4,1,3,2)	89.413595501913	64bbdea32c4e27c3d3dcf3eed6818e9934927f5ff9f4594c0bac38c3badc326f
DB2_Russell2000.txt	8141	tk	0.00012283503255128362	50	12	48	(5,4,2,3,1)	89.343052399123	64bbdea32c4e27c3d3dcf3eed6818e9934927f5ff9f4594c0bac38c3badc326f
DB2_Russell2000.txt	8141	tk	0.00012283503255128362	50	12	49	(5,3,4,2,1)	88.203526174448	64bbdea32c4e27c3d3dcf3eed6818e9934927f5ff9f4594c0bac38c3badc326f
DB2_Russell2000.txt	8141	tk	0.00012283503255128362	50	12	50	(1,2,3,5,4,6)	85.294729667947	64bbdea32c4e27c3d3dcf3eed6818e9934927f5ff9f4594c0bac38c3badc326f
DB3_Nasdaq.txt	12279	hjtopk	8.1439856665852270e-05	50	12	1	(1,2)	4306.539754814618	0915e603170893fa760aa5d0320513e8745b114f6f975116c6023c5489a46c35
DB3_Nasdaq.txt	12279	hjtopk	8.1439856665852270e-05	50	12	2	(2,1)	3435.691639539864	0915e603170893fa760aa5d0320513e8745b114f6f975116c6023c5489a46c35
DB3_Nasdaq.txt	12279	hjtopk	8.1439856665852270e-05	50	12	3	(1,2,3)	2532.083336141936	0915e603170893fa760aa5d0320513e8745b114f6f975116c6023c5489a46c35
DB3_Nasdaq.txt	12279	hjtopk	8.1439856665852270e-05	50	12	4	(3,2,1)	1662.909892814645	0915e603170893fa760aa5d0320513e8745b114f6f975116c6023c5489a46c35
DB3_Nasdaq.txt	12279	hjtopk	8.1439856665852270e-05	50	12	5	(1,2,3,4)	1502.214498933012	0915e603170893fa760aa5d0320513e8745b114f6f975116c6023c5489a46c35
DB3_Nasdaq.txt	12279	hjtopk	8.1439856665852270e-05	50	12	6	(1,3,2)	916.158427292220	0915e603170893fa760aa5d0320513e8745b114f6f975116c6023c5489a46c35
DB3_Nasdaq.txt	12279	hjtopk	8.1439856665852270e-05	50	12	7	(2,1,3)	909.642476518848	0915e603170893fa760aa5d0320513e8745b114f6f975116c6023c5489a46c35
DB3_Nasdaq.txt	12279	hjtopk	8.1439856665852270e-05	50	12	8	(1,2,3,4,5)	874.446982567553	0915e603170893fa760aa5d0320513e8745b114f6f975116c6023c5489a46c35
DB3_Nasdaq.txt	12279	hjtopk	8.1439856665852270e-05	50	12	9	(3,1,2)	843.900616542633	0915e603170893fa760aa5d0320513e8745b114f6f975116c6023c5489a46c35
DB3_Nasdaq.txt	12279	hjtopk	8.1439856665852270e-05	50	12	10	(2,3,1)	842.440800387188	0915e603170893fa760aa5d0320513e8745b114f6f975116c6023c5489a46c35
DB3_Nasdaq.txt	12279	hjtopk	8.1439856665852270e-05	50	12	11	(4,3,2,1)	806.878999030302	0915e603170893fa760aa5d0320513e8745b114f6f975116c6023c5489a46c35
DB3_Nasdaq.txt	12279	hjtopk	8.1439856665852270e-05	50	12	12	(1,2,4,3)	541.899303357094	0915e603170893fa760aa5d0320513e8745b114f6f975116c6023c5489a46c35
DB3_Nasdaq.txt	12279	hjtopk	8.1439856665852270e-05	50	12	13	(2,1,3,4)	533.298662284372	0915e603170893fa760aa5d0320513e8745b114f6f975116c6023c5489a46c35
DB3_Nasdaq.txt	12279	hjtopk	8.1439856665852270e-05	50	12	14	(1,2,3,4,5,6)	518.907109363217	0915e603170893fa760aa5d0320513e8745b114f6f975116c6023c5489a46c35
DB3_Nasdaq.txt	12279	hjtopk	8.1439856665852270e-05	50	12	15	(4,3,1,2)	443.158764149273	0915e603170893fa760aa5d0320513e8745b114f6f975116c6023c5489a46c35
DB3_Nasdaq.txt	12279	hjtopk	8.1439856665852270e-05	50	12	16	(3,4,2,1)	427.107729753597	0915e603170893fa760aa5d0320513e8745b114f6f975116c6023c5489a46c35
DB3_Nasdaq.txt	12279	hjtopk	8.1439856665852270e-05	50	12	17	(5,4,3,2,1)	387.366872135863	0915e603170893fa760aa5d0320513e8745b114f6f975116c6023c5489a46c35
DB3_Nasdaq.txt	12279	hjtopk	8.1439856665852270e-05	50	12	18	(1,3,2,4)	355.262298580036	0915e603170893fa760aa5d0320513e8745b114f6f975116c6023c5489a46c35
DB3_Nasdaq.txt	12279	hjtopk	8.1439856665852270e-05	50	12	19	(2,1,3,4,5)	327.547157590910	0915e603170893fa760aa5d0320513e8745b114f6f975116c6023c5489a46c35
DB3_Nasdaq.txt	12279	hjtopk	8.1439856665852270e-05	50	12	20	(1,2,3,5,4)	318.424594734150	0915e603170893fa760aa5d0320513e8745b114f6f975116c6023c5489a46c35
DB3_Nasdaq.txt	12279	hjtopk	8.1439856665852270e-05	50	12	21	(1,2,3,4,5,6,7)	308.097678860555	0915e603170893fa760aa5d0320513e8745b114f6f975116c6023c5489a46c35
DB3_Nasdaq.txt	12279	hjtopk	8.1439856665852270e-05	50	12	22	(3,1,2,4)	286.341735745331	0915e603170893fa760aa5d0320513e8745b114f6f975116c6023c5489a46c35
DB3_Nasdaq.txt	12279	hjtopk	8.1439856665852270e-05	50	12	23	(1,3,4,2)	259.644682773096	0915e603170893fa760aa5d0320513e8745b114f6f975116c6023c5489a46c35
DB3_Nasdaq.txt	12279	hjtopk	8.1439856665852270e-05	50	12	24	(2,4,3,1)	239.252019038025	0915e603170893fa760aa5d0320513e8745b114f6f975116c6023c5489a46c35
DB3_Nasdaq.txt	12279	hjtopk	8.1439856665852270e-05	50	12	25	(4,2,3,1)	230.840031314086	0915e603170893fa760aa5d0320513e8745b114f6f975116c6023c5489a46c35
DB3_Nasdaq.txt	12279	hjtopk	8.1439856665852270e-05	50	12	26	(4,2,1,3)	225.748933179316	0915e603170893fa760aa5d0320513e8745b114f6f975116c6023c5489a46c35
DB3_Nasdaq.txt	12279	hjtopk	8.1439856665852270e-05	50	12	27	(1,2,4,3,5)	224.522552283322	0915e603170893fa760aa5d0320513e8745b114f6f975116c6023c5489a46c35
DB3_Nasdaq.txt	12279	hjtopk	8.1439856665852270e-05	50	12	28	(5,4,3,1,2)	218.374221770895	0915e603170893fa760aa5d0320513e8745b114f6f975116c6023c5489a46c35
DB3_Nasdaq.txt	12279	hjtopk	8.1439856665852270e-05	50	12	29	(4,5,3,2,1)	217.324824193282	0915e603170893fa760aa5d0320513e8745b114f6f975116c6023c5489a46c35
DB3_Nasdaq.txt	12279	hjtopk	8.1439856665852270e-05	50	12	30	(2,3,4,1)	215.093362280392	0915e603170893fa760aa5d0320513e8745b114f6f975116c6023c5489a46c35
DB3_Nasdaq.txt	12279	hjtopk	8.1439856665852270e-05	50	12	31	(1,3,2,4,5)	213.469775282983	0915e603170893fa760aa5d0320513e8745b114f6f975116c6023c5489a46c35
DB3_Nasdaq.txt	12279	hjtopk	8.1439856665852270e-05	50	12	32	(4,1,2,3)	194.308079544415	0915e603170893fa760aa5d0320513e8745b114f6f975116c6023c5489a46c35
DB3_Nasdaq.txt	12279	hjtopk	8.1439856665852270e-05	50	12	33	(6,5,4,3,2,1)	192.049311983558	0915e603170893fa760aa5d0320513e8745b114f6f975116c6023c5489a46c35
DB3_Nasdaq.txt	12279	hjtopk	8.1439856665852270e-05	50	12	34	(1,2,3,4,6,5)	188.720683076959	0915e603170893fa760aa5d0320513e8745b114f6f975116c6023c5489a46c35
DB3_Nasdaq.txt	12279	hjtopk	8.1439856665852270e-05	50	12	35	(2,1,3,4,5,6)	184.939843916396	0915e603170893fa760aa5d0320513e8745b114f6f975116c6023c5489a46c35
DB3_Nasdaq.txt	12279	hjtopk	8.1439856665852270e-05	50	12	36	(1,2,3,4,5,6,7,8)	184.436937420944	0915e603170893fa760aa5d0320513e8745b114f6f975116c6023c5489a46c35
DB3_Nasdaq.txt	12279	hjtopk	8.1439856665852270e-05	50	12	37	(3,4,1,2)	181.050146021960	0915e603170893fa760aa5d0320513e8745b114f6f975116c6023c5489a46c35
DB3_Nasdaq.txt	12279	hjtopk	8.1439856665852270e-05	50	12	38	(1,4,3,2)	179.106721981741	0915e603170893fa760aa5d0320513e8745b114f6f975116c6023c5489a46c35
DB3_Nasdaq.txt	12279	hjtopk	8.1439856665852270e-05	50	12	39	(2,1,4,3)	177.561211599171	0915e603170893fa760aa5d0320513e8745b114f6f975116c6023c5489a46c35
DB3_Nasdaq.txt	12279	hjtopk	8.1439856665852270e-05	50	12	40	(3,2,1,4)	176.764075486373	0915e603170893fa760aa5d0320513e8745b114f6f975116c6023c5489a46c35
DB3_Nasdaq.txt	12279	hjtopk	8.1439856665852270e-05	50	12	41	(3,1,2,4,5)	173.576683340789	0915e603170893fa760aa5d0320513e8745b114f6f975116c6023c5489a46c35
DB3_Nasdaq.txt	12279	hjtopk	8.1439856665852270e-05	50	12	42	(1,2,4,5,3)	166.500555974535	0915e603170893fa760aa5d0320513e8745b114f6f975116c6023c5489a46c35
DB3_Nasdaq.txt	12279	hjtopk	8.1439856665852270e-05	50	12	43	(2,3,1,4)	148.509299486403	0915e603170893fa760aa5d0320513e8745b114f6f975116c6023c5489a46c35
DB3_Nasdaq.txt	12279	hjtopk	8.1439856665852270e-05	50	12	44	(1,2,4,3,5,6)	137.985831308679	0915e603170893fa760aa5d0320513e8745b114f6f975116c6023c5489a46c35
DB3_Nasdaq.txt	12279	hjtopk	8.1439856665852270e-05	50	12	45	(1,3,2,4,5,6)	136.689438622026	0915e603170893fa760aa5d0320513e8745b114f6f975116c6023c5489a46c35
DB3_Nasdaq.txt	12279	hjtopk	8.1439856665852270e-05	50	12	46	(1,2,3,5,4,6)	135.022932443058	0915e603170893fa760aa5d0320513e8745b114f6f975116c6023c5489a46c35
DB3_Nasdaq.txt	12279	hjtopk	8.1439856665852270e-05	50	12	47	(1,4,2,3)	133.187831345601	0915e603170893fa760aa5d0320513e8745b114f6f975116c6023c5489a46c35
DB3_Nasdaq.txt	12279	hjtopk	8.1439856665852270e-05	50	12	48	(5,4,2,3,1)	130.231367710656	0915e603170893fa760aa5d0320513e8745b114f6f975116c6023c5489a46c35
DB3_Nasdaq.txt	12279	hjtopk	8.1439856665852270e-05	50	12	49	(3,2,4,1)	129.873005503623	0915e603170893fa760aa5d0320513e8745b114f6f975116c6023c5489a46c35
DB3_Nasdaq.txt	12279	hjtopk	8.1439856665852270e-05	50	12	50	(4,1,3,2)	127.258284016382	0915e603170893fa760aa5d0320513e8745b114f6f975116c6023c5489a46c35
DB3_Nasdaq.txt	12279	tk-no-bounds	8.1439856665852270e-05	50	12	1	(1,2)	4306.539754814618	0915e603170893fa760aa5d0320513e8745b114f6f975116c6023c5489a46c35
DB3_Nasdaq.txt	12279	tk-no-bounds	8.1439856665852270e-05	50	12	2	(2,1)	3435.691639539864	0915e603170893fa760aa5d0320513e8745b114f6f975116c6023c5489a46c35
DB3_Nasdaq.txt	12279	tk-no-bounds	8.1439856665852270e-05	50	12	3	(1,2,3)	2532.083336141936	0915e603170893fa760aa5d0320513e8745b114f6f975116c6023c5489a46c35
DB3_Nasdaq.txt	12279	tk-no-bounds	8.1439856665852270e-05	50	12	4	(3,2,1)	1662.909892814645	0915e603170893fa760aa5d0320513e8745b114f6f975116c6023c5489a46c35
DB3_Nasdaq.txt	12279	tk-no-bounds	8.1439856665852270e-05	50	12	5	(1,2,3,4)	1502.214498933012	0915e603170893fa760aa5d0320513e8745b114f6f975116c6023c5489a46c35
DB3_Nasdaq.txt	12279	tk-no-bounds	8.1439856665852270e-05	50	12	6	(1,3,2)	916.158427292220	0915e603170893fa760aa5d0320513e8745b114f6f975116c6023c5489a46c35
DB3_Nasdaq.txt	12279	tk-no-bounds	8.1439856665852270e-05	50	12	7	(2,1,3)	909.642476518848	0915e603170893fa760aa5d0320513e8745b114f6f975116c6023c5489a46c35
DB3_Nasdaq.txt	12279	tk-no-bounds	8.1439856665852270e-05	50	12	8	(1,2,3,4,5)	874.446982567553	0915e603170893fa760aa5d0320513e8745b114f6f975116c6023c5489a46c35
DB3_Nasdaq.txt	12279	tk-no-bounds	8.1439856665852270e-05	50	12	9	(3,1,2)	843.900616542633	0915e603170893fa760aa5d0320513e8745b114f6f975116c6023c5489a46c35
DB3_Nasdaq.txt	12279	tk-no-bounds	8.1439856665852270e-05	50	12	10	(2,3,1)	842.440800387188	0915e603170893fa760aa5d0320513e8745b114f6f975116c6023c5489a46c35
DB3_Nasdaq.txt	12279	tk-no-bounds	8.1439856665852270e-05	50	12	11	(4,3,2,1)	806.878999030302	0915e603170893fa760aa5d0320513e8745b114f6f975116c6023c5489a46c35
DB3_Nasdaq.txt	12279	tk-no-bounds	8.1439856665852270e-05	50	12	12	(1,2,4,3)	541.899303357094	0915e603170893fa760aa5d0320513e8745b114f6f975116c6023c5489a46c35
DB3_Nasdaq.txt	12279	tk-no-bounds	8.1439856665852270e-05	50	12	13	(2,1,3,4)	533.298662284372	0915e603170893fa760aa5d0320513e8745b114f6f975116c6023c5489a46c35
DB3_Nasdaq.txt	12279	tk-no-bounds	8.1439856665852270e-05	50	12	14	(1,2,3,4,5,6)	518.907109363217	0915e603170893fa760aa5d0320513e8745b114f6f975116c6023c5489a46c35
DB3_Nasdaq.txt	12279	tk-no-bounds	8.1439856665852270e-05	50	12	15	(4,3,1,2)	443.158764149273	0915e603170893fa760aa5d0320513e8745b114f6f975116c6023c5489a46c35
DB3_Nasdaq.txt	12279	tk-no-bounds	8.1439856665852270e-05	50	12	16	(3,4,2,1)	427.107729753597	0915e603170893fa760aa5d0320513e8745b114f6f975116c6023c5489a46c35
DB3_Nasdaq.txt	12279	tk-no-bounds	8.1439856665852270e-05	50	12	17	(5,4,3,2,1)	387.366872135863	0915e603170893fa760aa5d0320513e8745b114f6f975116c6023c5489a46c35
DB3_Nasdaq.txt	12279	tk-no-bounds	8.1439856665852270e-05	50	12	18	(1,3,2,4)	355.262298580036	0915e603170893fa760aa5d0320513e8745b114f6f975116c6023c5489a46c35
DB3_Nasdaq.txt	12279	tk-no-bounds	8.1439856665852270e-05	50	12	19	(2,1,3,4,5)	327.547157590910	0915e603170893fa760aa5d0320513e8745b114f6f975116c6023c5489a46c35
DB3_Nasdaq.txt	12279	tk-no-bounds	8.1439856665852270e-05	50	12	20	(1,2,3,5,4)	318.424594734150	0915e603170893fa760aa5d0320513e8745b114f6f975116c6023c5489a46c35
DB3_Nasdaq.txt	12279	tk-no-bounds	8.1439856665852270e-05	50	12	21	(1,2,3,4,5,6,7)	308.097678860555	0915e603170893fa760aa5d0320513e8745b114f6f975116c6023c5489a46c35
DB3_Nasdaq.txt	12279	tk-no-bounds	8.1439856665852270e-05	50	12	22	(3,1,2,4)	286.341735745331	0915e603170893fa760aa5d0320513e8745b114f6f975116c6023c5489a46c35
DB3_Nasdaq.txt	12279	tk-no-bounds	8.1439856665852270e-05	50	12	23	(1,3,4,2)	259.644682773096	0915e603170893fa760aa5d0320513e8745b114f6f975116c6023c5489a46c35
DB3_Nasdaq.txt	12279	tk-no-bounds	8.1439856665852270e-05	50	12	24	(2,4,3,1)	239.252019038025	0915e603170893fa760aa5d0320513e8745b114f6f975116c6023c5489a46c35
DB3_Nasdaq.txt	12279	tk-no-bounds	8.1439856665852270e-05	50	12	25	(4,2,3,1)	230.840031314086	0915e603170893fa760aa5d0320513e8745b114f6f975116c6023c5489a46c35
DB3_Nasdaq.txt	12279	tk-no-bounds	8.1439856665852270e-05	50	12	26	(4,2,1,3)	225.748933179316	0915e603170893fa760aa5d0320513e8745b114f6f975116c6023c5489a46c35
DB3_Nasdaq.txt	12279	tk-no-bounds	8.1439856665852270e-05	50	12	27	(1,2,4,3,5)	224.522552283322	0915e603170893fa760aa5d0320513e8745b114f6f975116c6023c5489a46c35
DB3_Nasdaq.txt	12279	tk-no-bounds	8.1439856665852270e-05	50	12	28	(5,4,3,1,2)	218.374221770895	0915e603170893fa760aa5d0320513e8745b114f6f975116c6023c5489a46c35
DB3_Nasdaq.txt	12279	tk-no-bounds	8.1439856665852270e-05	50	12	29	(4,5,3,2,1)	217.324824193282	0915e603170893fa760aa5d0320513e8745b114f6f975116c6023c5489a46c35
DB3_Nasdaq.txt	12279	tk-no-bounds	8.1439856665852270e-05	50	12	30	(2,3,4,1)	215.093362280392	0915e603170893fa760aa5d0320513e8745b114f6f975116c6023c5489a46c35
DB3_Nasdaq.txt	12279	tk-no-bounds	8.1439856665852270e-05	50	12	31	(1,3,2,4,5)	213.469775282983	0915e603170893fa760aa5d0320513e8745b114f6f975116c6023c5489a46c35
DB3_Nasdaq.txt	12279	tk-no-bounds	8.1439856665852270e-05	50	12	32	(4,1,2,3)	194.308079544415	0915e603170893fa760aa5d0320513e8745b114f6f975116c6023c5489a46c35
DB3_Nasdaq.txt	12279	tk-no-bounds	8.1439856665852270e-05	50	12	33	(6,5,4,3,2,1)	192.049311983558	0915e603170893fa760aa5d0320513e8745b114f6f975116c6023c5489a46c35
DB3_Nasdaq.txt	12279	tk-no-bounds	8.1439856665852270e-05	50	12	34	(1,2,3,4,6,5)	188.720683076959	0915e603170893fa760aa5d0320513e8745b114f6f975116c6023c5489a46c35
DB3_Nasdaq.txt	12279	tk-no-bounds	8.1439856665852270e-05	50	12	35	(2,1,3,4,5,6)	184.939843916396	0915e603170893fa760aa5d0320513e8745b114f6f975116c6023c5489a46c35
DB3_Nasdaq.txt	12279	tk-no-bounds	8.1439856665852270e-05	50	12	36	(1,2,3,4,5,6,7,8)	184.436937420944	0915e603170893fa760aa5d0320513e8745b114f6f975116c6023c5489a46c35
DB3_Nasdaq.txt	12279	tk-no-bounds	8.1439856665852270e-05	50	12	37	(3,4,1,2)	181.050146021960	0915e603170893fa760aa5d0320513e8745b114f6f975116c6023c5489a46c35
DB3_Nasdaq.txt	12279	tk-no-bounds	8.1439856665852270e-05	50	12	38	(1,4,3,2)	179.106721981741	0915e603170893fa760aa5d0320513e8745b114f6f975116c6023c5489a46c35
DB3_Nasdaq.txt	12279	tk-no-bounds	8.1439856665852270e-05	50	12	39	(2,1,4,3)	177.561211599171	0915e603170893fa760aa5d0320513e8745b114f6f975116c6023c5489a46c35
DB3_Nasdaq.txt	12279	tk-no-bounds	8.1439856665852270e-05	50	12	40	(3,2,1,4)	176.764075486373	0915e603170893fa760aa5d0320513e8745b114f6f975116c6023c5489a46c35
DB3_Nasdaq.txt	12279	tk-no-bounds	8.1439856665852270e-05	50	12	41	(3,1,2,4,5)	173.576683340789	0915e603170893fa760aa5d0320513e8745b114f6f975116c6023c5489a46c35
DB3_Nasdaq.txt	12279	tk-no-bounds	8.1439856665852270e-05	50	12	42	(1,2,4,5,3)	166.500555974535	0915e603170893fa760aa5d0320513e8745b114f6f975116c6023c5489a46c35
DB3_Nasdaq.txt	12279	tk-no-bounds	8.1439856665852270e-05	50	12	43	(2,3,1,4)	148.509299486403	0915e603170893fa760aa5d0320513e8745b114f6f975116c6023c5489a46c35
DB3_Nasdaq.txt	12279	tk-no-bounds	8.1439856665852270e-05	50	12	44	(1,2,4,3,5,6)	137.985831308679	0915e603170893fa760aa5d0320513e8745b114f6f975116c6023c5489a46c35
DB3_Nasdaq.txt	12279	tk-no-bounds	8.1439856665852270e-05	50	12	45	(1,3,2,4,5,6)	136.689438622026	0915e603170893fa760aa5d0320513e8745b114f6f975116c6023c5489a46c35
DB3_Nasdaq.txt	12279	tk-no-bounds	8.1439856665852270e-05	50	12	46	(1,2,3,5,4,6)	135.022932443058	0915e603170893fa760aa5d0320513e8745b114f6f975116c6023c5489a46c35
DB3_Nasdaq.txt	12279	tk-no-bounds	8.1439856665852270e-05	50	12	47	(1,4,2,3)	133.187831345601	0915e603170893fa760aa5d0320513e8745b114f6f975116c6023c5489a46c35
DB3_Nasdaq.txt	12279	tk-no-bounds	8.1439856665852270e-05	50	12	48	(5,4,2,3,1)	130.231367710656	0915e603170893fa760aa5d0320513e8745b114f6f975116c6023c5489a46c35
DB3_Nasdaq.txt	12279	tk-no-bounds	8.1439856665852270e-05	50	12	49	(3,2,4,1)	129.873005503623	0915e603170893fa760aa5d0320513e8745b114f6f975116c6023c5489a46c35
DB3_Nasdaq.txt	12279	tk-no-bounds	8.1439856665852270e-05	50	12	50	(4,1,3,2)	127.258284016382	0915e603170893fa760aa5d0320513e8745b114f6f975116c6023c5489a46c35
DB3_Nasdaq.txt	12279	tk-no-pdub	8.1439856665852270e-05	50	12	1	(1,2)	4306.539754814618	0915e603170893fa760aa5d0320513e8745b114f6f975116c6023c5489a46c35
DB3_Nasdaq.txt	12279	tk-no-pdub	8.1439856665852270e-05	50	12	2	(2,1)	3435.691639539864	0915e603170893fa760aa5d0320513e8745b114f6f975116c6023c5489a46c35
DB3_Nasdaq.txt	12279	tk-no-pdub	8.1439856665852270e-05	50	12	3	(1,2,3)	2532.083336141936	0915e603170893fa760aa5d0320513e8745b114f6f975116c6023c5489a46c35
DB3_Nasdaq.txt	12279	tk-no-pdub	8.1439856665852270e-05	50	12	4	(3,2,1)	1662.909892814645	0915e603170893fa760aa5d0320513e8745b114f6f975116c6023c5489a46c35
DB3_Nasdaq.txt	12279	tk-no-pdub	8.1439856665852270e-05	50	12	5	(1,2,3,4)	1502.214498933012	0915e603170893fa760aa5d0320513e8745b114f6f975116c6023c5489a46c35
DB3_Nasdaq.txt	12279	tk-no-pdub	8.1439856665852270e-05	50	12	6	(1,3,2)	916.158427292220	0915e603170893fa760aa5d0320513e8745b114f6f975116c6023c5489a46c35
DB3_Nasdaq.txt	12279	tk-no-pdub	8.1439856665852270e-05	50	12	7	(2,1,3)	909.642476518848	0915e603170893fa760aa5d0320513e8745b114f6f975116c6023c5489a46c35
DB3_Nasdaq.txt	12279	tk-no-pdub	8.1439856665852270e-05	50	12	8	(1,2,3,4,5)	874.446982567553	0915e603170893fa760aa5d0320513e8745b114f6f975116c6023c5489a46c35
DB3_Nasdaq.txt	12279	tk-no-pdub	8.1439856665852270e-05	50	12	9	(3,1,2)	843.900616542633	0915e603170893fa760aa5d0320513e8745b114f6f975116c6023c5489a46c35
DB3_Nasdaq.txt	12279	tk-no-pdub	8.1439856665852270e-05	50	12	10	(2,3,1)	842.440800387188	0915e603170893fa760aa5d0320513e8745b114f6f975116c6023c5489a46c35
DB3_Nasdaq.txt	12279	tk-no-pdub	8.1439856665852270e-05	50	12	11	(4,3,2,1)	806.878999030302	0915e603170893fa760aa5d0320513e8745b114f6f975116c6023c5489a46c35
DB3_Nasdaq.txt	12279	tk-no-pdub	8.1439856665852270e-05	50	12	12	(1,2,4,3)	541.899303357094	0915e603170893fa760aa5d0320513e8745b114f6f975116c6023c5489a46c35
DB3_Nasdaq.txt	12279	tk-no-pdub	8.1439856665852270e-05	50	12	13	(2,1,3,4)	533.298662284372	0915e603170893fa760aa5d0320513e8745b114f6f975116c6023c5489a46c35
DB3_Nasdaq.txt	12279	tk-no-pdub	8.1439856665852270e-05	50	12	14	(1,2,3,4,5,6)	518.907109363217	0915e603170893fa760aa5d0320513e8745b114f6f975116c6023c5489a46c35
DB3_Nasdaq.txt	12279	tk-no-pdub	8.1439856665852270e-05	50	12	15	(4,3,1,2)	443.158764149273	0915e603170893fa760aa5d0320513e8745b114f6f975116c6023c5489a46c35
DB3_Nasdaq.txt	12279	tk-no-pdub	8.1439856665852270e-05	50	12	16	(3,4,2,1)	427.107729753597	0915e603170893fa760aa5d0320513e8745b114f6f975116c6023c5489a46c35
DB3_Nasdaq.txt	12279	tk-no-pdub	8.1439856665852270e-05	50	12	17	(5,4,3,2,1)	387.366872135863	0915e603170893fa760aa5d0320513e8745b114f6f975116c6023c5489a46c35
DB3_Nasdaq.txt	12279	tk-no-pdub	8.1439856665852270e-05	50	12	18	(1,3,2,4)	355.262298580036	0915e603170893fa760aa5d0320513e8745b114f6f975116c6023c5489a46c35
DB3_Nasdaq.txt	12279	tk-no-pdub	8.1439856665852270e-05	50	12	19	(2,1,3,4,5)	327.547157590910	0915e603170893fa760aa5d0320513e8745b114f6f975116c6023c5489a46c35
DB3_Nasdaq.txt	12279	tk-no-pdub	8.1439856665852270e-05	50	12	20	(1,2,3,5,4)	318.424594734150	0915e603170893fa760aa5d0320513e8745b114f6f975116c6023c5489a46c35
DB3_Nasdaq.txt	12279	tk-no-pdub	8.1439856665852270e-05	50	12	21	(1,2,3,4,5,6,7)	308.097678860555	0915e603170893fa760aa5d0320513e8745b114f6f975116c6023c5489a46c35
DB3_Nasdaq.txt	12279	tk-no-pdub	8.1439856665852270e-05	50	12	22	(3,1,2,4)	286.341735745331	0915e603170893fa760aa5d0320513e8745b114f6f975116c6023c5489a46c35
DB3_Nasdaq.txt	12279	tk-no-pdub	8.1439856665852270e-05	50	12	23	(1,3,4,2)	259.644682773096	0915e603170893fa760aa5d0320513e8745b114f6f975116c6023c5489a46c35
DB3_Nasdaq.txt	12279	tk-no-pdub	8.1439856665852270e-05	50	12	24	(2,4,3,1)	239.252019038025	0915e603170893fa760aa5d0320513e8745b114f6f975116c6023c5489a46c35
DB3_Nasdaq.txt	12279	tk-no-pdub	8.1439856665852270e-05	50	12	25	(4,2,3,1)	230.840031314086	0915e603170893fa760aa5d0320513e8745b114f6f975116c6023c5489a46c35
DB3_Nasdaq.txt	12279	tk-no-pdub	8.1439856665852270e-05	50	12	26	(4,2,1,3)	225.748933179316	0915e603170893fa760aa5d0320513e8745b114f6f975116c6023c5489a46c35
DB3_Nasdaq.txt	12279	tk-no-pdub	8.1439856665852270e-05	50	12	27	(1,2,4,3,5)	224.522552283322	0915e603170893fa760aa5d0320513e8745b114f6f975116c6023c5489a46c35
DB3_Nasdaq.txt	12279	tk-no-pdub	8.1439856665852270e-05	50	12	28	(5,4,3,1,2)	218.374221770895	0915e603170893fa760aa5d0320513e8745b114f6f975116c6023c5489a46c35
DB3_Nasdaq.txt	12279	tk-no-pdub	8.1439856665852270e-05	50	12	29	(4,5,3,2,1)	217.324824193282	0915e603170893fa760aa5d0320513e8745b114f6f975116c6023c5489a46c35
DB3_Nasdaq.txt	12279	tk-no-pdub	8.1439856665852270e-05	50	12	30	(2,3,4,1)	215.093362280392	0915e603170893fa760aa5d0320513e8745b114f6f975116c6023c5489a46c35
DB3_Nasdaq.txt	12279	tk-no-pdub	8.1439856665852270e-05	50	12	31	(1,3,2,4,5)	213.469775282983	0915e603170893fa760aa5d0320513e8745b114f6f975116c6023c5489a46c35
DB3_Nasdaq.txt	12279	tk-no-pdub	8.1439856665852270e-05	50	12	32	(4,1,2,3)	194.308079544415	0915e603170893fa760aa5d0320513e8745b114f6f975116c6023c5489a46c35
DB3_Nasdaq.txt	12279	tk-no-pdub	8.1439856665852270e-05	50	12	33	(6,5,4,3,2,1)	192.049311983558	0915e603170893fa760aa5d0320513e8745b114f6f975116c6023c5489a46c35
DB3_Nasdaq.txt	12279	tk-no-pdub	8.1439856665852270e-05	50	12	34	(1,2,3,4,6,5)	188.720683076959	0915e603170893fa760aa5d0320513e8745b114f6f975116c6023c5489a46c35
DB3_Nasdaq.txt	12279	tk-no-pdub	8.1439856665852270e-05	50	12	35	(2,1,3,4,5,6)	184.939843916396	0915e603170893fa760aa5d0320513e8745b114f6f975116c6023c5489a46c35
DB3_Nasdaq.txt	12279	tk-no-pdub	8.1439856665852270e-05	50	12	36	(1,2,3,4,5,6,7,8)	184.436937420944	0915e603170893fa760aa5d0320513e8745b114f6f975116c6023c5489a46c35
DB3_Nasdaq.txt	12279	tk-no-pdub	8.1439856665852270e-05	50	12	37	(3,4,1,2)	181.050146021960	0915e603170893fa760aa5d0320513e8745b114f6f975116c6023c5489a46c35
DB3_Nasdaq.txt	12279	tk-no-pdub	8.1439856665852270e-05	50	12	38	(1,4,3,2)	179.106721981741	0915e603170893fa760aa5d0320513e8745b114f6f975116c6023c5489a46c35
DB3_Nasdaq.txt	12279	tk-no-pdub	8.1439856665852270e-05	50	12	39	(2,1,4,3)	177.561211599171	0915e603170893fa760aa5d0320513e8745b114f6f975116c6023c5489a46c35
DB3_Nasdaq.txt	12279	tk-no-pdub	8.1439856665852270e-05	50	12	40	(3,2,1,4)	176.764075486373	0915e603170893fa760aa5d0320513e8745b114f6f975116c6023c5489a46c35
DB3_Nasdaq.txt	12279	tk-no-pdub	8.1439856665852270e-05	50	12	41	(3,1,2,4,5)	173.576683340789	0915e603170893fa760aa5d0320513e8745b114f6f975116c6023c5489a46c35
DB3_Nasdaq.txt	12279	tk-no-pdub	8.1439856665852270e-05	50	12	42	(1,2,4,5,3)	166.500555974535	0915e603170893fa760aa5d0320513e8745b114f6f975116c6023c5489a46c35
DB3_Nasdaq.txt	12279	tk-no-pdub	8.1439856665852270e-05	50	12	43	(2,3,1,4)	148.509299486403	0915e603170893fa760aa5d0320513e8745b114f6f975116c6023c5489a46c35
DB3_Nasdaq.txt	12279	tk-no-pdub	8.1439856665852270e-05	50	12	44	(1,2,4,3,5,6)	137.985831308679	0915e603170893fa760aa5d0320513e8745b114f6f975116c6023c5489a46c35
DB3_Nasdaq.txt	12279	tk-no-pdub	8.1439856665852270e-05	50	12	45	(1,3,2,4,5,6)	136.689438622026	0915e603170893fa760aa5d0320513e8745b114f6f975116c6023c5489a46c35
DB3_Nasdaq.txt	12279	tk-no-pdub	8.1439856665852270e-05	50	12	46	(1,2,3,5,4,6)	135.022932443058	0915e603170893fa760aa5d0320513e8745b114f6f975116c6023c5489a46c35
DB3_Nasdaq.txt	12279	tk-no-pdub	8.1439856665852270e-05	50	12	47	(1,4,2,3)	133.187831345601	0915e603170893fa760aa5d0320513e8745b114f6f975116c6023c5489a46c35
DB3_Nasdaq.txt	12279	tk-no-pdub	8.1439856665852270e-05	50	12	48	(5,4,2,3,1)	130.231367710656	0915e603170893fa760aa5d0320513e8745b114f6f975116c6023c5489a46c35
DB3_Nasdaq.txt	12279	tk-no-pdub	8.1439856665852270e-05	50	12	49	(3,2,4,1)	129.873005503623	0915e603170893fa760aa5d0320513e8745b114f6f975116c6023c5489a46c35
DB3_Nasdaq.txt	12279	tk-no-pdub	8.1439856665852270e-05	50	12	50	(4,1,3,2)	127.258284016382	0915e603170893fa760aa5d0320513e8745b114f6f975116c6023c5489a46c35
DB3_Nasdaq.txt	12279	tk-no-dub	8.1439856665852270e-05	50	12	1	(1,2)	4306.539754814618	0915e603170893fa760aa5d0320513e8745b114f6f975116c6023c5489a46c35
DB3_Nasdaq.txt	12279	tk-no-dub	8.1439856665852270e-05	50	12	2	(2,1)	3435.691639539864	0915e603170893fa760aa5d0320513e8745b114f6f975116c6023c5489a46c35
DB3_Nasdaq.txt	12279	tk-no-dub	8.1439856665852270e-05	50	12	3	(1,2,3)	2532.083336141936	0915e603170893fa760aa5d0320513e8745b114f6f975116c6023c5489a46c35
DB3_Nasdaq.txt	12279	tk-no-dub	8.1439856665852270e-05	50	12	4	(3,2,1)	1662.909892814645	0915e603170893fa760aa5d0320513e8745b114f6f975116c6023c5489a46c35
DB3_Nasdaq.txt	12279	tk-no-dub	8.1439856665852270e-05	50	12	5	(1,2,3,4)	1502.214498933012	0915e603170893fa760aa5d0320513e8745b114f6f975116c6023c5489a46c35
DB3_Nasdaq.txt	12279	tk-no-dub	8.1439856665852270e-05	50	12	6	(1,3,2)	916.158427292220	0915e603170893fa760aa5d0320513e8745b114f6f975116c6023c5489a46c35
DB3_Nasdaq.txt	12279	tk-no-dub	8.1439856665852270e-05	50	12	7	(2,1,3)	909.642476518848	0915e603170893fa760aa5d0320513e8745b114f6f975116c6023c5489a46c35
DB3_Nasdaq.txt	12279	tk-no-dub	8.1439856665852270e-05	50	12	8	(1,2,3,4,5)	874.446982567553	0915e603170893fa760aa5d0320513e8745b114f6f975116c6023c5489a46c35
DB3_Nasdaq.txt	12279	tk-no-dub	8.1439856665852270e-05	50	12	9	(3,1,2)	843.900616542633	0915e603170893fa760aa5d0320513e8745b114f6f975116c6023c5489a46c35
DB3_Nasdaq.txt	12279	tk-no-dub	8.1439856665852270e-05	50	12	10	(2,3,1)	842.440800387188	0915e603170893fa760aa5d0320513e8745b114f6f975116c6023c5489a46c35
DB3_Nasdaq.txt	12279	tk-no-dub	8.1439856665852270e-05	50	12	11	(4,3,2,1)	806.878999030302	0915e603170893fa760aa5d0320513e8745b114f6f975116c6023c5489a46c35
DB3_Nasdaq.txt	12279	tk-no-dub	8.1439856665852270e-05	50	12	12	(1,2,4,3)	541.899303357094	0915e603170893fa760aa5d0320513e8745b114f6f975116c6023c5489a46c35
DB3_Nasdaq.txt	12279	tk-no-dub	8.1439856665852270e-05	50	12	13	(2,1,3,4)	533.298662284372	0915e603170893fa760aa5d0320513e8745b114f6f975116c6023c5489a46c35
DB3_Nasdaq.txt	12279	tk-no-dub	8.1439856665852270e-05	50	12	14	(1,2,3,4,5,6)	518.907109363217	0915e603170893fa760aa5d0320513e8745b114f6f975116c6023c5489a46c35
DB3_Nasdaq.txt	12279	tk-no-dub	8.1439856665852270e-05	50	12	15	(4,3,1,2)	443.158764149273	0915e603170893fa760aa5d0320513e8745b114f6f975116c6023c5489a46c35
DB3_Nasdaq.txt	12279	tk-no-dub	8.1439856665852270e-05	50	12	16	(3,4,2,1)	427.107729753597	0915e603170893fa760aa5d0320513e8745b114f6f975116c6023c5489a46c35
DB3_Nasdaq.txt	12279	tk-no-dub	8.1439856665852270e-05	50	12	17	(5,4,3,2,1)	387.366872135863	0915e603170893fa760aa5d0320513e8745b114f6f975116c6023c5489a46c35
DB3_Nasdaq.txt	12279	tk-no-dub	8.1439856665852270e-05	50	12	18	(1,3,2,4)	355.262298580036	0915e603170893fa760aa5d0320513e8745b114f6f975116c6023c5489a46c35
DB3_Nasdaq.txt	12279	tk-no-dub	8.1439856665852270e-05	50	12	19	(2,1,3,4,5)	327.547157590910	0915e603170893fa760aa5d0320513e8745b114f6f975116c6023c5489a46c35
DB3_Nasdaq.txt	12279	tk-no-dub	8.1439856665852270e-05	50	12	20	(1,2,3,5,4)	318.424594734150	0915e603170893fa760aa5d0320513e8745b114f6f975116c6023c5489a46c35
DB3_Nasdaq.txt	12279	tk-no-dub	8.1439856665852270e-05	50	12	21	(1,2,3,4,5,6,7)	308.097678860555	0915e603170893fa760aa5d0320513e8745b114f6f975116c6023c5489a46c35
DB3_Nasdaq.txt	12279	tk-no-dub	8.1439856665852270e-05	50	12	22	(3,1,2,4)	286.341735745331	0915e603170893fa760aa5d0320513e8745b114f6f975116c6023c5489a46c35
DB3_Nasdaq.txt	12279	tk-no-dub	8.1439856665852270e-05	50	12	23	(1,3,4,2)	259.644682773096	0915e603170893fa760aa5d0320513e8745b114f6f975116c6023c5489a46c35
DB3_Nasdaq.txt	12279	tk-no-dub	8.1439856665852270e-05	50	12	24	(2,4,3,1)	239.252019038025	0915e603170893fa760aa5d0320513e8745b114f6f975116c6023c5489a46c35
DB3_Nasdaq.txt	12279	tk-no-dub	8.1439856665852270e-05	50	12	25	(4,2,3,1)	230.840031314086	0915e603170893fa760aa5d0320513e8745b114f6f975116c6023c5489a46c35
DB3_Nasdaq.txt	12279	tk-no-dub	8.1439856665852270e-05	50	12	26	(4,2,1,3)	225.748933179316	0915e603170893fa760aa5d0320513e8745b114f6f975116c6023c5489a46c35
DB3_Nasdaq.txt	12279	tk-no-dub	8.1439856665852270e-05	50	12	27	(1,2,4,3,5)	224.522552283322	0915e603170893fa760aa5d0320513e8745b114f6f975116c6023c5489a46c35
DB3_Nasdaq.txt	12279	tk-no-dub	8.1439856665852270e-05	50	12	28	(5,4,3,1,2)	218.374221770895	0915e603170893fa760aa5d0320513e8745b114f6f975116c6023c5489a46c35
DB3_Nasdaq.txt	12279	tk-no-dub	8.1439856665852270e-05	50	12	29	(4,5,3,2,1)	217.324824193282	0915e603170893fa760aa5d0320513e8745b114f6f975116c6023c5489a46c35
DB3_Nasdaq.txt	12279	tk-no-dub	8.1439856665852270e-05	50	12	30	(2,3,4,1)	215.093362280392	0915e603170893fa760aa5d0320513e8745b114f6f975116c6023c5489a46c35
DB3_Nasdaq.txt	12279	tk-no-dub	8.1439856665852270e-05	50	12	31	(1,3,2,4,5)	213.469775282983	0915e603170893fa760aa5d0320513e8745b114f6f975116c6023c5489a46c35
DB3_Nasdaq.txt	12279	tk-no-dub	8.1439856665852270e-05	50	12	32	(4,1,2,3)	194.308079544415	0915e603170893fa760aa5d0320513e8745b114f6f975116c6023c5489a46c35
DB3_Nasdaq.txt	12279	tk-no-dub	8.1439856665852270e-05	50	12	33	(6,5,4,3,2,1)	192.049311983558	0915e603170893fa760aa5d0320513e8745b114f6f975116c6023c5489a46c35
DB3_Nasdaq.txt	12279	tk-no-dub	8.1439856665852270e-05	50	12	34	(1,2,3,4,6,5)	188.720683076959	0915e603170893fa760aa5d0320513e8745b114f6f975116c6023c5489a46c35
DB3_Nasdaq.txt	12279	tk-no-dub	8.1439856665852270e-05	50	12	35	(2,1,3,4,5,6)	184.939843916396	0915e603170893fa760aa5d0320513e8745b114f6f975116c6023c5489a46c35
DB3_Nasdaq.txt	12279	tk-no-dub	8.1439856665852270e-05	50	12	36	(1,2,3,4,5,6,7,8)	184.436937420944	0915e603170893fa760aa5d0320513e8745b114f6f975116c6023c5489a46c35
DB3_Nasdaq.txt	12279	tk-no-dub	8.1439856665852270e-05	50	12	37	(3,4,1,2)	181.050146021960	0915e603170893fa760aa5d0320513e8745b114f6f975116c6023c5489a46c35
DB3_Nasdaq.txt	12279	tk-no-dub	8.1439856665852270e-05	50	12	38	(1,4,3,2)	179.106721981741	0915e603170893fa760aa5d0320513e8745b114f6f975116c6023c5489a46c35
DB3_Nasdaq.txt	12279	tk-no-dub	8.1439856665852270e-05	50	12	39	(2,1,4,3)	177.561211599171	0915e603170893fa760aa5d0320513e8745b114f6f975116c6023c5489a46c35
DB3_Nasdaq.txt	12279	tk-no-dub	8.1439856665852270e-05	50	12	40	(3,2,1,4)	176.764075486373	0915e603170893fa760aa5d0320513e8745b114f6f975116c6023c5489a46c35
DB3_Nasdaq.txt	12279	tk-no-dub	8.1439856665852270e-05	50	12	41	(3,1,2,4,5)	173.576683340789	0915e603170893fa760aa5d0320513e8745b114f6f975116c6023c5489a46c35
DB3_Nasdaq.txt	12279	tk-no-dub	8.1439856665852270e-05	50	12	42	(1,2,4,5,3)	166.500555974535	0915e603170893fa760aa5d0320513e8745b114f6f975116c6023c5489a46c35
DB3_Nasdaq.txt	12279	tk-no-dub	8.1439856665852270e-05	50	12	43	(2,3,1,4)	148.509299486403	0915e603170893fa760aa5d0320513e8745b114f6f975116c6023c5489a46c35
DB3_Nasdaq.txt	12279	tk-no-dub	8.1439856665852270e-05	50	12	44	(1,2,4,3,5,6)	137.985831308679	0915e603170893fa760aa5d0320513e8745b114f6f975116c6023c5489a46c35
DB3_Nasdaq.txt	12279	tk-no-dub	8.1439856665852270e-05	50	12	45	(1,3,2,4,5,6)	136.689438622026	0915e603170893fa760aa5d0320513e8745b114f6f975116c6023c5489a46c35
DB3_Nasdaq.txt	12279	tk-no-dub	8.1439856665852270e-05	50	12	46	(1,2,3,5,4,6)	135.022932443058	0915e603170893fa760aa5d0320513e8745b114f6f975116c6023c5489a46c35
DB3_Nasdaq.txt	12279	tk-no-dub	8.1439856665852270e-05	50	12	47	(1,4,2,3)	133.187831345601	0915e603170893fa760aa5d0320513e8745b114f6f975116c6023c5489a46c35
DB3_Nasdaq.txt	12279	tk-no-dub	8.1439856665852270e-05	50	12	48	(5,4,2,3,1)	130.231367710656	0915e603170893fa760aa5d0320513e8745b114f6f975116c6023c5489a46c35
DB3_Nasdaq.txt	12279	tk-no-dub	8.1439856665852270e-05	50	12	49	(3,2,4,1)	129.873005503623	0915e603170893fa760aa5d0320513e8745b114f6f975116c6023c5489a46c35
DB3_Nasdaq.txt	12279	tk-no-dub	8.1439856665852270e-05	50	12	50	(4,1,3,2)	127.258284016382	0915e603170893fa760aa5d0320513e8745b114f6f975116c6023c5489a46c35
DB3_Nasdaq.txt	12279	tk	8.1439856665852270e-05	50	12	1	(1,2)	4306.539754814618	0915e603170893fa760aa5d0320513e8745b114f6f975116c6023c5489a46c35
DB3_Nasdaq.txt	12279	tk	8.1439856665852270e-05	50	12	2	(2,1)	3435.691639539864	0915e603170893fa760aa5d0320513e8745b114f6f975116c6023c5489a46c35
DB3_Nasdaq.txt	12279	tk	8.1439856665852270e-05	50	12	3	(1,2,3)	2532.083336141936	0915e603170893fa760aa5d0320513e8745b114f6f975116c6023c5489a46c35
DB3_Nasdaq.txt	12279	tk	8.1439856665852270e-05	50	12	4	(3,2,1)	1662.909892814645	0915e603170893fa760aa5d0320513e8745b114f6f975116c6023c5489a46c35
DB3_Nasdaq.txt	12279	tk	8.1439856665852270e-05	50	12	5	(1,2,3,4)	1502.214498933012	0915e603170893fa760aa5d0320513e8745b114f6f975116c6023c5489a46c35
DB3_Nasdaq.txt	12279	tk	8.1439856665852270e-05	50	12	6	(1,3,2)	916.158427292220	0915e603170893fa760aa5d0320513e8745b114f6f975116c6023c5489a46c35
DB3_Nasdaq.txt	12279	tk	8.1439856665852270e-05	50	12	7	(2,1,3)	909.642476518848	0915e603170893fa760aa5d0320513e8745b114f6f975116c6023c5489a46c35
DB3_Nasdaq.txt	12279	tk	8.1439856665852270e-05	50	12	8	(1,2,3,4,5)	874.446982567553	0915e603170893fa760aa5d0320513e8745b114f6f975116c6023c5489a46c35
DB3_Nasdaq.txt	12279	tk	8.1439856665852270e-05	50	12	9	(3,1,2)	843.900616542633	0915e603170893fa760aa5d0320513e8745b114f6f975116c6023c5489a46c35
DB3_Nasdaq.txt	12279	tk	8.1439856665852270e-05	50	12	10	(2,3,1)	842.440800387188	0915e603170893fa760aa5d0320513e8745b114f6f975116c6023c5489a46c35
DB3_Nasdaq.txt	12279	tk	8.1439856665852270e-05	50	12	11	(4,3,2,1)	806.878999030302	0915e603170893fa760aa5d0320513e8745b114f6f975116c6023c5489a46c35
DB3_Nasdaq.txt	12279	tk	8.1439856665852270e-05	50	12	12	(1,2,4,3)	541.899303357094	0915e603170893fa760aa5d0320513e8745b114f6f975116c6023c5489a46c35
DB3_Nasdaq.txt	12279	tk	8.1439856665852270e-05	50	12	13	(2,1,3,4)	533.298662284372	0915e603170893fa760aa5d0320513e8745b114f6f975116c6023c5489a46c35
DB3_Nasdaq.txt	12279	tk	8.1439856665852270e-05	50	12	14	(1,2,3,4,5,6)	518.907109363217	0915e603170893fa760aa5d0320513e8745b114f6f975116c6023c5489a46c35
DB3_Nasdaq.txt	12279	tk	8.1439856665852270e-05	50	12	15	(4,3,1,2)	443.158764149273	0915e603170893fa760aa5d0320513e8745b114f6f975116c6023c5489a46c35
DB3_Nasdaq.txt	12279	tk	8.1439856665852270e-05	50	12	16	(3,4,2,1)	427.107729753597	0915e603170893fa760aa5d0320513e8745b114f6f975116c6023c5489a46c35
DB3_Nasdaq.txt	12279	tk	8.1439856665852270e-05	50	12	17	(5,4,3,2,1)	387.366872135863	0915e603170893fa760aa5d0320513e8745b114f6f975116c6023c5489a46c35
DB3_Nasdaq.txt	12279	tk	8.1439856665852270e-05	50	12	18	(1,3,2,4)	355.262298580036	0915e603170893fa760aa5d0320513e8745b114f6f975116c6023c5489a46c35
DB3_Nasdaq.txt	12279	tk	8.1439856665852270e-05	50	12	19	(2,1,3,4,5)	327.547157590910	0915e603170893fa760aa5d0320513e8745b114f6f975116c6023c5489a46c35
DB3_Nasdaq.txt	12279	tk	8.1439856665852270e-05	50	12	20	(1,2,3,5,4)	318.424594734150	0915e603170893fa760aa5d0320513e8745b114f6f975116c6023c5489a46c35
DB3_Nasdaq.txt	12279	tk	8.1439856665852270e-05	50	12	21	(1,2,3,4,5,6,7)	308.097678860555	0915e603170893fa760aa5d0320513e8745b114f6f975116c6023c5489a46c35
DB3_Nasdaq.txt	12279	tk	8.1439856665852270e-05	50	12	22	(3,1,2,4)	286.341735745331	0915e603170893fa760aa5d0320513e8745b114f6f975116c6023c5489a46c35
DB3_Nasdaq.txt	12279	tk	8.1439856665852270e-05	50	12	23	(1,3,4,2)	259.644682773096	0915e603170893fa760aa5d0320513e8745b114f6f975116c6023c5489a46c35
DB3_Nasdaq.txt	12279	tk	8.1439856665852270e-05	50	12	24	(2,4,3,1)	239.252019038025	0915e603170893fa760aa5d0320513e8745b114f6f975116c6023c5489a46c35
DB3_Nasdaq.txt	12279	tk	8.1439856665852270e-05	50	12	25	(4,2,3,1)	230.840031314086	0915e603170893fa760aa5d0320513e8745b114f6f975116c6023c5489a46c35
DB3_Nasdaq.txt	12279	tk	8.1439856665852270e-05	50	12	26	(4,2,1,3)	225.748933179316	0915e603170893fa760aa5d0320513e8745b114f6f975116c6023c5489a46c35
DB3_Nasdaq.txt	12279	tk	8.1439856665852270e-05	50	12	27	(1,2,4,3,5)	224.522552283322	0915e603170893fa760aa5d0320513e8745b114f6f975116c6023c5489a46c35
DB3_Nasdaq.txt	12279	tk	8.1439856665852270e-05	50	12	28	(5,4,3,1,2)	218.374221770895	0915e603170893fa760aa5d0320513e8745b114f6f975116c6023c5489a46c35
DB3_Nasdaq.txt	12279	tk	8.1439856665852270e-05	50	12	29	(4,5,3,2,1)	217.324824193282	0915e603170893fa760aa5d0320513e8745b114f6f975116c6023c5489a46c35
DB3_Nasdaq.txt	12279	tk	8.1439856665852270e-05	50	12	30	(2,3,4,1)	215.093362280392	0915e603170893fa760aa5d0320513e8745b114f6f975116c6023c5489a46c35
DB3_Nasdaq.txt	12279	tk	8.1439856665852270e-05	50	12	31	(1,3,2,4,5)	213.469775282983	0915e603170893fa760aa5d0320513e8745b114f6f975116c6023c5489a46c35
DB3_Nasdaq.txt	12279	tk	8.1439856665852270e-05	50	12	32	(4,1,2,3)	194.308079544415	0915e603170893fa760aa5d0320513e8745b114f6f975116c6023c5489a46c35
DB3_Nasdaq.txt	12279	tk	8.1439856665852270e-05	50	12	33	(6,5,4,3,2,1)	192.049311983558	0915e603170893fa760aa5d0320513e8745b114f6f975116c6023c5489a46c35
DB3_Nasdaq.txt	12279	tk	8.1439856665852270e-05	50	12	34	(1,2,3,4,6,5)	188.720683076959	0915e603170893fa760aa5d0320513e8745b114f6f975116c6023c5489a46c35
DB3_Nasdaq.txt	12279	tk	8.1439856665852270e-05	50	12	35	(2,1,3,4,5,6)	184.939843916396	0915e603170893fa760aa5d0320513e8745b114f6f975116c6023c5489a46c35
DB3_Nasdaq.txt	12279	tk	8.1439856665852270e-05	50	12	36	(1,2,3,4,5,6,7,8)	184.436937420944	0915e603170893fa760aa5d0320513e8745b114f6f975116c6023c5489a46c35
DB3_Nasdaq.txt	12279	tk	8.1439856665852270e-05	50	12	37	(3,4,1,2)	181.050146021960	0915e603170893fa760aa5d0320513e8745b114f6f975116c6023c5489a46c35
DB3_Nasdaq.txt	12279	tk	8.1439856665852270e-05	50	12	38	(1,4,3,2)	179.106721981741	0915e603170893fa760aa5d0320513e8745b114f6f975116c6023c5489a46c35
DB3_Nasdaq.txt	12279	tk	8.1439856665852270e-05	50	12	39	(2,1,4,3)	177.561211599171	0915e603170893fa760aa5d0320513e8745b114f6f975116c6023c5489a46c35
DB3_Nasdaq.txt	12279	tk	8.1439856665852270e-05	50	12	40	(3,2,1,4)	176.764075486373	0915e603170893fa760aa5d0320513e8745b114f6f975116c6023c5489a46c35
DB3_Nasdaq.txt	12279	tk	8.1439856665852270e-05	50	12	41	(3,1,2,4,5)	173.576683340789	0915e603170893fa760aa5d0320513e8745b114f6f975116c6023c5489a46c35
DB3_Nasdaq.txt	12279	tk	8.1439856665852270e-05	50	12	42	(1,2,4,5,3)	166.500555974535	0915e603170893fa760aa5d0320513e8745b114f6f975116c6023c5489a46c35
DB3_Nasdaq.txt	12279	tk	8.1439856665852270e-05	50	12	43	(2,3,1,4)	148.509299486403	0915e603170893fa760aa5d0320513e8745b114f6f975116c6023c5489a46c35
DB3_Nasdaq.txt	12279	tk	8.1439856665852270e-05	50	12	44	(1,2,4,3,5,6)	137.985831308679	0915e603170893fa760aa5d0320513e8745b114f6f975116c6023c5489a46c35
DB3_Nasdaq.txt	12279	tk	8.1439856665852270e-05	50	12	45	(1,3,2,4,5,6)	136.689438622026	0915e603170893fa760aa5d0320513e8745b114f6f975116c6023c5489a46c35
DB3_Nasdaq.txt	12279	tk	8.1439856665852270e-05	50	12	46	(1,2,3,5,4,6)	135.022932443058	0915e603170893fa760aa5d0320513e8745b114f6f975116c6023c5489a46c35
DB3_Nasdaq.txt	12279	tk	8.1439856665852270e-05	50	12	47	(1,4,2,3)	133.187831345601	0915e603170893fa760aa5d0320513e8745b114f6f975116c6023c5489a46c35
DB3_Nasdaq.txt	12279	tk	8.1439856665852270e-05	50	12	48	(5,4,2,3,1)	130.231367710656	0915e603170893fa760aa5d0320513e8745b114f6f975116c6023c5489a46c35
DB3_Nasdaq.txt	12279	tk	8.1439856665852270e-05	50	12	49	(3,2,4,1)	129.873005503623	0915e603170893fa760aa5d0320513e8745b114f6f975116c6023c5489a46c35
DB3_Nasdaq.txt	12279	tk	8.1439856665852270e-05	50	12	50	(4,1,3,2)	127.258284016382	0915e603170893fa760aa5d0320513e8745b114f6f975116c6023c5489a46c35
DB4_SP500.txt	23046	hjtopk	4.3391477913737744e-05	50	12	1	(1,2)	7663.481320105582	e7c6103de08951e4786d645638cc96b015c13fa5c65188454d2d3720fe4e31ae
DB4_SP500.txt	23046	hjtopk	4.3391477913737744e-05	50	12	2	(2,1)	6756.387536153061	e7c6103de08951e4786d645638cc96b015c13fa5c65188454d2d3720fe4e31ae
DB4_SP500.txt	23046	hjtopk	4.3391477913737744e-05	50	12	3	(1,2,3)	4154.557498222141	e7c6103de08951e4786d645638cc96b015c13fa5c65188454d2d3720fe4e31ae
DB4_SP500.txt	23046	hjtopk	4.3391477913737744e-05	50	12	4	(3,2,1)	3261.486791754282	e7c6103de08951e4786d645638cc96b015c13fa5c65188454d2d3720fe4e31ae
DB4_SP500.txt	23046	hjtopk	4.3391477913737744e-05	50	12	5	(1,2,3,4)	2200.600747087674	e7c6103de08951e4786d645638cc96b015c13fa5c65188454d2d3720fe4e31ae
DB4_SP500.txt	23046	hjtopk	4.3391477913737744e-05	50	12	6	(1,3,2)	1818.929156455214	e7c6103de08951e4786d645638cc96b015c13fa5c65188454d2d3720fe4e31ae
DB4_SP500.txt	23046	hjtopk	4.3391477913737744e-05	50	12	7	(2,1,3)	1744.281648364157	e7c6103de08951e4786d645638cc96b015c13fa5c65188454d2d3720fe4e31ae
DB4_SP500.txt	23046	hjtopk	4.3391477913737744e-05	50	12	8	(3,1,2)	1652.573045574784	e7c6103de08951e4786d645638cc96b015c13fa5c65188454d2d3720fe4e31ae
DB4_SP500.txt	23046	hjtopk	4.3391477913737744e-05	50	12	9	(2,3,1)	1566.081611889700	e7c6103de08951e4786d645638cc96b015c13fa5c65188454d2d3720fe4e31ae
DB4_SP500.txt	23046	hjtopk	4.3391477913737744e-05	50	12	10	(4,3,2,1)	1531.318977600341	e7c6103de08951e4786d645638cc96b015c13fa5c65188454d2d3720fe4e31ae
DB4_SP500.txt	23046	hjtopk	4.3391477913737744e-05	50	12	11	(1,2,3,4,5)	1124.898893718852	e7c6103de08951e4786d645638cc96b015c13fa5c65188454d2d3720fe4e31ae
DB4_SP500.txt	23046	hjtopk	4.3391477913737744e-05	50	12	12	(1,2,4,3)	1058.453629552700	e7c6103de08951e4786d645638cc96b015c13fa5c65188454d2d3720fe4e31ae
DB4_SP500.txt	23046	hjtopk	4.3391477913737744e-05	50	12	13	(2,1,3,4)	986.919974391926	e7c6103de08951e4786d645638cc96b015c13fa5c65188454d2d3720fe4e31ae
DB4_SP500.txt	23046	hjtopk	4.3391477913737744e-05	50	12	14	(4,3,1,2)	852.494703701227	e7c6103de08951e4786d645638cc96b015c13fa5c65188454d2d3720fe4e31ae
DB4_SP500.txt	23046	hjtopk	4.3391477913737744e-05	50	12	15	(3,4,2,1)	770.541567293339	e7c6103de08951e4786d645638cc96b015c13fa5c65188454d2d3720fe4e31ae
DB4_SP500.txt	23046	hjtopk	4.3391477913737744e-05	50	12	16	(5,4,3,2,1)	696.732693369284	e7c6103de08951e4786d645638cc96b015c13fa5c65188454d2d3720fe4e31ae
DB4_SP500.txt	23046	hjtopk	4.3391477913737744e-05	50	12	17	(1,3,2,4)	615.829064292357	e7c6103de08951e4786d645638cc96b015c13fa5c65188454d2d3720fe4e31ae
DB4_SP500.txt	23046	hjtopk	4.3391477913737744e-05	50	12	18	(1,2,3,4,5,6)	578.638628060903	e7c6103de08951e4786d645638cc96b015c13fa5c65188454d2d3720fe4e31ae
DB4_SP500.txt	23046	hjtopk	4.3391477913737744e-05	50	12	19	(1,2,3,5,4)	567.049586133005	e7c6103de08951e4786d645638cc96b015c13fa5c65188454d2d3720fe4e31ae
DB4_SP500.txt	23046	hjtopk	4.3391477913737744e-05	50	12	20	(2,1,3,4,5)	532.406573166744	e7c6103de08951e4786d645638cc96b015c13fa5c65188454d2d3720fe4e31ae
DB4_SP500.txt	23046	hjtopk	4.3391477913737744e-05	50	12	21	(3,1,2,4)	526.395013367071	e7c6103de08951e4786d645638cc96b015c13fa5c65188454d2d3720fe4e31ae
DB4_SP500.txt	23046	hjtopk	4.3391477913737744e-05	50	12	22	(4,2,3,1)	490.715804211823	e7c6103de08951e4786d645638cc96b015c13fa5c65188454d2d3720fe4e31ae
DB4_SP500.txt	23046	hjtopk	4.3391477913737744e-05	50	12	23	(1,3,4,2)	485.013780441799	e7c6103de08951e4786d645638cc96b015c13fa5c65188454d2d3720fe4e31ae
DB4_SP500.txt	23046	hjtopk	4.3391477913737744e-05	50	12	24	(2,4,3,1)	473.904141601240	e7c6103de08951e4786d645638cc96b015c13fa5c65188454d2d3720fe4e31ae
DB4_SP500.txt	23046	hjtopk	4.3391477913737744e-05	50	12	25	(4,2,1,3)	449.366756151626	e7c6103de08951e4786d645638cc96b015c13fa5c65188454d2d3720fe4e31ae
DB4_SP500.txt	23046	hjtopk	4.3391477913737744e-05	50	12	26	(1,4,3,2)	415.878293743665	e7c6103de08951e4786d645638cc96b015c13fa5c65188454d2d3720fe4e31ae
DB4_SP500.txt	23046	hjtopk	4.3391477913737744e-05	50	12	27	(5,4,3,1,2)	411.879820473549	e7c6103de08951e4786d645638cc96b015c13fa5c65188454d2d3720fe4e31ae
DB4_SP500.txt	23046	hjtopk	4.3391477913737744e-05	50	12	28	(3,2,1,4)	373.940832170704	e7c6103de08951e4786d645638cc96b015c13fa5c65188454d2d3720fe4e31ae
DB4_SP500.txt	23046	hjtopk	4.3391477913737744e-05	50	12	29	(4,1,2,3)	370.951403802198	e7c6103de08951e4786d645638cc96b015c13fa5c65188454d2d3720fe4e31ae
DB4_SP500.txt	23046	hjtopk	4.3391477913737744e-05	50	12	30	(4,5,3,2,1)	367.134579739835	e7c6103de08951e4786d645638cc96b015c13fa5c65188454d2d3720fe4e31ae
DB4_SP500.txt	23046	hjtopk	4.3391477913737744e-05	50	12	31	(2,1,4,3)	364.490708244312	e7c6103de08951e4786d645638cc96b015c13fa5c65188454d2d3720fe4e31ae
DB4_SP500.txt	23046	hjtopk	4.3391477913737744e-05	50	12	32	(1,2,4,3,5)	357.860688825696	e7c6103de08951e4786d645638cc96b015c13fa5c65188454d2d3720fe4e31ae
DB4_SP500.txt	23046	hjtopk	4.3391477913737744e-05	50	12	33	(1,3,2,4,5)	350.092527837808	e7c6103de08951e4786d645638cc96b015c13fa5c65188454d2d3720fe4e31ae
DB4_SP500.txt	23046	hjtopk	4.3391477913737744e-05	50	12	34	(3,4,1,2)	329.839806628816	e7c6103de08951e4786d645638cc96b015c13fa5c65188454d2d3720fe4e31ae
DB4_SP500.txt	23046	hjtopk	4.3391477913737744e-05	50	12	35	(2,3,4,1)	324.933269280158	e7c6103de08951e4786d645638cc96b015c13fa5c65188454d2d3720fe4e31ae
DB4_SP500.txt	23046	hjtopk	4.3391477913737744e-05	50	12	36	(6,5,4,3,2,1)	321.377797067484	e7c6103de08951e4786d645638cc96b015c13fa5c65188454d2d3720fe4e31ae
DB4_SP500.txt	23046	hjtopk	4.3391477913737744e-05	50	12	37	(1,2,3,4,5,6,7)	299.369640532803	e7c6103de08951e4786d645638cc96b015c13fa5c65188454d2d3720fe4e31ae
DB4_SP500.txt	23046	hjtopk	4.3391477913737744e-05	50	12	38	(3,1,2,4,5)	296.982612234012	e7c6103de08951e4786d645638cc96b015c13fa5c65188454d2d3720fe4e31ae
DB4_SP500.txt	23046	hjtopk	4.3391477913737744e-05	50	12	39	(1,2,3,4,6,5)	296.060990370738	e7c6103de08951e4786d645638cc96b015c13fa5c65188454d2d3720fe4e31ae
DB4_SP500.txt	23046	hjtopk	4.3391477913737744e-05	50	12	40	(1,2,4,5,3)	288.835576647530	e7c6103de08951e4786d645638cc96b015c13fa5c65188454d2d3720fe4e31ae
DB4_SP500.txt	23046	hjtopk	4.3391477913737744e-05	50	12	41	(1,4,2,3)	272.296973531330	e7c6103de08951e4786d645638cc96b015c13fa5c65188454d2d3720fe4e31ae
DB4_SP500.txt	23046	hjtopk	4.3391477913737744e-05	50	12	42	(2,3,1,4)	269.794900435931	e7c6103de08951e4786d645638cc96b015c13fa5c65188454d2d3720fe4e31ae
DB4_SP500.txt	23046	hjtopk	4.3391477913737744e-05	50	12	43	(2,1,3,4,5,6)	264.714867088290	e7c6103de08951e4786d645638cc96b015c13fa5c65188454d2d3720fe4e31ae
DB4_SP500.txt	23046	hjtopk	4.3391477913737744e-05	50	12	44	(2,1,3,5,4)	260.754371554472	e7c6103de08951e4786d645638cc96b015c13fa5c65188454d2d3720fe4e31ae
DB4_SP500.txt	23046	hjtopk	4.3391477913737744e-05	50	12	45	(5,3,4,2,1)	252.287482369128	e7c6103de08951e4786d645638cc96b015c13fa5c65188454d2d3720fe4e31ae
DB4_SP500.txt	23046	hjtopk	4.3391477913737744e-05	50	12	46	(5,4,2,3,1)	246.116045468236	e7c6103de08951e4786d645638cc96b015c13fa5c65188454d2d3720fe4e31ae
DB4_SP500.txt	23046	hjtopk	4.3391477913737744e-05	50	12	47	(5,4,2,1,3)	242.474375660840	e7c6103de08951e4786d645638cc96b015c13fa5c65188454d2d3720fe4e31ae
DB4_SP500.txt	23046	hjtopk	4.3391477913737744e-05	50	12	48	(3,5,4,2,1)	234.627919500372	e7c6103de08951e4786d645638cc96b015c13fa5c65188454d2d3720fe4e31ae
DB4_SP500.txt	23046	hjtopk	4.3391477913737744e-05	50	12	49	(4,1,3,2)	233.421902579335	e7c6103de08951e4786d645638cc96b015c13fa5c65188454d2d3720fe4e31ae
DB4_SP500.txt	23046	hjtopk	4.3391477913737744e-05	50	12	50	(1,2,5,4,3)	231.281215788931	e7c6103de08951e4786d645638cc96b015c13fa5c65188454d2d3720fe4e31ae
DB4_SP500.txt	23046	tk-no-bounds	4.3391477913737744e-05	50	12	1	(1,2)	7663.481320105582	e7c6103de08951e4786d645638cc96b015c13fa5c65188454d2d3720fe4e31ae
DB4_SP500.txt	23046	tk-no-bounds	4.3391477913737744e-05	50	12	2	(2,1)	6756.387536153061	e7c6103de08951e4786d645638cc96b015c13fa5c65188454d2d3720fe4e31ae
DB4_SP500.txt	23046	tk-no-bounds	4.3391477913737744e-05	50	12	3	(1,2,3)	4154.557498222141	e7c6103de08951e4786d645638cc96b015c13fa5c65188454d2d3720fe4e31ae
DB4_SP500.txt	23046	tk-no-bounds	4.3391477913737744e-05	50	12	4	(3,2,1)	3261.486791754282	e7c6103de08951e4786d645638cc96b015c13fa5c65188454d2d3720fe4e31ae
DB4_SP500.txt	23046	tk-no-bounds	4.3391477913737744e-05	50	12	5	(1,2,3,4)	2200.600747087674	e7c6103de08951e4786d645638cc96b015c13fa5c65188454d2d3720fe4e31ae
DB4_SP500.txt	23046	tk-no-bounds	4.3391477913737744e-05	50	12	6	(1,3,2)	1818.929156455214	e7c6103de08951e4786d645638cc96b015c13fa5c65188454d2d3720fe4e31ae
DB4_SP500.txt	23046	tk-no-bounds	4.3391477913737744e-05	50	12	7	(2,1,3)	1744.281648364157	e7c6103de08951e4786d645638cc96b015c13fa5c65188454d2d3720fe4e31ae
DB4_SP500.txt	23046	tk-no-bounds	4.3391477913737744e-05	50	12	8	(3,1,2)	1652.573045574784	e7c6103de08951e4786d645638cc96b015c13fa5c65188454d2d3720fe4e31ae
DB4_SP500.txt	23046	tk-no-bounds	4.3391477913737744e-05	50	12	9	(2,3,1)	1566.081611889700	e7c6103de08951e4786d645638cc96b015c13fa5c65188454d2d3720fe4e31ae
DB4_SP500.txt	23046	tk-no-bounds	4.3391477913737744e-05	50	12	10	(4,3,2,1)	1531.318977600341	e7c6103de08951e4786d645638cc96b015c13fa5c65188454d2d3720fe4e31ae
DB4_SP500.txt	23046	tk-no-bounds	4.3391477913737744e-05	50	12	11	(1,2,3,4,5)	1124.898893718852	e7c6103de08951e4786d645638cc96b015c13fa5c65188454d2d3720fe4e31ae
DB4_SP500.txt	23046	tk-no-bounds	4.3391477913737744e-05	50	12	12	(1,2,4,3)	1058.453629552700	e7c6103de08951e4786d645638cc96b015c13fa5c65188454d2d3720fe4e31ae
DB4_SP500.txt	23046	tk-no-bounds	4.3391477913737744e-05	50	12	13	(2,1,3,4)	986.919974391926	e7c6103de08951e4786d645638cc96b015c13fa5c65188454d2d3720fe4e31ae
DB4_SP500.txt	23046	tk-no-bounds	4.3391477913737744e-05	50	12	14	(4,3,1,2)	852.494703701227	e7c6103de08951e4786d645638cc96b015c13fa5c65188454d2d3720fe4e31ae
DB4_SP500.txt	23046	tk-no-bounds	4.3391477913737744e-05	50	12	15	(3,4,2,1)	770.541567293339	e7c6103de08951e4786d645638cc96b015c13fa5c65188454d2d3720fe4e31ae
DB4_SP500.txt	23046	tk-no-bounds	4.3391477913737744e-05	50	12	16	(5,4,3,2,1)	696.732693369284	e7c6103de08951e4786d645638cc96b015c13fa5c65188454d2d3720fe4e31ae
DB4_SP500.txt	23046	tk-no-bounds	4.3391477913737744e-05	50	12	17	(1,3,2,4)	615.829064292357	e7c6103de08951e4786d645638cc96b015c13fa5c65188454d2d3720fe4e31ae
DB4_SP500.txt	23046	tk-no-bounds	4.3391477913737744e-05	50	12	18	(1,2,3,4,5,6)	578.638628060903	e7c6103de08951e4786d645638cc96b015c13fa5c65188454d2d3720fe4e31ae
DB4_SP500.txt	23046	tk-no-bounds	4.3391477913737744e-05	50	12	19	(1,2,3,5,4)	567.049586133005	e7c6103de08951e4786d645638cc96b015c13fa5c65188454d2d3720fe4e31ae
DB4_SP500.txt	23046	tk-no-bounds	4.3391477913737744e-05	50	12	20	(2,1,3,4,5)	532.406573166744	e7c6103de08951e4786d645638cc96b015c13fa5c65188454d2d3720fe4e31ae
DB4_SP500.txt	23046	tk-no-bounds	4.3391477913737744e-05	50	12	21	(3,1,2,4)	526.395013367071	e7c6103de08951e4786d645638cc96b015c13fa5c65188454d2d3720fe4e31ae
DB4_SP500.txt	23046	tk-no-bounds	4.3391477913737744e-05	50	12	22	(4,2,3,1)	490.715804211823	e7c6103de08951e4786d645638cc96b015c13fa5c65188454d2d3720fe4e31ae
DB4_SP500.txt	23046	tk-no-bounds	4.3391477913737744e-05	50	12	23	(1,3,4,2)	485.013780441799	e7c6103de08951e4786d645638cc96b015c13fa5c65188454d2d3720fe4e31ae
DB4_SP500.txt	23046	tk-no-bounds	4.3391477913737744e-05	50	12	24	(2,4,3,1)	473.904141601240	e7c6103de08951e4786d645638cc96b015c13fa5c65188454d2d3720fe4e31ae
DB4_SP500.txt	23046	tk-no-bounds	4.3391477913737744e-05	50	12	25	(4,2,1,3)	449.366756151626	e7c6103de08951e4786d645638cc96b015c13fa5c65188454d2d3720fe4e31ae
DB4_SP500.txt	23046	tk-no-bounds	4.3391477913737744e-05	50	12	26	(1,4,3,2)	415.878293743665	e7c6103de08951e4786d645638cc96b015c13fa5c65188454d2d3720fe4e31ae
DB4_SP500.txt	23046	tk-no-bounds	4.3391477913737744e-05	50	12	27	(5,4,3,1,2)	411.879820473549	e7c6103de08951e4786d645638cc96b015c13fa5c65188454d2d3720fe4e31ae
DB4_SP500.txt	23046	tk-no-bounds	4.3391477913737744e-05	50	12	28	(3,2,1,4)	373.940832170704	e7c6103de08951e4786d645638cc96b015c13fa5c65188454d2d3720fe4e31ae
DB4_SP500.txt	23046	tk-no-bounds	4.3391477913737744e-05	50	12	29	(4,1,2,3)	370.951403802198	e7c6103de08951e4786d645638cc96b015c13fa5c65188454d2d3720fe4e31ae
DB4_SP500.txt	23046	tk-no-bounds	4.3391477913737744e-05	50	12	30	(4,5,3,2,1)	367.134579739835	e7c6103de08951e4786d645638cc96b015c13fa5c65188454d2d3720fe4e31ae
DB4_SP500.txt	23046	tk-no-bounds	4.3391477913737744e-05	50	12	31	(2,1,4,3)	364.490708244312	e7c6103de08951e4786d645638cc96b015c13fa5c65188454d2d3720fe4e31ae
DB4_SP500.txt	23046	tk-no-bounds	4.3391477913737744e-05	50	12	32	(1,2,4,3,5)	357.860688825696	e7c6103de08951e4786d645638cc96b015c13fa5c65188454d2d3720fe4e31ae
DB4_SP500.txt	23046	tk-no-bounds	4.3391477913737744e-05	50	12	33	(1,3,2,4,5)	350.092527837808	e7c6103de08951e4786d645638cc96b015c13fa5c65188454d2d3720fe4e31ae
DB4_SP500.txt	23046	tk-no-bounds	4.3391477913737744e-05	50	12	34	(3,4,1,2)	329.839806628816	e7c6103de08951e4786d645638cc96b015c13fa5c65188454d2d3720fe4e31ae
DB4_SP500.txt	23046	tk-no-bounds	4.3391477913737744e-05	50	12	35	(2,3,4,1)	324.933269280158	e7c6103de08951e4786d645638cc96b015c13fa5c65188454d2d3720fe4e31ae
DB4_SP500.txt	23046	tk-no-bounds	4.3391477913737744e-05	50	12	36	(6,5,4,3,2,1)	321.377797067484	e7c6103de08951e4786d645638cc96b015c13fa5c65188454d2d3720fe4e31ae
DB4_SP500.txt	23046	tk-no-bounds	4.3391477913737744e-05	50	12	37	(1,2,3,4,5,6,7)	299.369640532803	e7c6103de08951e4786d645638cc96b015c13fa5c65188454d2d3720fe4e31ae
DB4_SP500.txt	23046	tk-no-bounds	4.3391477913737744e-05	50	12	38	(3,1,2,4,5)	296.982612234012	e7c6103de08951e4786d645638cc96b015c13fa5c65188454d2d3720fe4e31ae
DB4_SP500.txt	23046	tk-no-bounds	4.3391477913737744e-05	50	12	39	(1,2,3,4,6,5)	296.060990370738	e7c6103de08951e4786d645638cc96b015c13fa5c65188454d2d3720fe4e31ae
DB4_SP500.txt	23046	tk-no-bounds	4.3391477913737744e-05	50	12	40	(1,2,4,5,3)	288.835576647530	e7c6103de08951e4786d645638cc96b015c13fa5c65188454d2d3720fe4e31ae
DB4_SP500.txt	23046	tk-no-bounds	4.3391477913737744e-05	50	12	41	(1,4,2,3)	272.296973531330	e7c6103de08951e4786d645638cc96b015c13fa5c65188454d2d3720fe4e31ae
DB4_SP500.txt	23046	tk-no-bounds	4.3391477913737744e-05	50	12	42	(2,3,1,4)	269.794900435931	e7c6103de08951e4786d645638cc96b015c13fa5c65188454d2d3720fe4e31ae
DB4_SP500.txt	23046	tk-no-bounds	4.3391477913737744e-05	50	12	43	(2,1,3,4,5,6)	264.714867088290	e7c6103de08951e4786d645638cc96b015c13fa5c65188454d2d3720fe4e31ae
DB4_SP500.txt	23046	tk-no-bounds	4.3391477913737744e-05	50	12	44	(2,1,3,5,4)	260.754371554472	e7c6103de08951e4786d645638cc96b015c13fa5c65188454d2d3720fe4e31ae
DB4_SP500.txt	23046	tk-no-bounds	4.3391477913737744e-05	50	12	45	(5,3,4,2,1)	252.287482369128	e7c6103de08951e4786d645638cc96b015c13fa5c65188454d2d3720fe4e31ae
DB4_SP500.txt	23046	tk-no-bounds	4.3391477913737744e-05	50	12	46	(5,4,2,3,1)	246.116045468236	e7c6103de08951e4786d645638cc96b015c13fa5c65188454d2d3720fe4e31ae
DB4_SP500.txt	23046	tk-no-bounds	4.3391477913737744e-05	50	12	47	(5,4,2,1,3)	242.474375660840	e7c6103de08951e4786d645638cc96b015c13fa5c65188454d2d3720fe4e31ae
DB4_SP500.txt	23046	tk-no-bounds	4.3391477913737744e-05	50	12	48	(3,5,4,2,1)	234.627919500372	e7c6103de08951e4786d645638cc96b015c13fa5c65188454d2d3720fe4e31ae
DB4_SP500.txt	23046	tk-no-bounds	4.3391477913737744e-05	50	12	49	(4,1,3,2)	233.421902579335	e7c6103de08951e4786d645638cc96b015c13fa5c65188454d2d3720fe4e31ae
DB4_SP500.txt	23046	tk-no-bounds	4.3391477913737744e-05	50	12	50	(1,2,5,4,3)	231.281215788931	e7c6103de08951e4786d645638cc96b015c13fa5c65188454d2d3720fe4e31ae
DB4_SP500.txt	23046	tk-no-pdub	4.3391477913737744e-05	50	12	1	(1,2)	7663.481320105582	e7c6103de08951e4786d645638cc96b015c13fa5c65188454d2d3720fe4e31ae
DB4_SP500.txt	23046	tk-no-pdub	4.3391477913737744e-05	50	12	2	(2,1)	6756.387536153061	e7c6103de08951e4786d645638cc96b015c13fa5c65188454d2d3720fe4e31ae
DB4_SP500.txt	23046	tk-no-pdub	4.3391477913737744e-05	50	12	3	(1,2,3)	4154.557498222141	e7c6103de08951e4786d645638cc96b015c13fa5c65188454d2d3720fe4e31ae
DB4_SP500.txt	23046	tk-no-pdub	4.3391477913737744e-05	50	12	4	(3,2,1)	3261.486791754282	e7c6103de08951e4786d645638cc96b015c13fa5c65188454d2d3720fe4e31ae
DB4_SP500.txt	23046	tk-no-pdub	4.3391477913737744e-05	50	12	5	(1,2,3,4)	2200.600747087674	e7c6103de08951e4786d645638cc96b015c13fa5c65188454d2d3720fe4e31ae
DB4_SP500.txt	23046	tk-no-pdub	4.3391477913737744e-05	50	12	6	(1,3,2)	1818.929156455214	e7c6103de08951e4786d645638cc96b015c13fa5c65188454d2d3720fe4e31ae
DB4_SP500.txt	23046	tk-no-pdub	4.3391477913737744e-05	50	12	7	(2,1,3)	1744.281648364157	e7c6103de08951e4786d645638cc96b015c13fa5c65188454d2d3720fe4e31ae
DB4_SP500.txt	23046	tk-no-pdub	4.3391477913737744e-05	50	12	8	(3,1,2)	1652.573045574784	e7c6103de08951e4786d645638cc96b015c13fa5c65188454d2d3720fe4e31ae
DB4_SP500.txt	23046	tk-no-pdub	4.3391477913737744e-05	50	12	9	(2,3,1)	1566.081611889700	e7c6103de08951e4786d645638cc96b015c13fa5c65188454d2d3720fe4e31ae
DB4_SP500.txt	23046	tk-no-pdub	4.3391477913737744e-05	50	12	10	(4,3,2,1)	1531.318977600341	e7c6103de08951e4786d645638cc96b015c13fa5c65188454d2d3720fe4e31ae
DB4_SP500.txt	23046	tk-no-pdub	4.3391477913737744e-05	50	12	11	(1,2,3,4,5)	1124.898893718852	e7c6103de08951e4786d645638cc96b015c13fa5c65188454d2d3720fe4e31ae
DB4_SP500.txt	23046	tk-no-pdub	4.3391477913737744e-05	50	12	12	(1,2,4,3)	1058.453629552700	e7c6103de08951e4786d645638cc96b015c13fa5c65188454d2d3720fe4e31ae
DB4_SP500.txt	23046	tk-no-pdub	4.3391477913737744e-05	50	12	13	(2,1,3,4)	986.919974391926	e7c6103de08951e4786d645638cc96b015c13fa5c65188454d2d3720fe4e31ae
DB4_SP500.txt	23046	tk-no-pdub	4.3391477913737744e-05	50	12	14	(4,3,1,2)	852.494703701227	e7c6103de08951e4786d645638cc96b015c13fa5c65188454d2d3720fe4e31ae
DB4_SP500.txt	23046	tk-no-pdub	4.3391477913737744e-05	50	12	15	(3,4,2,1)	770.541567293339	e7c6103de08951e4786d645638cc96b015c13fa5c65188454d2d3720fe4e31ae
DB4_SP500.txt	23046	tk-no-pdub	4.3391477913737744e-05	50	12	16	(5,4,3,2,1)	696.732693369284	e7c6103de08951e4786d645638cc96b015c13fa5c65188454d2d3720fe4e31ae
DB4_SP500.txt	23046	tk-no-pdub	4.3391477913737744e-05	50	12	17	(1,3,2,4)	615.829064292357	e7c6103de08951e4786d645638cc96b015c13fa5c65188454d2d3720fe4e31ae
DB4_SP500.txt	23046	tk-no-pdub	4.3391477913737744e-05	50	12	18	(1,2,3,4,5,6)	578.638628060903	e7c6103de08951e4786d645638cc96b015c13fa5c65188454d2d3720fe4e31ae
DB4_SP500.txt	23046	tk-no-pdub	4.3391477913737744e-05	50	12	19	(1,2,3,5,4)	567.049586133005	e7c6103de08951e4786d645638cc96b015c13fa5c65188454d2d3720fe4e31ae
DB4_SP500.txt	23046	tk-no-pdub	4.3391477913737744e-05	50	12	20	(2,1,3,4,5)	532.406573166744	e7c6103de08951e4786d645638cc96b015c13fa5c65188454d2d3720fe4e31ae
DB4_SP500.txt	23046	tk-no-pdub	4.3391477913737744e-05	50	12	21	(3,1,2,4)	526.395013367071	e7c6103de08951e4786d645638cc96b015c13fa5c65188454d2d3720fe4e31ae
DB4_SP500.txt	23046	tk-no-pdub	4.3391477913737744e-05	50	12	22	(4,2,3,1)	490.715804211823	e7c6103de08951e4786d645638cc96b015c13fa5c65188454d2d3720fe4e31ae
DB4_SP500.txt	23046	tk-no-pdub	4.3391477913737744e-05	50	12	23	(1,3,4,2)	485.013780441799	e7c6103de08951e4786d645638cc96b015c13fa5c65188454d2d3720fe4e31ae
DB4_SP500.txt	23046	tk-no-pdub	4.3391477913737744e-05	50	12	24	(2,4,3,1)	473.904141601240	e7c6103de08951e4786d645638cc96b015c13fa5c65188454d2d3720fe4e31ae
DB4_SP500.txt	23046	tk-no-pdub	4.3391477913737744e-05	50	12	25	(4,2,1,3)	449.366756151626	e7c6103de08951e4786d645638cc96b015c13fa5c65188454d2d3720fe4e31ae
DB4_SP500.txt	23046	tk-no-pdub	4.3391477913737744e-05	50	12	26	(1,4,3,2)	415.878293743665	e7c6103de08951e4786d645638cc96b015c13fa5c65188454d2d3720fe4e31ae
DB4_SP500.txt	23046	tk-no-pdub	4.3391477913737744e-05	50	12	27	(5,4,3,1,2)	411.879820473549	e7c6103de08951e4786d645638cc96b015c13fa5c65188454d2d3720fe4e31ae
DB4_SP500.txt	23046	tk-no-pdub	4.3391477913737744e-05	50	12	28	(3,2,1,4)	373.940832170704	e7c6103de08951e4786d645638cc96b015c13fa5c65188454d2d3720fe4e31ae
DB4_SP500.txt	23046	tk-no-pdub	4.3391477913737744e-05	50	12	29	(4,1,2,3)	370.951403802198	e7c6103de08951e4786d645638cc96b015c13fa5c65188454d2d3720fe4e31ae
DB4_SP500.txt	23046	tk-no-pdub	4.3391477913737744e-05	50	12	30	(4,5,3,2,1)	367.134579739835	e7c6103de08951e4786d645638cc96b015c13fa5c65188454d2d3720fe4e31ae
DB4_SP500.txt	23046	tk-no-pdub	4.3391477913737744e-05	50	12	31	(2,1,4,3)	364.490708244312	e7c6103de08951e4786d645638cc96b015c13fa5c65188454d2d3720fe4e31ae
DB4_SP500.txt	23046	tk-no-pdub	4.3391477913737744e-05	50	12	32	(1,2,4,3,5)	357.860688825696	e7c6103de08951e4786d645638cc96b015c13fa5c65188454d2d3720fe4e31ae
DB4_SP500.txt	23046	tk-no-pdub	4.3391477913737744e-05	50	12	33	(1,3,2,4,5)	350.092527837808	e7c6103de08951e4786d645638cc96b015c13fa5c65188454d2d3720fe4e31ae
DB4_SP500.txt	23046	tk-no-pdub	4.3391477913737744e-05	50	12	34	(3,4,1,2)	329.839806628816	e7c6103de08951e4786d645638cc96b015c13fa5c65188454d2d3720fe4e31ae
DB4_SP500.txt	23046	tk-no-pdub	4.3391477913737744e-05	50	12	35	(2,3,4,1)	324.933269280158	e7c6103de08951e4786d645638cc96b015c13fa5c65188454d2d3720fe4e31ae
DB4_SP500.txt	23046	tk-no-pdub	4.3391477913737744e-05	50	12	36	(6,5,4,3,2,1)	321.377797067484	e7c6103de08951e4786d645638cc96b015c13fa5c65188454d2d3720fe4e31ae
DB4_SP500.txt	23046	tk-no-pdub	4.3391477913737744e-05	50	12	37	(1,2,3,4,5,6,7)	299.369640532803	e7c6103de08951e4786d645638cc96b015c13fa5c65188454d2d3720fe4e31ae
DB4_SP500.txt	23046	tk-no-pdub	4.3391477913737744e-05	50	12	38	(3,1,2,4,5)	296.982612234012	e7c6103de08951e4786d645638cc96b015c13fa5c65188454d2d3720fe4e31ae
DB4_SP500.txt	23046	tk-no-pdub	4.3391477913737744e-05	50	12	39	(1,2,3,4,6,5)	296.060990370738	e7c6103de08951e4786d645638cc96b015c13fa5c65188454d2d3720fe4e31ae
DB4_SP500.txt	23046	tk-no-pdub	4.3391477913737744e-05	50	12	40	(1,2,4,5,3)	288.835576647530	e7c6103de08951e4786d645638cc96b015c13fa5c65188454d2d3720fe4e31ae
DB4_SP500.txt	23046	tk-no-pdub	4.3391477913737744e-05	50	12	41	(1,4,2,3)	272.296973531330	e7c6103de08951e4786d645638cc96b015c13fa5c65188454d2d3720fe4e31ae
DB4_SP500.txt	23046	tk-no-pdub	4.3391477913737744e-05	50	12	42	(2,3,1,4)	269.794900435931	e7c6103de08951e4786d645638cc96b015c13fa5c65188454d2d3720fe4e31ae
DB4_SP500.txt	23046	tk-no-pdub	4.3391477913737744e-05	50	12	43	(2,1,3,4,5,6)	264.714867088290	e7c6103de08951e4786d645638cc96b015c13fa5c65188454d2d3720fe4e31ae
DB4_SP500.txt	23046	tk-no-pdub	4.3391477913737744e-05	50	12	44	(2,1,3,5,4)	260.754371554472	e7c6103de08951e4786d645638cc96b015c13fa5c65188454d2d3720fe4e31ae
DB4_SP500.txt	23046	tk-no-pdub	4.3391477913737744e-05	50	12	45	(5,3,4,2,1)	252.287482369128	e7c6103de08951e4786d645638cc96b015c13fa5c65188454d2d3720fe4e31ae
DB4_SP500.txt	23046	tk-no-pdub	4.3391477913737744e-05	50	12	46	(5,4,2,3,1)	246.116045468236	e7c6103de08951e4786d645638cc96b015c13fa5c65188454d2d3720fe4e31ae
DB4_SP500.txt	23046	tk-no-pdub	4.3391477913737744e-05	50	12	47	(5,4,2,1,3)	242.474375660840	e7c6103de08951e4786d645638cc96b015c13fa5c65188454d2d3720fe4e31ae
DB4_SP500.txt	23046	tk-no-pdub	4.3391477913737744e-05	50	12	48	(3,5,4,2,1)	234.627919500372	e7c6103de08951e4786d645638cc96b015c13fa5c65188454d2d3720fe4e31ae
DB4_SP500.txt	23046	tk-no-pdub	4.3391477913737744e-05	50	12	49	(4,1,3,2)	233.421902579335	e7c6103de08951e4786d645638cc96b015c13fa5c65188454d2d3720fe4e31ae
DB4_SP500.txt	23046	tk-no-pdub	4.3391477913737744e-05	50	12	50	(1,2,5,4,3)	231.281215788931	e7c6103de08951e4786d645638cc96b015c13fa5c65188454d2d3720fe4e31ae
DB4_SP500.txt	23046	tk-no-dub	4.3391477913737744e-05	50	12	1	(1,2)	7663.481320105582	e7c6103de08951e4786d645638cc96b015c13fa5c65188454d2d3720fe4e31ae
DB4_SP500.txt	23046	tk-no-dub	4.3391477913737744e-05	50	12	2	(2,1)	6756.387536153061	e7c6103de08951e4786d645638cc96b015c13fa5c65188454d2d3720fe4e31ae
DB4_SP500.txt	23046	tk-no-dub	4.3391477913737744e-05	50	12	3	(1,2,3)	4154.557498222141	e7c6103de08951e4786d645638cc96b015c13fa5c65188454d2d3720fe4e31ae
DB4_SP500.txt	23046	tk-no-dub	4.3391477913737744e-05	50	12	4	(3,2,1)	3261.486791754282	e7c6103de08951e4786d645638cc96b015c13fa5c65188454d2d3720fe4e31ae
DB4_SP500.txt	23046	tk-no-dub	4.3391477913737744e-05	50	12	5	(1,2,3,4)	2200.600747087674	e7c6103de08951e4786d645638cc96b015c13fa5c65188454d2d3720fe4e31ae
DB4_SP500.txt	23046	tk-no-dub	4.3391477913737744e-05	50	12	6	(1,3,2)	1818.929156455214	e7c6103de08951e4786d645638cc96b015c13fa5c65188454d2d3720fe4e31ae
DB4_SP500.txt	23046	tk-no-dub	4.3391477913737744e-05	50	12	7	(2,1,3)	1744.281648364157	e7c6103de08951e4786d645638cc96b015c13fa5c65188454d2d3720fe4e31ae
DB4_SP500.txt	23046	tk-no-dub	4.3391477913737744e-05	50	12	8	(3,1,2)	1652.573045574784	e7c6103de08951e4786d645638cc96b015c13fa5c65188454d2d3720fe4e31ae
DB4_SP500.txt	23046	tk-no-dub	4.3391477913737744e-05	50	12	9	(2,3,1)	1566.081611889700	e7c6103de08951e4786d645638cc96b015c13fa5c65188454d2d3720fe4e31ae
DB4_SP500.txt	23046	tk-no-dub	4.3391477913737744e-05	50	12	10	(4,3,2,1)	1531.318977600341	e7c6103de08951e4786d645638cc96b015c13fa5c65188454d2d3720fe4e31ae
DB4_SP500.txt	23046	tk-no-dub	4.3391477913737744e-05	50	12	11	(1,2,3,4,5)	1124.898893718852	e7c6103de08951e4786d645638cc96b015c13fa5c65188454d2d3720fe4e31ae
DB4_SP500.txt	23046	tk-no-dub	4.3391477913737744e-05	50	12	12	(1,2,4,3)	1058.453629552700	e7c6103de08951e4786d645638cc96b015c13fa5c65188454d2d3720fe4e31ae
DB4_SP500.txt	23046	tk-no-dub	4.3391477913737744e-05	50	12	13	(2,1,3,4)	986.919974391926	e7c6103de08951e4786d645638cc96b015c13fa5c65188454d2d3720fe4e31ae
DB4_SP500.txt	23046	tk-no-dub	4.3391477913737744e-05	50	12	14	(4,3,1,2)	852.494703701227	e7c6103de08951e4786d645638cc96b015c13fa5c65188454d2d3720fe4e31ae
DB4_SP500.txt	23046	tk-no-dub	4.3391477913737744e-05	50	12	15	(3,4,2,1)	770.541567293339	e7c6103de08951e4786d645638cc96b015c13fa5c65188454d2d3720fe4e31ae
DB4_SP500.txt	23046	tk-no-dub	4.3391477913737744e-05	50	12	16	(5,4,3,2,1)	696.732693369284	e7c6103de08951e4786d645638cc96b015c13fa5c65188454d2d3720fe4e31ae
DB4_SP500.txt	23046	tk-no-dub	4.3391477913737744e-05	50	12	17	(1,3,2,4)	615.829064292357	e7c6103de08951e4786d645638cc96b015c13fa5c65188454d2d3720fe4e31ae
DB4_SP500.txt	23046	tk-no-dub	4.3391477913737744e-05	50	12	18	(1,2,3,4,5,6)	578.638628060903	e7c6103de08951e4786d645638cc96b015c13fa5c65188454d2d3720fe4e31ae
DB4_SP500.txt	23046	tk-no-dub	4.3391477913737744e-05	50	12	19	(1,2,3,5,4)	567.049586133005	e7c6103de08951e4786d645638cc96b015c13fa5c65188454d2d3720fe4e31ae
DB4_SP500.txt	23046	tk-no-dub	4.3391477913737744e-05	50	12	20	(2,1,3,4,5)	532.406573166744	e7c6103de08951e4786d645638cc96b015c13fa5c65188454d2d3720fe4e31ae
DB4_SP500.txt	23046	tk-no-dub	4.3391477913737744e-05	50	12	21	(3,1,2,4)	526.395013367071	e7c6103de08951e4786d645638cc96b015c13fa5c65188454d2d3720fe4e31ae
DB4_SP500.txt	23046	tk-no-dub	4.3391477913737744e-05	50	12	22	(4,2,3,1)	490.715804211823	e7c6103de08951e4786d645638cc96b015c13fa5c65188454d2d3720fe4e31ae
DB4_SP500.txt	23046	tk-no-dub	4.3391477913737744e-05	50	12	23	(1,3,4,2)	485.013780441799	e7c6103de08951e4786d645638cc96b015c13fa5c65188454d2d3720fe4e31ae
DB4_SP500.txt	23046	tk-no-dub	4.3391477913737744e-05	50	12	24	(2,4,3,1)	473.904141601240	e7c6103de08951e4786d645638cc96b015c13fa5c65188454d2d3720fe4e31ae
DB4_SP500.txt	23046	tk-no-dub	4.3391477913737744e-05	50	12	25	(4,2,1,3)	449.366756151626	e7c6103de08951e4786d645638cc96b015c13fa5c65188454d2d3720fe4e31ae
DB4_SP500.txt	23046	tk-no-dub	4.3391477913737744e-05	50	12	26	(1,4,3,2)	415.878293743665	e7c6103de08951e4786d645638cc96b015c13fa5c65188454d2d3720fe4e31ae
DB4_SP500.txt	23046	tk-no-dub	4.3391477913737744e-05	50	12	27	(5,4,3,1,2)	411.879820473549	e7c6103de08951e4786d645638cc96b015c13fa5c65188454d2d3720fe4e31ae
DB4_SP500.txt	23046	tk-no-dub	4.3391477913737744e-05	50	12	28	(3,2,1,4)	373.940832170704	e7c6103de08951e4786d645638cc96b015c13fa5c65188454d2d3720fe4e31ae
DB4_SP500.txt	23046	tk-no-dub	4.3391477913737744e-05	50	12	29	(4,1,2,3)	370.951403802198	e7c6103de08951e4786d645638cc96b015c13fa5c65188454d2d3720fe4e31ae
DB4_SP500.txt	23046	tk-no-dub	4.3391477913737744e-05	50	12	30	(4,5,3,2,1)	367.134579739835	e7c6103de08951e4786d645638cc96b015c13fa5c65188454d2d3720fe4e31ae
DB4_SP500.txt	23046	tk-no-dub	4.3391477913737744e-05	50	12	31	(2,1,4,3)	364.490708244312	e7c6103de08951e4786d645638cc96b015c13fa5c65188454d2d3720fe4e31ae
DB4_SP500.txt	23046	tk-no-dub	4.3391477913737744e-05	50	12	32	(1,2,4,3,5)	357.860688825696	e7c6103de08951e4786d645638cc96b015c13fa5c65188454d2d3720fe4e31ae
DB4_SP500.txt	23046	tk-no-dub	4.3391477913737744e-05	50	12	33	(1,3,2,4,5)	350.092527837808	e7c6103de08951e4786d645638cc96b015c13fa5c65188454d2d3720fe4e31ae
DB4_SP500.txt	23046	tk-no-dub	4.3391477913737744e-05	50	12	34	(3,4,1,2)	329.839806628816	e7c6103de08951e4786d645638cc96b015c13fa5c65188454d2d3720fe4e31ae
DB4_SP500.txt	23046	tk-no-dub	4.3391477913737744e-05	50	12	35	(2,3,4,1)	324.933269280158	e7c6103de08951e4786d645638cc96b015c13fa5c65188454d2d3720fe4e31ae
DB4_SP500.txt	23046	tk-no-dub	4.3391477913737744e-05	50	12	36	(6,5,4,3,2,1)	321.377797067484	e7c6103de08951e4786d645638cc96b015c13fa5c65188454d2d3720fe4e31ae
DB4_SP500.txt	23046	tk-no-dub	4.3391477913737744e-05	50	12	37	(1,2,3,4,5,6,7)	299.369640532803	e7c6103de08951e4786d645638cc96b015c13fa5c65188454d2d3720fe4e31ae
DB4_SP500.txt	23046	tk-no-dub	4.3391477913737744e-05	50	12	38	(3,1,2,4,5)	296.982612234012	e7c6103de08951e4786d645638cc96b015c13fa5c65188454d2d3720fe4e31ae
DB4_SP500.txt	23046	tk-no-dub	4.3391477913737744e-05	50	12	39	(1,2,3,4,6,5)	296.060990370738	e7c6103de08951e4786d645638cc96b015c13fa5c65188454d2d3720fe4e31ae
DB4_SP500.txt	23046	tk-no-dub	4.3391477913737744e-05	50	12	40	(1,2,4,5,3)	288.835576647530	e7c6103de08951e4786d645638cc96b015c13fa5c65188454d2d3720fe4e31ae
DB4_SP500.txt	23046	tk-no-dub	4.3391477913737744e-05	50	12	41	(1,4,2,3)	272.296973531330	e7c6103de08951e4786d645638cc96b015c13fa5c65188454d2d3720fe4e31ae
DB4_SP500.txt	23046	tk-no-dub	4.3391477913737744e-05	50	12	42	(2,3,1,4)	269.794900435931	e7c6103de08951e4786d645638cc96b015c13fa5c65188454d2d3720fe4e31ae
DB4_SP500.txt	23046	tk-no-dub	4.3391477913737744e-05	50	12	43	(2,1,3,4,5,6)	264.714867088290	e7c6103de08951e4786d645638cc96b015c13fa5c65188454d2d3720fe4e31ae
DB4_SP500.txt	23046	tk-no-dub	4.3391477913737744e-05	50	12	44	(2,1,3,5,4)	260.754371554472	e7c6103de08951e4786d645638cc96b015c13fa5c65188454d2d3720fe4e31ae
DB4_SP500.txt	23046	tk-no-dub	4.3391477913737744e-05	50	12	45	(5,3,4,2,1)	252.287482369128	e7c6103de08951e4786d645638cc96b015c13fa5c65188454d2d3720fe4e31ae
DB4_SP500.txt	23046	tk-no-dub	4.3391477913737744e-05	50	12	46	(5,4,2,3,1)	246.116045468236	e7c6103de08951e4786d645638cc96b015c13fa5c65188454d2d3720fe4e31ae
DB4_SP500.txt	23046	tk-no-dub	4.3391477913737744e-05	50	12	47	(5,4,2,1,3)	242.474375660840	e7c6103de08951e4786d645638cc96b015c13fa5c65188454d2d3720fe4e31ae
DB4_SP500.txt	23046	tk-no-dub	4.3391477913737744e-05	50	12	48	(3,5,4,2,1)	234.627919500372	e7c6103de08951e4786d645638cc96b015c13fa5c65188454d2d3720fe4e31ae
DB4_SP500.txt	23046	tk-no-dub	4.3391477913737744e-05	50	12	49	(4,1,3,2)	233.421902579335	e7c6103de08951e4786d645638cc96b015c13fa5c65188454d2d3720fe4e31ae
DB4_SP500.txt	23046	tk-no-dub	4.3391477913737744e-05	50	12	50	(1,2,5,4,3)	231.281215788931	e7c6103de08951e4786d645638cc96b015c13fa5c65188454d2d3720fe4e31ae
DB4_SP500.txt	23046	tk	4.3391477913737744e-05	50	12	1	(1,2)	7663.481320105582	e7c6103de08951e4786d645638cc96b015c13fa5c65188454d2d3720fe4e31ae
DB4_SP500.txt	23046	tk	4.3391477913737744e-05	50	12	2	(2,1)	6756.387536153061	e7c6103de08951e4786d645638cc96b015c13fa5c65188454d2d3720fe4e31ae
DB4_SP500.txt	23046	tk	4.3391477913737744e-05	50	12	3	(1,2,3)	4154.557498222141	e7c6103de08951e4786d645638cc96b015c13fa5c65188454d2d3720fe4e31ae
DB4_SP500.txt	23046	tk	4.3391477913737744e-05	50	12	4	(3,2,1)	3261.486791754282	e7c6103de08951e4786d645638cc96b015c13fa5c65188454d2d3720fe4e31ae
DB4_SP500.txt	23046	tk	4.3391477913737744e-05	50	12	5	(1,2,3,4)	2200.600747087674	e7c6103de08951e4786d645638cc96b015c13fa5c65188454d2d3720fe4e31ae
DB4_SP500.txt	23046	tk	4.3391477913737744e-05	50	12	6	(1,3,2)	1818.929156455214	e7c6103de08951e4786d645638cc96b015c13fa5c65188454d2d3720fe4e31ae
DB4_SP500.txt	23046	tk	4.3391477913737744e-05	50	12	7	(2,1,3)	1744.281648364157	e7c6103de08951e4786d645638cc96b015c13fa5c65188454d2d3720fe4e31ae
DB4_SP500.txt	23046	tk	4.3391477913737744e-05	50	12	8	(3,1,2)	1652.573045574784	e7c6103de08951e4786d645638cc96b015c13fa5c65188454d2d3720fe4e31ae
DB4_SP500.txt	23046	tk	4.3391477913737744e-05	50	12	9	(2,3,1)	1566.081611889700	e7c6103de08951e4786d645638cc96b015c13fa5c65188454d2d3720fe4e31ae
DB4_SP500.txt	23046	tk	4.3391477913737744e-05	50	12	10	(4,3,2,1)	1531.318977600341	e7c6103de08951e4786d645638cc96b015c13fa5c65188454d2d3720fe4e31ae
DB4_SP500.txt	23046	tk	4.3391477913737744e-05	50	12	11	(1,2,3,4,5)	1124.898893718852	e7c6103de08951e4786d645638cc96b015c13fa5c65188454d2d3720fe4e31ae
DB4_SP500.txt	23046	tk	4.3391477913737744e-05	50	12	12	(1,2,4,3)	1058.453629552700	e7c6103de08951e4786d645638cc96b015c13fa5c65188454d2d3720fe4e31ae
DB4_SP500.txt	23046	tk	4.3391477913737744e-05	50	12	13	(2,1,3,4)	986.919974391926	e7c6103de08951e4786d645638cc96b015c13fa5c65188454d2d3720fe4e31ae
DB4_SP500.txt	23046	tk	4.3391477913737744e-05	50	12	14	(4,3,1,2)	852.494703701227	e7c6103de08951e4786d645638cc96b015c13fa5c65188454d2d3720fe4e31ae
DB4_SP500.txt	23046	tk	4.3391477913737744e-05	50	12	15	(3,4,2,1)	770.541567293339	e7c6103de08951e4786d645638cc96b015c13fa5c65188454d2d3720fe4e31ae
DB4_SP500.txt	23046	tk	4.3391477913737744e-05	50	12	16	(5,4,3,2,1)	696.732693369284	e7c6103de08951e4786d645638cc96b015c13fa5c65188454d2d3720fe4e31ae
DB4_SP500.txt	23046	tk	4.3391477913737744e-05	50	12	17	(1,3,2,4)	615.829064292357	e7c6103de08951e4786d645638cc96b015c13fa5c65188454d2d3720fe4e31ae
DB4_SP500.txt	23046	tk	4.3391477913737744e-05	50	12	18	(1,2,3,4,5,6)	578.638628060903	e7c6103de08951e4786d645638cc96b015c13fa5c65188454d2d3720fe4e31ae
DB4_SP500.txt	23046	tk	4.3391477913737744e-05	50	12	19	(1,2,3,5,4)	567.049586133005	e7c6103de08951e4786d645638cc96b015c13fa5c65188454d2d3720fe4e31ae
DB4_SP500.txt	23046	tk	4.3391477913737744e-05	50	12	20	(2,1,3,4,5)	532.406573166744	e7c6103de08951e4786d645638cc96b015c13fa5c65188454d2d3720fe4e31ae
DB4_SP500.txt	23046	tk	4.3391477913737744e-05	50	12	21	(3,1,2,4)	526.395013367071	e7c6103de08951e4786d645638cc96b015c13fa5c65188454d2d3720fe4e31ae
DB4_SP500.txt	23046	tk	4.3391477913737744e-05	50	12	22	(4,2,3,1)	490.715804211823	e7c6103de08951e4786d645638cc96b015c13fa5c65188454d2d3720fe4e31ae
DB4_SP500.txt	23046	tk	4.3391477913737744e-05	50	12	23	(1,3,4,2)	485.013780441799	e7c6103de08951e4786d645638cc96b015c13fa5c65188454d2d3720fe4e31ae
DB4_SP500.txt	23046	tk	4.3391477913737744e-05	50	12	24	(2,4,3,1)	473.904141601240	e7c6103de08951e4786d645638cc96b015c13fa5c65188454d2d3720fe4e31ae
DB4_SP500.txt	23046	tk	4.3391477913737744e-05	50	12	25	(4,2,1,3)	449.366756151626	e7c6103de08951e4786d645638cc96b015c13fa5c65188454d2d3720fe4e31ae
DB4_SP500.txt	23046	tk	4.3391477913737744e-05	50	12	26	(1,4,3,2)	415.878293743665	e7c6103de08951e4786d645638cc96b015c13fa5c65188454d2d3720fe4e31ae
DB4_SP500.txt	23046	tk	4.3391477913737744e-05	50	12	27	(5,4,3,1,2)	411.879820473549	e7c6103de08951e4786d645638cc96b015c13fa5c65188454d2d3720fe4e31ae
DB4_SP500.txt	23046	tk	4.3391477913737744e-05	50	12	28	(3,2,1,4)	373.940832170704	e7c6103de08951e4786d645638cc96b015c13fa5c65188454d2d3720fe4e31ae
DB4_SP500.txt	23046	tk	4.3391477913737744e-05	50	12	29	(4,1,2,3)	370.951403802198	e7c6103de08951e4786d645638cc96b015c13fa5c65188454d2d3720fe4e31ae
DB4_SP500.txt	23046	tk	4.3391477913737744e-05	50	12	30	(4,5,3,2,1)	367.134579739835	e7c6103de08951e4786d645638cc96b015c13fa5c65188454d2d3720fe4e31ae
DB4_SP500.txt	23046	tk	4.3391477913737744e-05	50	12	31	(2,1,4,3)	364.490708244312	e7c6103de08951e4786d645638cc96b015c13fa5c65188454d2d3720fe4e31ae
DB4_SP500.txt	23046	tk	4.3391477913737744e-05	50	12	32	(1,2,4,3,5)	357.860688825696	e7c6103de08951e4786d645638cc96b015c13fa5c65188454d2d3720fe4e31ae
DB4_SP500.txt	23046	tk	4.3391477913737744e-05	50	12	33	(1,3,2,4,5)	350.092527837808	e7c6103de08951e4786d645638cc96b015c13fa5c65188454d2d3720fe4e31ae
DB4_SP500.txt	23046	tk	4.3391477913737744e-05	50	12	34	(3,4,1,2)	329.839806628816	e7c6103de08951e4786d645638cc96b015c13fa5c65188454d2d3720fe4e31ae
DB4_SP500.txt	23046	tk	4.3391477913737744e-05	50	12	35	(2,3,4,1)	324.933269280158	e7c6103de08951e4786d645638cc96b015c13fa5c65188454d2d3720fe4e31ae
DB4_SP500.txt	23046	tk	4.3391477913737744e-05	50	12	36	(6,5,4,3,2,1)	321.377797067484	e7c6103de08951e4786d645638cc96b015c13fa5c65188454d2d3720fe4e31ae
DB4_SP500.txt	23046	tk	4.3391477913737744e-05	50	12	37	(1,2,3,4,5,6,7)	299.369640532803	e7c6103de08951e4786d645638cc96b015c13fa5c65188454d2d3720fe4e31ae
DB4_SP500.txt	23046	tk	4.3391477913737744e-05	50	12	38	(3,1,2,4,5)	296.982612234012	e7c6103de08951e4786d645638cc96b015c13fa5c65188454d2d3720fe4e31ae
DB4_SP500.txt	23046	tk	4.3391477913737744e-05	50	12	39	(1,2,3,4,6,5)	296.060990370738	e7c6103de08951e4786d645638cc96b015c13fa5c65188454d2d3720fe4e31ae
DB4_SP500.txt	23046	tk	4.3391477913737744e-05	50	12	40	(1,2,4,5,3)	288.835576647530	e7c6103de08951e4786d645638cc96b015c13fa5c65188454d2d3720fe4e31ae
DB4_SP500.txt	23046	tk	4.3391477913737744e-05	50	12	41	(1,4,2,3)	272.296973531330	e7c6103de08951e4786d645638cc96b015c13fa5c65188454d2d3720fe4e31ae
DB4_SP500.txt	23046	tk	4.3391477913737744e-05	50	12	42	(2,3,1,4)	269.794900435931	e7c6103de08951e4786d645638cc96b015c13fa5c65188454d2d3720fe4e31ae
DB4_SP500.txt	23046	tk	4.3391477913737744e-05	50	12	43	(2,1,3,4,5,6)	264.714867088290	e7c6103de08951e4786d645638cc96b015c13fa5c65188454d2d3720fe4e31ae
DB4_SP500.txt	23046	tk	4.3391477913737744e-05	50	12	44	(2,1,3,5,4)	260.754371554472	e7c6103de08951e4786d645638cc96b015c13fa5c65188454d2d3720fe4e31ae
DB4_SP500.txt	23046	tk	4.3391477913737744e-05	50	12	45	(5,3,4,2,1)	252.287482369128	e7c6103de08951e4786d645638cc96b015c13fa5c65188454d2d3720fe4e31ae
DB4_SP500.txt	23046	tk	4.3391477913737744e-05	50	12	46	(5,4,2,3,1)	246.116045468236	e7c6103de08951e4786d645638cc96b015c13fa5c65188454d2d3720fe4e31ae
DB4_SP500.txt	23046	tk	4.3391477913737744e-05	50	12	47	(5,4,2,1,3)	242.474375660840	e7c6103de08951e4786d645638cc96b015c13fa5c65188454d2d3720fe4e31ae
DB4_SP500.txt	23046	tk	4.3391477913737744e-05	50	12	48	(3,5,4,2,1)	234.627919500372	e7c6103de08951e4786d645638cc96b015c13fa5c65188454d2d3720fe4e31ae
DB4_SP500.txt	23046	tk	4.3391477913737744e-05	50	12	49	(4,1,3,2)	233.421902579335	e7c6103de08951e4786d645638cc96b015c13fa5c65188454d2d3720fe4e31ae
DB4_SP500.txt	23046	tk	4.3391477913737744e-05	50	12	50	(1,2,5,4,3)	231.281215788931	e7c6103de08951e4786d645638cc96b015c13fa5c65188454d2d3720fe4e31ae
DB5_NYSE.txt	60000	hjtopk	1.6666666666666667e-05	50	12	1	(1,2)	18994.194405432314	e1fee17531263d33c213d808ded2374f675b65ef8fdcd32974eae1dfb09a58eb
DB5_NYSE.txt	60000	hjtopk	1.6666666666666667e-05	50	12	2	(2,1)	18930.183682212642	e1fee17531263d33c213d808ded2374f675b65ef8fdcd32974eae1dfb09a58eb
DB5_NYSE.txt	60000	hjtopk	1.6666666666666667e-05	50	12	3	(1,2,3)	6919.951288121520	e1fee17531263d33c213d808ded2374f675b65ef8fdcd32974eae1dfb09a58eb
DB5_NYSE.txt	60000	hjtopk	1.6666666666666667e-05	50	12	4	(3,2,1)	6855.816922040920	e1fee17531263d33c213d808ded2374f675b65ef8fdcd32974eae1dfb09a58eb
DB5_NYSE.txt	60000	hjtopk	1.6666666666666667e-05	50	12	5	(3,1,2)	6682.472066444016	e1fee17531263d33c213d808ded2374f675b65ef8fdcd32974eae1dfb09a58eb
DB5_NYSE.txt	60000	hjtopk	1.6666666666666667e-05	50	12	6	(2,3,1)	6296.727942014620	e1fee17531263d33c213d808ded2374f675b65ef8fdcd32974eae1dfb09a58eb
DB5_NYSE.txt	60000	hjtopk	1.6666666666666667e-05	50	12	7	(1,3,2)	5775.963776490117	e1fee17531263d33c213d808ded2374f675b65ef8fdcd32974eae1dfb09a58eb
DB5_NYSE.txt	60000	hjtopk	1.6666666666666667e-05	50	12	8	(2,1,3)	5389.465939100226	e1fee17531263d33c213d808ded2374f675b65ef8fdcd32974eae1dfb09a58eb
DB5_NYSE.txt	60000	hjtopk	1.6666666666666667e-05	50	12	9	(4,3,1,2)	2246.399297151813	e1fee17531263d33c213d808ded2374f675b65ef8fdcd32974eae1dfb09a58eb
DB5_NYSE.txt	60000	hjtopk	1.6666666666666667e-05	50	12	10	(4,3,2,1)	2077.087462059868	e1fee17531263d33c213d808ded2374f675b65ef8fdcd32974eae1dfb09a58eb
DB5_NYSE.txt	60000	hjtopk	1.6666666666666667e-05	50	12	11	(1,2,4,3)	1962.027233821807	e1fee17531263d33c213d808ded2374f675b65ef8fdcd32974eae1dfb09a58eb
DB5_NYSE.txt	60000	hjtopk	1.6666666666666667e-05	50	12	12	(1,3,4,2)	1935.226927584598	e1fee17531263d33c213d808ded2374f675b65ef8fdcd32974eae1dfb09a58eb
DB5_NYSE.txt	60000	hjtopk	1.6666666666666667e-05	50	12	13	(3,1,2,4)	1846.916810968111	e1fee17531263d33c213d808ded2374f675b65ef8fdcd32974eae1dfb09a58eb
DB5_NYSE.txt	60000	hjtopk	1.6666666666666667e-05	50	12	14	(2,1,3,4)	1836.162390689107	e1fee17531263d33c213d808ded2374f675b65ef8fdcd32974eae1dfb09a58eb
DB5_NYSE.txt	60000	hjtopk	1.6666666666666667e-05	50	12	15	(3,4,1,2)	1765.329048301449	e1fee17531263d33c213d808ded2374f675b65ef8fdcd32974eae1dfb09a58eb
DB5_NYSE.txt	60000	hjtopk	1.6666666666666667e-05	50	12	16	(3,4,2,1)	1758.599694513909	e1fee17531263d33c213d808ded2374f675b65ef8fdcd32974eae1dfb09a58eb
DB5_NYSE.txt	60000	hjtopk	1.6666666666666667e-05	50	12	17	(1,4,3,2)	1755.604732053325	e1fee17531263d33c213d808ded2374f675b65ef8fdcd32974eae1dfb09a58eb
DB5_NYSE.txt	60000	hjtopk	1.6666666666666667e-05	50	12	18	(4,2,3,1)	1717.417697461196	e1fee17531263d33c213d808ded2374f675b65ef8fdcd32974eae1dfb09a58eb
DB5_NYSE.txt	60000	hjtopk	1.6666666666666667e-05	50	12	19	(4,1,2,3)	1663.519188753515	e1fee17531263d33c213d808ded2374f675b65ef8fdcd32974eae1dfb09a58eb
DB5_NYSE.txt	60000	hjtopk	1.6666666666666667e-05	50	12	20	(2,1,4,3)	1575.373227268467	e1fee17531263d33c213d808ded2374f675b65ef8fdcd32974eae1dfb09a58eb
DB5_NYSE.txt	60000	hjtopk	1.6666666666666667e-05	50	12	21	(1,2,3,4)	1571.902946706571	e1fee17531263d33c213d808ded2374f675b65ef8fdcd32974eae1dfb09a58eb
DB5_NYSE.txt	60000	hjtopk	1.6666666666666667e-05	50	12	22	(1,3,2,4)	1504.195302286357	e1fee17531263d33c213d808ded2374f675b65ef8fdcd32974eae1dfb09a58eb
DB5_NYSE.txt	60000	hjtopk	1.6666666666666667e-05	50	12	23	(4,1,3,2)	1453.096587656355	e1fee17531263d33c213d808ded2374f675b65ef8fdcd32974eae1dfb09a58eb
DB5_NYSE.txt	60000	hjtopk	1.6666666666666667e-05	50	12	24	(2,3,4,1)	1449.714021854075	e1fee17531263d33c213d808ded2374f675b65ef8fdcd32974eae1dfb09a58eb
DB5_NYSE.txt	60000	hjtopk	1.6666666666666667e-05	50	12	25	(2,4,1,3)	1416.833800220712	e1fee17531263d33c213d808ded2374f675b65ef8fdcd32974eae1dfb09a58eb
DB5_NYSE.txt	60000	hjtopk	1.6666666666666667e-05	50	12	26	(2,3,1,4)	1353.242098171739	e1fee17531263d33c213d808ded2374f675b65ef8fdcd32974eae1dfb09a58eb
DB5_NYSE.txt	60000	hjtopk	1.6666666666666667e-05	50	12	27	(4,2,1,3)	1309.304952231066	e1fee17531263d33c213d808ded2374f675b65ef8fdcd32974eae1dfb09a58eb
DB5_NYSE.txt	60000	hjtopk	1.6666666666666667e-05	50	12	28	(2,4,3,1)	1264.525033413788	e1fee17531263d33c213d808ded2374f675b65ef8fdcd32974eae1dfb09a58eb
DB5_NYSE.txt	60000	hjtopk	1.6666666666666667e-05	50	12	29	(1,4,2,3)	1251.365695559327	e1fee17531263d33c213d808ded2374f675b65ef8fdcd32974eae1dfb09a58eb
DB5_NYSE.txt	60000	hjtopk	1.6666666666666667e-05	50	12	30	(3,2,1,4)	1221.740261521880	e1fee17531263d33c213d808ded2374f675b65ef8fdcd32974eae1dfb09a58eb
DB5_NYSE.txt	60000	hjtopk	1.6666666666666667e-05	50	12	31	(3,2,4,1)	1194.001397279139	e1fee17531263d33c213d808ded2374f675b65ef8fdcd32974eae1dfb09a58eb
DB5_NYSE.txt	60000	hjtopk	1.6666666666666667e-05	50	12	32	(3,1,4,2)	783.484744003381	e1fee17531263d33c213d808ded2374f675b65ef8fdcd32974eae1dfb09a58eb
DB5_NYSE.txt	60000	hjtopk	1.6666666666666667e-05	50	12	33	(1,2,5,4,3)	657.345935437136	e1fee17531263d33c213d808ded2374f675b65ef8fdcd32974eae1dfb09a58eb
DB5_NYSE.txt	60000	hjtopk	1.6666666666666667e-05	50	12	34	(4,3,1,2,5)	626.751383260477	e1fee17531263d33c213d808ded2374f675b65ef8fdcd32974eae1dfb09a58eb
DB5_NYSE.txt	60000	hjtopk	1.6666666666666667e-05	50	12	35	(5,4,3,1,2)	592.500947924490	e1fee17531263d33c213d808ded2374f675b65ef8fdcd32974eae1dfb09a58eb
DB5_NYSE.txt	60000	hjtopk	1.6666666666666667e-05	50	12	36	(1,3,2,5,4)	552.926210584161	e1fee17531263d33c213d808ded2374f675b65ef8fdcd32974eae1dfb09a58eb
DB5_NYSE.txt	60000	hjtopk	1.6666666666666667e-05	50	12	37	(3,1,2,5,4)	514.751776209515	e1fee17531263d33c213d808ded2374f675b65ef8fdcd32974eae1dfb09a58eb
DB5_NYSE.txt	60000	hjtopk	1.6666666666666667e-05	50	12	38	(4,5,3,1,2)	511.864428415365	e1fee17531263d33c213d808ded2374f675b65ef8fdcd32974eae1dfb09a58eb
DB5_NYSE.txt	60000	hjtopk	1.6666666666666667e-05	50	12	39	(5,4,1,2,3)	505.014813003158	e1fee17531263d33c213d808ded2374f675b65ef8fdcd32974eae1dfb09a58eb
DB5_NYSE.txt	60000	hjtopk	1.6666666666666667e-05	50	12	40	(5,3,4,1,2)	504.310589065128	e1fee17531263d33c213d808ded2374f675b65ef8fdcd32974eae1dfb09a58eb
DB5_NYSE.txt	60000	hjtopk	1.6666666666666667e-05	50	12	41	(2,3,1,4,5)	501.013620619344	e1fee17531263d33c213d808ded2374f675b65ef8fdcd32974eae1dfb09a58eb
DB5_NYSE.txt	60000	hjtopk	1.6666666666666667e-05	50	12	42	(4,5,2,3,1)	487.692720739436	e1fee17531263d33c213d808ded2374f675b65ef8fdcd32974eae1dfb09a58eb
DB5_NYSE.txt	60000	hjtopk	1.6666666666666667e-05	50	12	43	(1,5,4,3,2)	481.875656291152	e1fee17531263d33c213d808ded2374f675b65ef8fdcd32974eae1dfb09a58eb
DB5_NYSE.txt	60000	hjtopk	1.6666666666666667e-05	50	12	44	(3,1,5,4,2)	481.783820029532	e1fee17531263d33c213d808ded2374f675b65ef8fdcd32974eae1dfb09a58eb
DB5_NYSE.txt	60000	hjtopk	1.6666666666666667e-05	50	12	45	(2,1,4,5,3)	477.899037877515	e1fee17531263d33c213d808ded2374f675b65ef8fdcd32974eae1dfb09a58eb
DB5_NYSE.txt	60000	hjtopk	1.6666666666666667e-05	50	12	46	(2,4,5,3,1)	473.278048187105	e1fee17531263d33c213d808ded2374f675b65ef8fdcd32974eae1dfb09a58eb
DB5_NYSE.txt	60000	hjtopk	1.6666666666666667e-05	50	12	47	(5,4,3,2,1)	471.895340133905	e1fee17531263d33c213d808ded2374f675b65ef8fdcd32974eae1dfb09a58eb
DB5_NYSE.txt	60000	hjtopk	1.6666666666666667e-05	50	12	48	(3,2,1,4,5)	471.392491754428	e1fee17531263d33c213d808ded2374f675b65ef8fdcd32974eae1dfb09a58eb
DB5_NYSE.txt	60000	hjtopk	1.6666666666666667e-05	50	12	49	(1,5,4,2,3)	470.714968456170	e1fee17531263d33c213d808ded2374f675b65ef8fdcd32974eae1dfb09a58eb
DB5_NYSE.txt	60000	hjtopk	1.6666666666666667e-05	50	12	50	(1,4,5,3,2)	470.607661044471	e1fee17531263d33c213d808ded2374f675b65ef8fdcd32974eae1dfb09a58eb
DB5_NYSE.txt	60000	tk-no-bounds	1.6666666666666667e-05	50	12	1	(1,2)	18994.194405432314	e1fee17531263d33c213d808ded2374f675b65ef8fdcd32974eae1dfb09a58eb
DB5_NYSE.txt	60000	tk-no-bounds	1.6666666666666667e-05	50	12	2	(2,1)	18930.183682212642	e1fee17531263d33c213d808ded2374f675b65ef8fdcd32974eae1dfb09a58eb
DB5_NYSE.txt	60000	tk-no-bounds	1.6666666666666667e-05	50	12	3	(1,2,3)	6919.951288121520	e1fee17531263d33c213d808ded2374f675b65ef8fdcd32974eae1dfb09a58eb
DB5_NYSE.txt	60000	tk-no-bounds	1.6666666666666667e-05	50	12	4	(3,2,1)	6855.816922040920	e1fee17531263d33c213d808ded2374f675b65ef8fdcd32974eae1dfb09a58eb
DB5_NYSE.txt	60000	tk-no-bounds	1.6666666666666667e-05	50	12	5	(3,1,2)	6682.472066444016	e1fee17531263d33c213d808ded2374f675b65ef8fdcd32974eae1dfb09a58eb
DB5_NYSE.txt	60000	tk-no-bounds	1.6666666666666667e-05	50	12	6	(2,3,1)	6296.727942014620	e1fee17531263d33c213d808ded2374f675b65ef8fdcd32974eae1dfb09a58eb
DB5_NYSE.txt	60000	tk-no-bounds	1.6666666666666667e-05	50	12	7	(1,3,2)	5775.963776490117	e1fee17531263d33c213d808ded2374f675b65ef8fdcd32974eae1dfb09a58eb
DB5_NYSE.txt	60000	tk-no-bounds	1.6666666666666667e-05	50	12	8	(2,1,3)	5389.465939100226	e1fee17531263d33c213d808ded2374f675b65ef8fdcd32974eae1dfb09a58eb
DB5_NYSE.txt	60000	tk-no-bounds	1.6666666666666667e-05	50	12	9	(4,3,1,2)	2246.399297151813	e1fee17531263d33c213d808ded2374f675b65ef8fdcd32974eae1dfb09a58eb
DB5_NYSE.txt	60000	tk-no-bounds	1.6666666666666667e-05	50	12	10	(4,3,2,1)	2077.087462059868	e1fee17531263d33c213d808ded2374f675b65ef8fdcd32974eae1dfb09a58eb
DB5_NYSE.txt	60000	tk-no-bounds	1.6666666666666667e-05	50	12	11	(1,2,4,3)	1962.027233821807	e1fee17531263d33c213d808ded2374f675b65ef8fdcd32974eae1dfb09a58eb
DB5_NYSE.txt	60000	tk-no-bounds	1.6666666666666667e-05	50	12	12	(1,3,4,2)	1935.226927584598	e1fee17531263d33c213d808ded2374f675b65ef8fdcd32974eae1dfb09a58eb
DB5_NYSE.txt	60000	tk-no-bounds	1.6666666666666667e-05	50	12	13	(3,1,2,4)	1846.916810968111	e1fee17531263d33c213d808ded2374f675b65ef8fdcd32974eae1dfb09a58eb
DB5_NYSE.txt	60000	tk-no-bounds	1.6666666666666667e-05	50	12	14	(2,1,3,4)	1836.162390689107	e1fee17531263d33c213d808ded2374f675b65ef8fdcd32974eae1dfb09a58eb
DB5_NYSE.txt	60000	tk-no-bounds	1.6666666666666667e-05	50	12	15	(3,4,1,2)	1765.329048301449	e1fee17531263d33c213d808ded2374f675b65ef8fdcd32974eae1dfb09a58eb
DB5_NYSE.txt	60000	tk-no-bounds	1.6666666666666667e-05	50	12	16	(3,4,2,1)	1758.599694513909	e1fee17531263d33c213d808ded2374f675b65ef8fdcd32974eae1dfb09a58eb
DB5_NYSE.txt	60000	tk-no-bounds	1.6666666666666667e-05	50	12	17	(1,4,3,2)	1755.604732053325	e1fee17531263d33c213d808ded2374f675b65ef8fdcd32974eae1dfb09a58eb
DB5_NYSE.txt	60000	tk-no-bounds	1.6666666666666667e-05	50	12	18	(4,2,3,1)	1717.417697461196	e1fee17531263d33c213d808ded2374f675b65ef8fdcd32974eae1dfb09a58eb
DB5_NYSE.txt	60000	tk-no-bounds	1.6666666666666667e-05	50	12	19	(4,1,2,3)	1663.519188753515	e1fee17531263d33c213d808ded2374f675b65ef8fdcd32974eae1dfb09a58eb
DB5_NYSE.txt	60000	tk-no-bounds	1.6666666666666667e-05	50	12	20	(2,1,4,3)	1575.373227268467	e1fee17531263d33c213d808ded2374f675b65ef8fdcd32974eae1dfb09a58eb
DB5_NYSE.txt	60000	tk-no-bounds	1.6666666666666667e-05	50	12	21	(1,2,3,4)	1571.902946706571	e1fee17531263d33c213d808ded2374f675b65ef8fdcd32974eae1dfb09a58eb
DB5_NYSE.txt	60000	tk-no-bounds	1.6666666666666667e-05	50	12	22	(1,3,2,4)	1504.195302286357	e1fee17531263d33c213d808ded2374f675b65ef8fdcd32974eae1dfb09a58eb
DB5_NYSE.txt	60000	tk-no-bounds	1.6666666666666667e-05	50	12	23	(4,1,3,2)	1453.096587656355	e1fee17531263d33c213d808ded2374f675b65ef8fdcd32974eae1dfb09a58eb
DB5_NYSE.txt	60000	tk-no-bounds	1.6666666666666667e-05	50	12	24	(2,3,4,1)	1449.714021854075	e1fee17531263d33c213d808ded2374f675b65ef8fdcd32974eae1dfb09a58eb
DB5_NYSE.txt	60000	tk-no-bounds	1.6666666666666667e-05	50	12	25	(2,4,1,3)	1416.833800220712	e1fee17531263d33c213d808ded2374f675b65ef8fdcd32974eae1dfb09a58eb
DB5_NYSE.txt	60000	tk-no-bounds	1.6666666666666667e-05	50	12	26	(2,3,1,4)	1353.242098171739	e1fee17531263d33c213d808ded2374f675b65ef8fdcd32974eae1dfb09a58eb
DB5_NYSE.txt	60000	tk-no-bounds	1.6666666666666667e-05	50	12	27	(4,2,1,3)	1309.304952231066	e1fee17531263d33c213d808ded2374f675b65ef8fdcd32974eae1dfb09a58eb
DB5_NYSE.txt	60000	tk-no-bounds	1.6666666666666667e-05	50	12	28	(2,4,3,1)	1264.525033413788	e1fee17531263d33c213d808ded2374f675b65ef8fdcd32974eae1dfb09a58eb
DB5_NYSE.txt	60000	tk-no-bounds	1.6666666666666667e-05	50	12	29	(1,4,2,3)	1251.365695559327	e1fee17531263d33c213d808ded2374f675b65ef8fdcd32974eae1dfb09a58eb
DB5_NYSE.txt	60000	tk-no-bounds	1.6666666666666667e-05	50	12	30	(3,2,1,4)	1221.740261521880	e1fee17531263d33c213d808ded2374f675b65ef8fdcd32974eae1dfb09a58eb
DB5_NYSE.txt	60000	tk-no-bounds	1.6666666666666667e-05	50	12	31	(3,2,4,1)	1194.001397279139	e1fee17531263d33c213d808ded2374f675b65ef8fdcd32974eae1dfb09a58eb
DB5_NYSE.txt	60000	tk-no-bounds	1.6666666666666667e-05	50	12	32	(3,1,4,2)	783.484744003381	e1fee17531263d33c213d808ded2374f675b65ef8fdcd32974eae1dfb09a58eb
DB5_NYSE.txt	60000	tk-no-bounds	1.6666666666666667e-05	50	12	33	(1,2,5,4,3)	657.345935437136	e1fee17531263d33c213d808ded2374f675b65ef8fdcd32974eae1dfb09a58eb
DB5_NYSE.txt	60000	tk-no-bounds	1.6666666666666667e-05	50	12	34	(4,3,1,2,5)	626.751383260477	e1fee17531263d33c213d808ded2374f675b65ef8fdcd32974eae1dfb09a58eb
DB5_NYSE.txt	60000	tk-no-bounds	1.6666666666666667e-05	50	12	35	(5,4,3,1,2)	592.500947924490	e1fee17531263d33c213d808ded2374f675b65ef8fdcd32974eae1dfb09a58eb
DB5_NYSE.txt	60000	tk-no-bounds	1.6666666666666667e-05	50	12	36	(1,3,2,5,4)	552.926210584161	e1fee17531263d33c213d808ded2374f675b65ef8fdcd32974eae1dfb09a58eb
DB5_NYSE.txt	60000	tk-no-bounds	1.6666666666666667e-05	50	12	37	(3,1,2,5,4)	514.751776209515	e1fee17531263d33c213d808ded2374f675b65ef8fdcd32974eae1dfb09a58eb
DB5_NYSE.txt	60000	tk-no-bounds	1.6666666666666667e-05	50	12	38	(4,5,3,1,2)	511.864428415365	e1fee17531263d33c213d808ded2374f675b65ef8fdcd32974eae1dfb09a58eb
DB5_NYSE.txt	60000	tk-no-bounds	1.6666666666666667e-05	50	12	39	(5,4,1,2,3)	505.014813003158	e1fee17531263d33c213d808ded2374f675b65ef8fdcd32974eae1dfb09a58eb
DB5_NYSE.txt	60000	tk-no-bounds	1.6666666666666667e-05	50	12	40	(5,3,4,1,2)	504.310589065128	e1fee17531263d33c213d808ded2374f675b65ef8fdcd32974eae1dfb09a58eb
DB5_NYSE.txt	60000	tk-no-bounds	1.6666666666666667e-05	50	12	41	(2,3,1,4,5)	501.013620619344	e1fee17531263d33c213d808ded2374f675b65ef8fdcd32974eae1dfb09a58eb
DB5_NYSE.txt	60000	tk-no-bounds	1.6666666666666667e-05	50	12	42	(4,5,2,3,1)	487.692720739436	e1fee17531263d33c213d808ded2374f675b65ef8fdcd32974eae1dfb09a58eb
DB5_NYSE.txt	60000	tk-no-bounds	1.6666666666666667e-05	50	12	43	(1,5,4,3,2)	481.875656291152	e1fee17531263d33c213d808ded2374f675b65ef8fdcd32974eae1dfb09a58eb
DB5_NYSE.txt	60000	tk-no-bounds	1.6666666666666667e-05	50	12	44	(3,1,5,4,2)	481.783820029532	e1fee17531263d33c213d808ded2374f675b65ef8fdcd32974eae1dfb09a58eb
DB5_NYSE.txt	60000	tk-no-bounds	1.6666666666666667e-05	50	12	45	(2,1,4,5,3)	477.899037877515	e1fee17531263d33c213d808ded2374f675b65ef8fdcd32974eae1dfb09a58eb
DB5_NYSE.txt	60000	tk-no-bounds	1.6666666666666667e-05	50	12	46	(2,4,5,3,1)	473.278048187105	e1fee17531263d33c213d808ded2374f675b65ef8fdcd32974eae1dfb09a58eb
DB5_NYSE.txt	60000	tk-no-bounds	1.6666666666666667e-05	50	12	47	(5,4,3,2,1)	471.895340133905	e1fee17531263d33c213d808ded2374f675b65ef8fdcd32974eae1dfb09a58eb
DB5_NYSE.txt	60000	tk-no-bounds	1.6666666666666667e-05	50	12	48	(3,2,1,4,5)	471.392491754428	e1fee17531263d33c213d808ded2374f675b65ef8fdcd32974eae1dfb09a58eb
DB5_NYSE.txt	60000	tk-no-bounds	1.6666666666666667e-05	50	12	49	(1,5,4,2,3)	470.714968456170	e1fee17531263d33c213d808ded2374f675b65ef8fdcd32974eae1dfb09a58eb
DB5_NYSE.txt	60000	tk-no-bounds	1.6666666666666667e-05	50	12	50	(1,4,5,3,2)	470.607661044471	e1fee17531263d33c213d808ded2374f675b65ef8fdcd32974eae1dfb09a58eb
DB5_NYSE.txt	60000	tk-no-pdub	1.6666666666666667e-05	50	12	1	(1,2)	18994.194405432314	e1fee17531263d33c213d808ded2374f675b65ef8fdcd32974eae1dfb09a58eb
DB5_NYSE.txt	60000	tk-no-pdub	1.6666666666666667e-05	50	12	2	(2,1)	18930.183682212642	e1fee17531263d33c213d808ded2374f675b65ef8fdcd32974eae1dfb09a58eb
DB5_NYSE.txt	60000	tk-no-pdub	1.6666666666666667e-05	50	12	3	(1,2,3)	6919.951288121520	e1fee17531263d33c213d808ded2374f675b65ef8fdcd32974eae1dfb09a58eb
DB5_NYSE.txt	60000	tk-no-pdub	1.6666666666666667e-05	50	12	4	(3,2,1)	6855.816922040920	e1fee17531263d33c213d808ded2374f675b65ef8fdcd32974eae1dfb09a58eb
DB5_NYSE.txt	60000	tk-no-pdub	1.6666666666666667e-05	50	12	5	(3,1,2)	6682.472066444016	e1fee17531263d33c213d808ded2374f675b65ef8fdcd32974eae1dfb09a58eb
DB5_NYSE.txt	60000	tk-no-pdub	1.6666666666666667e-05	50	12	6	(2,3,1)	6296.727942014620	e1fee17531263d33c213d808ded2374f675b65ef8fdcd32974eae1dfb09a58eb
DB5_NYSE.txt	60000	tk-no-pdub	1.6666666666666667e-05	50	12	7	(1,3,2)	5775.963776490117	e1fee17531263d33c213d808ded2374f675b65ef8fdcd32974eae1dfb09a58eb
DB5_NYSE.txt	60000	tk-no-pdub	1.6666666666666667e-05	50	12	8	(2,1,3)	5389.465939100226	e1fee17531263d33c213d808ded2374f675b65ef8fdcd32974eae1dfb09a58eb
DB5_NYSE.txt	60000	tk-no-pdub	1.6666666666666667e-05	50	12	9	(4,3,1,2)	2246.399297151813	e1fee17531263d33c213d808ded2374f675b65ef8fdcd32974eae1dfb09a58eb
DB5_NYSE.txt	60000	tk-no-pdub	1.6666666666666667e-05	50	12	10	(4,3,2,1)	2077.087462059868	e1fee17531263d33c213d808ded2374f675b65ef8fdcd32974eae1dfb09a58eb
DB5_NYSE.txt	60000	tk-no-pdub	1.6666666666666667e-05	50	12	11	(1,2,4,3)	1962.027233821807	e1fee17531263d33c213d808ded2374f675b65ef8fdcd32974eae1dfb09a58eb
DB5_NYSE.txt	60000	tk-no-pdub	1.6666666666666667e-05	50	12	12	(1,3,4,2)	1935.226927584598	e1fee17531263d33c213d808ded2374f675b65ef8fdcd32974eae1dfb09a58eb
DB5_NYSE.txt	60000	tk-no-pdub	1.6666666666666667e-05	50	12	13	(3,1,2,4)	1846.916810968111	e1fee17531263d33c213d808ded2374f675b65ef8fdcd32974eae1dfb09a58eb
DB5_NYSE.txt	60000	tk-no-pdub	1.6666666666666667e-05	50	12	14	(2,1,3,4)	1836.162390689107	e1fee17531263d33c213d808ded2374f675b65ef8fdcd32974eae1dfb09a58eb
DB5_NYSE.txt	60000	tk-no-pdub	1.6666666666666667e-05	50	12	15	(3,4,1,2)	1765.329048301449	e1fee17531263d33c213d808ded2374f675b65ef8fdcd32974eae1dfb09a58eb
DB5_NYSE.txt	60000	tk-no-pdub	1.6666666666666667e-05	50	12	16	(3,4,2,1)	1758.599694513909	e1fee17531263d33c213d808ded2374f675b65ef8fdcd32974eae1dfb09a58eb
DB5_NYSE.txt	60000	tk-no-pdub	1.6666666666666667e-05	50	12	17	(1,4,3,2)	1755.604732053325	e1fee17531263d33c213d808ded2374f675b65ef8fdcd32974eae1dfb09a58eb
DB5_NYSE.txt	60000	tk-no-pdub	1.6666666666666667e-05	50	12	18	(4,2,3,1)	1717.417697461196	e1fee17531263d33c213d808ded2374f675b65ef8fdcd32974eae1dfb09a58eb
DB5_NYSE.txt	60000	tk-no-pdub	1.6666666666666667e-05	50	12	19	(4,1,2,3)	1663.519188753515	e1fee17531263d33c213d808ded2374f675b65ef8fdcd32974eae1dfb09a58eb
DB5_NYSE.txt	60000	tk-no-pdub	1.6666666666666667e-05	50	12	20	(2,1,4,3)	1575.373227268467	e1fee17531263d33c213d808ded2374f675b65ef8fdcd32974eae1dfb09a58eb
DB5_NYSE.txt	60000	tk-no-pdub	1.6666666666666667e-05	50	12	21	(1,2,3,4)	1571.902946706571	e1fee17531263d33c213d808ded2374f675b65ef8fdcd32974eae1dfb09a58eb
DB5_NYSE.txt	60000	tk-no-pdub	1.6666666666666667e-05	50	12	22	(1,3,2,4)	1504.195302286357	e1fee17531263d33c213d808ded2374f675b65ef8fdcd32974eae1dfb09a58eb
DB5_NYSE.txt	60000	tk-no-pdub	1.6666666666666667e-05	50	12	23	(4,1,3,2)	1453.096587656355	e1fee17531263d33c213d808ded2374f675b65ef8fdcd32974eae1dfb09a58eb
DB5_NYSE.txt	60000	tk-no-pdub	1.6666666666666667e-05	50	12	24	(2,3,4,1)	1449.714021854075	e1fee17531263d33c213d808ded2374f675b65ef8fdcd32974eae1dfb09a58eb
DB5_NYSE.txt	60000	tk-no-pdub	1.6666666666666667e-05	50	12	25	(2,4,1,3)	1416.833800220712	e1fee17531263d33c213d808ded2374f675b65ef8fdcd32974eae1dfb09a58eb
DB5_NYSE.txt	60000	tk-no-pdub	1.6666666666666667e-05	50	12	26	(2,3,1,4)	1353.242098171739	e1fee17531263d33c213d808ded2374f675b65ef8fdcd32974eae1dfb09a58eb
DB5_NYSE.txt	60000	tk-no-pdub	1.6666666666666667e-05	50	12	27	(4,2,1,3)	1309.304952231066	e1fee17531263d33c213d808ded2374f675b65ef8fdcd32974eae1dfb09a58eb
DB5_NYSE.txt	60000	tk-no-pdub	1.6666666666666667e-05	50	12	28	(2,4,3,1)	1264.525033413788	e1fee17531263d33c213d808ded2374f675b65ef8fdcd32974eae1dfb09a58eb
DB5_NYSE.txt	60000	tk-no-pdub	1.6666666666666667e-05	50	12	29	(1,4,2,3)	1251.365695559327	e1fee17531263d33c213d808ded2374f675b65ef8fdcd32974eae1dfb09a58eb
DB5_NYSE.txt	60000	tk-no-pdub	1.6666666666666667e-05	50	12	30	(3,2,1,4)	1221.740261521880	e1fee17531263d33c213d808ded2374f675b65ef8fdcd32974eae1dfb09a58eb
DB5_NYSE.txt	60000	tk-no-pdub	1.6666666666666667e-05	50	12	31	(3,2,4,1)	1194.001397279139	e1fee17531263d33c213d808ded2374f675b65ef8fdcd32974eae1dfb09a58eb
DB5_NYSE.txt	60000	tk-no-pdub	1.6666666666666667e-05	50	12	32	(3,1,4,2)	783.484744003381	e1fee17531263d33c213d808ded2374f675b65ef8fdcd32974eae1dfb09a58eb
DB5_NYSE.txt	60000	tk-no-pdub	1.6666666666666667e-05	50	12	33	(1,2,5,4,3)	657.345935437136	e1fee17531263d33c213d808ded2374f675b65ef8fdcd32974eae1dfb09a58eb
DB5_NYSE.txt	60000	tk-no-pdub	1.6666666666666667e-05	50	12	34	(4,3,1,2,5)	626.751383260477	e1fee17531263d33c213d808ded2374f675b65ef8fdcd32974eae1dfb09a58eb
DB5_NYSE.txt	60000	tk-no-pdub	1.6666666666666667e-05	50	12	35	(5,4,3,1,2)	592.500947924490	e1fee17531263d33c213d808ded2374f675b65ef8fdcd32974eae1dfb09a58eb
DB5_NYSE.txt	60000	tk-no-pdub	1.6666666666666667e-05	50	12	36	(1,3,2,5,4)	552.926210584161	e1fee17531263d33c213d808ded2374f675b65ef8fdcd32974eae1dfb09a58eb
DB5_NYSE.txt	60000	tk-no-pdub	1.6666666666666667e-05	50	12	37	(3,1,2,5,4)	514.751776209515	e1fee17531263d33c213d808ded2374f675b65ef8fdcd32974eae1dfb09a58eb
DB5_NYSE.txt	60000	tk-no-pdub	1.6666666666666667e-05	50	12	38	(4,5,3,1,2)	511.864428415365	e1fee17531263d33c213d808ded2374f675b65ef8fdcd32974eae1dfb09a58eb
DB5_NYSE.txt	60000	tk-no-pdub	1.6666666666666667e-05	50	12	39	(5,4,1,2,3)	505.014813003158	e1fee17531263d33c213d808ded2374f675b65ef8fdcd32974eae1dfb09a58eb
DB5_NYSE.txt	60000	tk-no-pdub	1.6666666666666667e-05	50	12	40	(5,3,4,1,2)	504.310589065128	e1fee17531263d33c213d808ded2374f675b65ef8fdcd32974eae1dfb09a58eb
DB5_NYSE.txt	60000	tk-no-pdub	1.6666666666666667e-05	50	12	41	(2,3,1,4,5)	501.013620619344	e1fee17531263d33c213d808ded2374f675b65ef8fdcd32974eae1dfb09a58eb
DB5_NYSE.txt	60000	tk-no-pdub	1.6666666666666667e-05	50	12	42	(4,5,2,3,1)	487.692720739436	e1fee17531263d33c213d808ded2374f675b65ef8fdcd32974eae1dfb09a58eb
DB5_NYSE.txt	60000	tk-no-pdub	1.6666666666666667e-05	50	12	43	(1,5,4,3,2)	481.875656291152	e1fee17531263d33c213d808ded2374f675b65ef8fdcd32974eae1dfb09a58eb
DB5_NYSE.txt	60000	tk-no-pdub	1.6666666666666667e-05	50	12	44	(3,1,5,4,2)	481.783820029532	e1fee17531263d33c213d808ded2374f675b65ef8fdcd32974eae1dfb09a58eb
DB5_NYSE.txt	60000	tk-no-pdub	1.6666666666666667e-05	50	12	45	(2,1,4,5,3)	477.899037877515	e1fee17531263d33c213d808ded2374f675b65ef8fdcd32974eae1dfb09a58eb
DB5_NYSE.txt	60000	tk-no-pdub	1.6666666666666667e-05	50	12	46	(2,4,5,3,1)	473.278048187105	e1fee17531263d33c213d808ded2374f675b65ef8fdcd32974eae1dfb09a58eb
DB5_NYSE.txt	60000	tk-no-pdub	1.6666666666666667e-05	50	12	47	(5,4,3,2,1)	471.895340133905	e1fee17531263d33c213d808ded2374f675b65ef8fdcd32974eae1dfb09a58eb
DB5_NYSE.txt	60000	tk-no-pdub	1.6666666666666667e-05	50	12	48	(3,2,1,4,5)	471.392491754428	e1fee17531263d33c213d808ded2374f675b65ef8fdcd32974eae1dfb09a58eb
DB5_NYSE.txt	60000	tk-no-pdub	1.6666666666666667e-05	50	12	49	(1,5,4,2,3)	470.714968456170	e1fee17531263d33c213d808ded2374f675b65ef8fdcd32974eae1dfb09a58eb
DB5_NYSE.txt	60000	tk-no-pdub	1.6666666666666667e-05	50	12	50	(1,4,5,3,2)	470.607661044471	e1fee17531263d33c213d808ded2374f675b65ef8fdcd32974eae1dfb09a58eb
DB5_NYSE.txt	60000	tk-no-dub	1.6666666666666667e-05	50	12	1	(1,2)	18994.194405432314	e1fee17531263d33c213d808ded2374f675b65ef8fdcd32974eae1dfb09a58eb
DB5_NYSE.txt	60000	tk-no-dub	1.6666666666666667e-05	50	12	2	(2,1)	18930.183682212642	e1fee17531263d33c213d808ded2374f675b65ef8fdcd32974eae1dfb09a58eb
DB5_NYSE.txt	60000	tk-no-dub	1.6666666666666667e-05	50	12	3	(1,2,3)	6919.951288121520	e1fee17531263d33c213d808ded2374f675b65ef8fdcd32974eae1dfb09a58eb
DB5_NYSE.txt	60000	tk-no-dub	1.6666666666666667e-05	50	12	4	(3,2,1)	6855.816922040920	e1fee17531263d33c213d808ded2374f675b65ef8fdcd32974eae1dfb09a58eb
DB5_NYSE.txt	60000	tk-no-dub	1.6666666666666667e-05	50	12	5	(3,1,2)	6682.472066444016	e1fee17531263d33c213d808ded2374f675b65ef8fdcd32974eae1dfb09a58eb
DB5_NYSE.txt	60000	tk-no-dub	1.6666666666666667e-05	50	12	6	(2,3,1)	6296.727942014620	e1fee17531263d33c213d808ded2374f675b65ef8fdcd32974eae1dfb09a58eb
DB5_NYSE.txt	60000	tk-no-dub	1.6666666666666667e-05	50	12	7	(1,3,2)	5775.963776490117	e1fee17531263d33c213d808ded2374f675b65ef8fdcd32974eae1dfb09a58eb
DB5_NYSE.txt	60000	tk-no-dub	1.6666666666666667e-05	50	12	8	(2,1,3)	5389.465939100226	e1fee17531263d33c213d808ded2374f675b65ef8fdcd32974eae1dfb09a58eb
DB5_NYSE.txt	60000	tk-no-dub	1.6666666666666667e-05	50	12	9	(4,3,1,2)	2246.399297151813	e1fee17531263d33c213d808ded2374f675b65ef8fdcd32974eae1dfb09a58eb
DB5_NYSE.txt	60000	tk-no-dub	1.6666666666666667e-05	50	12	10	(4,3,2,1)	2077.087462059868	e1fee17531263d33c213d808ded2374f675b65ef8fdcd32974eae1dfb09a58eb
DB5_NYSE.txt	60000	tk-no-dub	1.6666666666666667e-05	50	12	11	(1,2,4,3)	1962.027233821807	e1fee17531263d33c213d808ded2374f675b65ef8fdcd32974eae1dfb09a58eb
DB5_NYSE.txt	60000	tk-no-dub	1.6666666666666667e-05	50	12	12	(1,3,4,2)	1935.226927584598	e1fee17531263d33c213d808ded2374f675b65ef8fdcd32974eae1dfb09a58eb
DB5_NYSE.txt	60000	tk-no-dub	1.6666666666666667e-05	50	12	13	(3,1,2,4)	1846.916810968111	e1fee17531263d33c213d808ded2374f675b65ef8fdcd32974eae1dfb09a58eb
DB5_NYSE.txt	60000	tk-no-dub	1.6666666666666667e-05	50	12	14	(2,1,3,4)	1836.162390689107	e1fee17531263d33c213d808ded2374f675b65ef8fdcd32974eae1dfb09a58eb
DB5_NYSE.txt	60000	tk-no-dub	1.6666666666666667e-05	50	12	15	(3,4,1,2)	1765.329048301449	e1fee17531263d33c213d808ded2374f675b65ef8fdcd32974eae1dfb09a58eb
DB5_NYSE.txt	60000	tk-no-dub	1.6666666666666667e-05	50	12	16	(3,4,2,1)	1758.599694513909	e1fee17531263d33c213d808ded2374f675b65ef8fdcd32974eae1dfb09a58eb
DB5_NYSE.txt	60000	tk-no-dub	1.6666666666666667e-05	50	12	17	(1,4,3,2)	1755.604732053325	e1fee17531263d33c213d808ded2374f675b65ef8fdcd32974eae1dfb09a58eb
DB5_NYSE.txt	60000	tk-no-dub	1.6666666666666667e-05	50	12	18	(4,2,3,1)	1717.417697461196	e1fee17531263d33c213d808ded2374f675b65ef8fdcd32974eae1dfb09a58eb
DB5_NYSE.txt	60000	tk-no-dub	1.6666666666666667e-05	50	12	19	(4,1,2,3)	1663.519188753515	e1fee17531263d33c213d808ded2374f675b65ef8fdcd32974eae1dfb09a58eb
DB5_NYSE.txt	60000	tk-no-dub	1.6666666666666667e-05	50	12	20	(2,1,4,3)	1575.373227268467	e1fee17531263d33c213d808ded2374f675b65ef8fdcd32974eae1dfb09a58eb
DB5_NYSE.txt	60000	tk-no-dub	1.6666666666666667e-05	50	12	21	(1,2,3,4)	1571.902946706571	e1fee17531263d33c213d808ded2374f675b65ef8fdcd32974eae1dfb09a58eb
DB5_NYSE.txt	60000	tk-no-dub	1.6666666666666667e-05	50	12	22	(1,3,2,4)	1504.195302286357	e1fee17531263d33c213d808ded2374f675b65ef8fdcd32974eae1dfb09a58eb
DB5_NYSE.txt	60000	tk-no-dub	1.6666666666666667e-05	50	12	23	(4,1,3,2)	1453.096587656355	e1fee17531263d33c213d808ded2374f675b65ef8fdcd32974eae1dfb09a58eb
DB5_NYSE.txt	60000	tk-no-dub	1.6666666666666667e-05	50	12	24	(2,3,4,1)	1449.714021854075	e1fee17531263d33c213d808ded2374f675b65ef8fdcd32974eae1dfb09a58eb
DB5_NYSE.txt	60000	tk-no-dub	1.6666666666666667e-05	50	12	25	(2,4,1,3)	1416.833800220712	e1fee17531263d33c213d808ded2374f675b65ef8fdcd32974eae1dfb09a58eb
DB5_NYSE.txt	60000	tk-no-dub	1.6666666666666667e-05	50	12	26	(2,3,1,4)	1353.242098171739	e1fee17531263d33c213d808ded2374f675b65ef8fdcd32974eae1dfb09a58eb
DB5_NYSE.txt	60000	tk-no-dub	1.6666666666666667e-05	50	12	27	(4,2,1,3)	1309.304952231066	e1fee17531263d33c213d808ded2374f675b65ef8fdcd32974eae1dfb09a58eb
DB5_NYSE.txt	60000	tk-no-dub	1.6666666666666667e-05	50	12	28	(2,4,3,1)	1264.525033413788	e1fee17531263d33c213d808ded2374f675b65ef8fdcd32974eae1dfb09a58eb
DB5_NYSE.txt	60000	tk-no-dub	1.6666666666666667e-05	50	12	29	(1,4,2,3)	1251.365695559327	e1fee17531263d33c213d808ded2374f675b65ef8fdcd32974eae1dfb09a58eb
DB5_NYSE.txt	60000	tk-no-dub	1.6666666666666667e-05	50	12	30	(3,2,1,4)	1221.740261521880	e1fee17531263d33c213d808ded2374f675b65ef8fdcd32974eae1dfb09a58eb
DB5_NYSE.txt	60000	tk-no-dub	1.6666666666666667e-05	50	12	31	(3,2,4,1)	1194.001397279139	e1fee17531263d33c213d808ded2374f675b65ef8fdcd32974eae1dfb09a58eb
DB5_NYSE.txt	60000	tk-no-dub	1.6666666666666667e-05	50	12	32	(3,1,4,2)	783.484744003381	e1fee17531263d33c213d808ded2374f675b65ef8fdcd32974eae1dfb09a58eb
DB5_NYSE.txt	60000	tk-no-dub	1.6666666666666667e-05	50	12	33	(1,2,5,4,3)	657.345935437136	e1fee17531263d33c213d808ded2374f675b65ef8fdcd32974eae1dfb09a58eb
DB5_NYSE.txt	60000	tk-no-dub	1.6666666666666667e-05	50	12	34	(4,3,1,2,5)	626.751383260477	e1fee17531263d33c213d808ded2374f675b65ef8fdcd32974eae1dfb09a58eb
DB5_NYSE.txt	60000	tk-no-dub	1.6666666666666667e-05	50	12	35	(5,4,3,1,2)	592.500947924490	e1fee17531263d33c213d808ded2374f675b65ef8fdcd32974eae1dfb09a58eb
DB5_NYSE.txt	60000	tk-no-dub	1.6666666666666667e-05	50	12	36	(1,3,2,5,4)	552.926210584161	e1fee17531263d33c213d808ded2374f675b65ef8fdcd32974eae1dfb09a58eb
DB5_NYSE.txt	60000	tk-no-dub	1.6666666666666667e-05	50	12	37	(3,1,2,5,4)	514.751776209515	e1fee17531263d33c213d808ded2374f675b65ef8fdcd32974eae1dfb09a58eb
DB5_NYSE.txt	60000	tk-no-dub	1.6666666666666667e-05	50	12	38	(4,5,3,1,2)	511.864428415365	e1fee17531263d33c213d808ded2374f675b65ef8fdcd32974eae1dfb09a58eb
DB5_NYSE.txt	60000	tk-no-dub	1.6666666666666667e-05	50	12	39	(5,4,1,2,3)	505.014813003158	e1fee17531263d33c213d808ded2374f675b65ef8fdcd32974eae1dfb09a58eb
DB5_NYSE.txt	60000	tk-no-dub	1.6666666666666667e-05	50	12	40	(5,3,4,1,2)	504.310589065128	e1fee17531263d33c213d808ded2374f675b65ef8fdcd32974eae1dfb09a58eb
DB5_NYSE.txt	60000	tk-no-dub	1.6666666666666667e-05	50	12	41	(2,3,1,4,5)	501.013620619344	e1fee17531263d33c213d808ded2374f675b65ef8fdcd32974eae1dfb09a58eb
DB5_NYSE.txt	60000	tk-no-dub	1.6666666666666667e-05	50	12	42	(4,5,2,3,1)	487.692720739436	e1fee17531263d33c213d808ded2374f675b65ef8fdcd32974eae1dfb09a58eb
DB5_NYSE.txt	60000	tk-no-dub	1.6666666666666667e-05	50	12	43	(1,5,4,3,2)	481.875656291152	e1fee17531263d33c213d808ded2374f675b65ef8fdcd32974eae1dfb09a58eb
DB5_NYSE.txt	60000	tk-no-dub	1.6666666666666667e-05	50	12	44	(3,1,5,4,2)	481.783820029532	e1fee17531263d33c213d808ded2374f675b65ef8fdcd32974eae1dfb09a58eb
DB5_NYSE.txt	60000	tk-no-dub	1.6666666666666667e-05	50	12	45	(2,1,4,5,3)	477.899037877515	e1fee17531263d33c213d808ded2374f675b65ef8fdcd32974eae1dfb09a58eb
DB5_NYSE.txt	60000	tk-no-dub	1.6666666666666667e-05	50	12	46	(2,4,5,3,1)	473.278048187105	e1fee17531263d33c213d808ded2374f675b65ef8fdcd32974eae1dfb09a58eb
DB5_NYSE.txt	60000	tk-no-dub	1.6666666666666667e-05	50	12	47	(5,4,3,2,1)	471.895340133905	e1fee17531263d33c213d808ded2374f675b65ef8fdcd32974eae1dfb09a58eb
DB5_NYSE.txt	60000	tk-no-dub	1.6666666666666667e-05	50	12	48	(3,2,1,4,5)	471.392491754428	e1fee17531263d33c213d808ded2374f675b65ef8fdcd32974eae1dfb09a58eb
DB5_NYSE.txt	60000	tk-no-dub	1.6666666666666667e-05	50	12	49	(1,5,4,2,3)	470.714968456170	e1fee17531263d33c213d808ded2374f675b65ef8fdcd32974eae1dfb09a58eb
DB5_NYSE.txt	60000	tk-no-dub	1.6666666666666667e-05	50	12	50	(1,4,5,3,2)	470.607661044471	e1fee17531263d33c213d808ded2374f675b65ef8fdcd32974eae1dfb09a58eb
DB5_NYSE.txt	60000	tk	1.6666666666666667e-05	50	12	1	(1,2)	18994.194405432314	e1fee17531263d33c213d808ded2374f675b65ef8fdcd32974eae1dfb09a58eb
DB5_NYSE.txt	60000	tk	1.6666666666666667e-05	50	12	2	(2,1)	18930.183682212642	e1fee17531263d33c213d808ded2374f675b65ef8fdcd32974eae1dfb09a58eb
DB5_NYSE.txt	60000	tk	1.6666666666666667e-05	50	12	3	(1,2,3)	6919.951288121520	e1fee17531263d33c213d808ded2374f675b65ef8fdcd32974eae1dfb09a58eb
DB5_NYSE.txt	60000	tk	1.6666666666666667e-05	50	12	4	(3,2,1)	6855.816922040920	e1fee17531263d33c213d808ded2374f675b65ef8fdcd32974eae1dfb09a58eb
DB5_NYSE.txt	60000	tk	1.6666666666666667e-05	50	12	5	(3,1,2)	6682.472066444016	e1fee17531263d33c213d808ded2374f675b65ef8fdcd32974eae1dfb09a58eb
DB5_NYSE.txt	60000	tk	1.6666666666666667e-05	50	12	6	(2,3,1)	6296.727942014620	e1fee17531263d33c213d808ded2374f675b65ef8fdcd32974eae1dfb09a58eb
DB5_NYSE.txt	60000	tk	1.6666666666666667e-05	50	12	7	(1,3,2)	5775.963776490117	e1fee17531263d33c213d808ded2374f675b65ef8fdcd32974eae1dfb09a58eb
DB5_NYSE.txt	60000	tk	1.6666666666666667e-05	50	12	8	(2,1,3)	5389.465939100226	e1fee17531263d33c213d808ded2374f675b65ef8fdcd32974eae1dfb09a58eb
DB5_NYSE.txt	60000	tk	1.6666666666666667e-05	50	12	9	(4,3,1,2)	2246.399297151813	e1fee17531263d33c213d808ded2374f675b65ef8fdcd32974eae1dfb09a58eb
DB5_NYSE.txt	60000	tk	1.6666666666666667e-05	50	12	10	(4,3,2,1)	2077.087462059868	e1fee17531263d33c213d808ded2374f675b65ef8fdcd32974eae1dfb09a58eb
DB5_NYSE.txt	60000	tk	1.6666666666666667e-05	50	12	11	(1,2,4,3)	1962.027233821807	e1fee17531263d33c213d808ded2374f675b65ef8fdcd32974eae1dfb09a58eb
DB5_NYSE.txt	60000	tk	1.6666666666666667e-05	50	12	12	(1,3,4,2)	1935.226927584598	e1fee17531263d33c213d808ded2374f675b65ef8fdcd32974eae1dfb09a58eb
DB5_NYSE.txt	60000	tk	1.6666666666666667e-05	50	12	13	(3,1,2,4)	1846.916810968111	e1fee17531263d33c213d808ded2374f675b65ef8fdcd32974eae1dfb09a58eb
DB5_NYSE.txt	60000	tk	1.6666666666666667e-05	50	12	14	(2,1,3,4)	1836.162390689107	e1fee17531263d33c213d808ded2374f675b65ef8fdcd32974eae1dfb09a58eb
DB5_NYSE.txt	60000	tk	1.6666666666666667e-05	50	12	15	(3,4,1,2)	1765.329048301449	e1fee17531263d33c213d808ded2374f675b65ef8fdcd32974eae1dfb09a58eb
DB5_NYSE.txt	60000	tk	1.6666666666666667e-05	50	12	16	(3,4,2,1)	1758.599694513909	e1fee17531263d33c213d808ded2374f675b65ef8fdcd32974eae1dfb09a58eb
DB5_NYSE.txt	60000	tk	1.6666666666666667e-05	50	12	17	(1,4,3,2)	1755.604732053325	e1fee17531263d33c213d808ded2374f675b65ef8fdcd32974eae1dfb09a58eb
DB5_NYSE.txt	60000	tk	1.6666666666666667e-05	50	12	18	(4,2,3,1)	1717.417697461196	e1fee17531263d33c213d808ded2374f675b65ef8fdcd32974eae1dfb09a58eb
DB5_NYSE.txt	60000	tk	1.6666666666666667e-05	50	12	19	(4,1,2,3)	1663.519188753515	e1fee17531263d33c213d808ded2374f675b65ef8fdcd32974eae1dfb09a58eb
DB5_NYSE.txt	60000	tk	1.6666666666666667e-05	50	12	20	(2,1,4,3)	1575.373227268467	e1fee17531263d33c213d808ded2374f675b65ef8fdcd32974eae1dfb09a58eb
DB5_NYSE.txt	60000	tk	1.6666666666666667e-05	50	12	21	(1,2,3,4)	1571.902946706571	e1fee17531263d33c213d808ded2374f675b65ef8fdcd32974eae1dfb09a58eb
DB5_NYSE.txt	60000	tk	1.6666666666666667e-05	50	12	22	(1,3,2,4)	1504.195302286357	e1fee17531263d33c213d808ded2374f675b65ef8fdcd32974eae1dfb09a58eb
DB5_NYSE.txt	60000	tk	1.6666666666666667e-05	50	12	23	(4,1,3,2)	1453.096587656355	e1fee17531263d33c213d808ded2374f675b65ef8fdcd32974eae1dfb09a58eb
DB5_NYSE.txt	60000	tk	1.6666666666666667e-05	50	12	24	(2,3,4,1)	1449.714021854075	e1fee17531263d33c213d808ded2374f675b65ef8fdcd32974eae1dfb09a58eb
DB5_NYSE.txt	60000	tk	1.6666666666666667e-05	50	12	25	(2,4,1,3)	1416.833800220712	e1fee17531263d33c213d808ded2374f675b65ef8fdcd32974eae1dfb09a58eb
DB5_NYSE.txt	60000	tk	1.6666666666666667e-05	50	12	26	(2,3,1,4)	1353.242098171739	e1fee17531263d33c213d808ded2374f675b65ef8fdcd32974eae1dfb09a58eb
DB5_NYSE.txt	60000	tk	1.6666666666666667e-05	50	12	27	(4,2,1,3)	1309.304952231066	e1fee17531263d33c213d808ded2374f675b65ef8fdcd32974eae1dfb09a58eb
DB5_NYSE.txt	60000	tk	1.6666666666666667e-05	50	12	28	(2,4,3,1)	1264.525033413788	e1fee17531263d33c213d808ded2374f675b65ef8fdcd32974eae1dfb09a58eb
DB5_NYSE.txt	60000	tk	1.6666666666666667e-05	50	12	29	(1,4,2,3)	1251.365695559327	e1fee17531263d33c213d808ded2374f675b65ef8fdcd32974eae1dfb09a58eb
DB5_NYSE.txt	60000	tk	1.6666666666666667e-05	50	12	30	(3,2,1,4)	1221.740261521880	e1fee17531263d33c213d808ded2374f675b65ef8fdcd32974eae1dfb09a58eb
DB5_NYSE.txt	60000	tk	1.6666666666666667e-05	50	12	31	(3,2,4,1)	1194.001397279139	e1fee17531263d33c213d808ded2374f675b65ef8fdcd32974eae1dfb09a58eb
DB5_NYSE.txt	60000	tk	1.6666666666666667e-05	50	12	32	(3,1,4,2)	783.484744003381	e1fee17531263d33c213d808ded2374f675b65ef8fdcd32974eae1dfb09a58eb
DB5_NYSE.txt	60000	tk	1.6666666666666667e-05	50	12	33	(1,2,5,4,3)	657.345935437136	e1fee17531263d33c213d808ded2374f675b65ef8fdcd32974eae1dfb09a58eb
DB5_NYSE.txt	60000	tk	1.6666666666666667e-05	50	12	34	(4,3,1,2,5)	626.751383260477	e1fee17531263d33c213d808ded2374f675b65ef8fdcd32974eae1dfb09a58eb
DB5_NYSE.txt	60000	tk	1.6666666666666667e-05	50	12	35	(5,4,3,1,2)	592.500947924490	e1fee17531263d33c213d808ded2374f675b65ef8fdcd32974eae1dfb09a58eb
DB5_NYSE.txt	60000	tk	1.6666666666666667e-05	50	12	36	(1,3,2,5,4)	552.926210584161	e1fee17531263d33c213d808ded2374f675b65ef8fdcd32974eae1dfb09a58eb
DB5_NYSE.txt	60000	tk	1.6666666666666667e-05	50	12	37	(3,1,2,5,4)	514.751776209515	e1fee17531263d33c213d808ded2374f675b65ef8fdcd32974eae1dfb09a58eb
DB5_NYSE.txt	60000	tk	1.6666666666666667e-05	50	12	38	(4,5,3,1,2)	511.864428415365	e1fee17531263d33c213d808ded2374f675b65ef8fdcd32974eae1dfb09a58eb
DB5_NYSE.txt	60000	tk	1.6666666666666667e-05	50	12	39	(5,4,1,2,3)	505.014813003158	e1fee17531263d33c213d808ded2374f675b65ef8fdcd32974eae1dfb09a58eb
DB5_NYSE.txt	60000	tk	1.6666666666666667e-05	50	12	40	(5,3,4,1,2)	504.310589065128	e1fee17531263d33c213d808ded2374f675b65ef8fdcd32974eae1dfb09a58eb
DB5_NYSE.txt	60000	tk	1.6666666666666667e-05	50	12	41	(2,3,1,4,5)	501.013620619344	e1fee17531263d33c213d808ded2374f675b65ef8fdcd32974eae1dfb09a58eb
DB5_NYSE.txt	60000	tk	1.6666666666666667e-05	50	12	42	(4,5,2,3,1)	487.692720739436	e1fee17531263d33c213d808ded2374f675b65ef8fdcd32974eae1dfb09a58eb
DB5_NYSE.txt	60000	tk	1.6666666666666667e-05	50	12	43	(1,5,4,3,2)	481.875656291152	e1fee17531263d33c213d808ded2374f675b65ef8fdcd32974eae1dfb09a58eb
DB5_NYSE.txt	60000	tk	1.6666666666666667e-05	50	12	44	(3,1,5,4,2)	481.783820029532	e1fee17531263d33c213d808ded2374f675b65ef8fdcd32974eae1dfb09a58eb
DB5_NYSE.txt	60000	tk	1.6666666666666667e-05	50	12	45	(2,1,4,5,3)	477.899037877515	e1fee17531263d33c213d808ded2374f675b65ef8fdcd32974eae1dfb09a58eb
DB5_NYSE.txt	60000	tk	1.6666666666666667e-05	50	12	46	(2,4,5,3,1)	473.278048187105	e1fee17531263d33c213d808ded2374f675b65ef8fdcd32974eae1dfb09a58eb
DB5_NYSE.txt	60000	tk	1.6666666666666667e-05	50	12	47	(5,4,3,2,1)	471.895340133905	e1fee17531263d33c213d808ded2374f675b65ef8fdcd32974eae1dfb09a58eb
DB5_NYSE.txt	60000	tk	1.6666666666666667e-05	50	12	48	(3,2,1,4,5)	471.392491754428	e1fee17531263d33c213d808ded2374f675b65ef8fdcd32974eae1dfb09a58eb
DB5_NYSE.txt	60000	tk	1.6666666666666667e-05	50	12	49	(1,5,4,2,3)	470.714968456170	e1fee17531263d33c213d808ded2374f675b65ef8fdcd32974eae1dfb09a58eb
DB5_NYSE.txt	60000	tk	1.6666666666666667e-05	50	12	50	(1,4,5,3,2)	470.607661044471	e1fee17531263d33c213d808ded2374f675b65ef8fdcd32974eae1dfb09a58eb
DB6_CL_US.txt	10305	hjtopk	9.7040271712760790e-05	50	12	1	(1,2)	3089.481704363500	f70977ab98ed7b78acb6dd1183b48ba7047b5ce161d5ed91cb31840c2c01aee2
DB6_CL_US.txt	10305	hjtopk	9.7040271712760790e-05	50	12	2	(2,1)	3025.192639359382	f70977ab98ed7b78acb6dd1183b48ba7047b5ce161d5ed91cb31840c2c01aee2
DB6_CL_US.txt	10305	hjtopk	9.7040271712760790e-05	50	12	3	(1,2,3)	1458.503145862430	f70977ab98ed7b78acb6dd1183b48ba7047b5ce161d5ed91cb31840c2c01aee2
DB6_CL_US.txt	10305	hjtopk	9.7040271712760790e-05	50	12	4	(3,2,1)	1386.349902974669	f70977ab98ed7b78acb6dd1183b48ba7047b5ce161d5ed91cb31840c2c01aee2
DB6_CL_US.txt	10305	hjtopk	9.7040271712760790e-05	50	12	5	(1,3,2)	773.829505865485	f70977ab98ed7b78acb6dd1183b48ba7047b5ce161d5ed91cb31840c2c01aee2
DB6_CL_US.txt	10305	hjtopk	9.7040271712760790e-05	50	12	6	(2,1,3)	705.943124849838	f70977ab98ed7b78acb6dd1183b48ba7047b5ce161d5ed91cb31840c2c01aee2
DB6_CL_US.txt	10305	hjtopk	9.7040271712760790e-05	50	12	7	(3,1,2)	686.114922952330	f70977ab98ed7b78acb6dd1183b48ba7047b5ce161d5ed91cb31840c2c01aee2
DB6_CL_US.txt	10305	hjtopk	9.7040271712760790e-05	50	12	8	(1,2,3,4)	663.377406441229	f70977ab98ed7b78acb6dd1183b48ba7047b5ce161d5ed91cb31840c2c01aee2
DB6_CL_US.txt	10305	hjtopk	9.7040271712760790e-05	50	12	9	(4,3,2,1)	636.125904205058	f70977ab98ed7b78acb6dd1183b48ba7047b5ce161d5ed91cb31840c2c01aee2
DB6_CL_US.txt	10305	hjtopk	9.7040271712760790e-05	50	12	10	(2,3,1)	608.232093700183	f70977ab98ed7b78acb6dd1183b48ba7047b5ce161d5ed91cb31840c2c01aee2
DB6_CL_US.txt	10305	hjtopk	9.7040271712760790e-05	50	12	11	(1,2,4,3)	377.896693489974	f70977ab98ed7b78acb6dd1183b48ba7047b5ce161d5ed91cb31840c2c01aee2
DB6_CL_US.txt	10305	hjtopk	9.7040271712760790e-05	50	12	12	(2,1,3,4)	315.720260766518	f70977ab98ed7b78acb6dd1183b48ba7047b5ce161d5ed91cb31840c2c01aee2
DB6_CL_US.txt	10305	hjtopk	9.7040271712760790e-05	50	12	13	(5,4,3,2,1)	305.506786103945	f70977ab98ed7b78acb6dd1183b48ba7047b5ce161d5ed91cb31840c2c01aee2
DB6_CL_US.txt	10305	hjtopk	9.7040271712760790e-05	50	12	14	(4,3,1,2)	301.115894185862	f70977ab98ed7b78acb6dd1183b48ba7047b5ce161d5ed91cb31840c2c01aee2
DB6_CL_US.txt	10305	hjtopk	9.7040271712760790e-05	50	12	15	(3,4,2,1)	294.380435303827	f70977ab98ed7b78acb6dd1183b48ba7047b5ce161d5ed91cb31840c2c01aee2
DB6_CL_US.txt	10305	hjtopk	9.7040271712760790e-05	50	12	16	(1,2,3,4,5)	289.785273571984	f70977ab98ed7b78acb6dd1183b48ba7047b5ce161d5ed91cb31840c2c01aee2
DB6_CL_US.txt	10305	hjtopk	9.7040271712760790e-05	50	12	17	(1,3,2,4)	230.889281711611	f70977ab98ed7b78acb6dd1183b48ba7047b5ce161d5ed91cb31840c2c01aee2
DB6_CL_US.txt	10305	hjtopk	9.7040271712760790e-05	50	12	18	(3,1,2,4)	219.783987383252	f70977ab98ed7b78acb6dd1183b48ba7047b5ce161d5ed91cb31840c2c01aee2
DB6_CL_US.txt	10305	hjtopk	9.7040271712760790e-05	50	12	19	(2,4,3,1)	188.969473288788	f70977ab98ed7b78acb6dd1183b48ba7047b5ce161d5ed91cb31840c2c01aee2
DB6_CL_US.txt	10305	hjtopk	9.7040271712760790e-05	50	12	20	(1,3,4,2)	182.733146212035	f70977ab98ed7b78acb6dd1183b48ba7047b5ce161d5ed91cb31840c2c01aee2
DB6_CL_US.txt	10305	hjtopk	9.7040271712760790e-05	50	12	21	(4,2,3,1)	177.333056626489	f70977ab98ed7b78acb6dd1183b48ba7047b5ce161d5ed91cb31840c2c01aee2
DB6_CL_US.txt	10305	hjtopk	9.7040271712760790e-05	50	12	22	(1,2,3,5,4)	177.277947352094	f70977ab98ed7b78acb6dd1183b48ba7047b5ce161d5ed91cb31840c2c01aee2
DB6_CL_US.txt	10305	hjtopk	9.7040271712760790e-05	50	12	23	(4,2,1,3)	175.616080926164	f70977ab98ed7b78acb6dd1183b48ba7047b5ce161d5ed91cb31840c2c01aee2
DB6_CL_US.txt	10305	hjtopk	9.7040271712760790e-05	50	12	24	(2,1,4,3)	167.716049901249	f70977ab98ed7b78acb6dd1183b48ba7047b5ce161d5ed91cb31840c2c01aee2
DB6_CL_US.txt	10305	hjtopk	9.7040271712760790e-05	50	12	25	(3,2,1,4)	154.726370930621	f70977ab98ed7b78acb6dd1183b48ba7047b5ce161d5ed91cb31840c2c01aee2
DB6_CL_US.txt	10305	hjtopk	9.7040271712760790e-05	50	12	26	(1,4,3,2)	147.746543556816	f70977ab98ed7b78acb6dd1183b48ba7047b5ce161d5ed91cb31840c2c01aee2
DB6_CL_US.txt	10305	hjtopk	9.7040271712760790e-05	50	12	27	(2,1,3,4,5)	143.716054944768	f70977ab98ed7b78acb6dd1183b48ba7047b5ce161d5ed91cb31840c2c01aee2
DB6_CL_US.txt	10305	hjtopk	9.7040271712760790e-05	50	12	28	(6,5,4,3,2,1)	143.248141645995	f70977ab98ed7b78acb6dd1183b48ba7047b5ce161d5ed91cb31840c2c01aee2
DB6_CL_US.txt	10305	hjtopk	9.7040271712760790e-05	50	12	29	(4,5,3,2,1)	141.872248779695	f70977ab98ed7b78acb6dd1183b48ba7047b5ce161d5ed91cb31840c2c01aee2
DB6_CL_US.txt	10305	hjtopk	9.7040271712760790e-05	50	12	30	(1,4,2,3)	140.687319901410	f70977ab98ed7b78acb6dd1183b48ba7047b5ce161d5ed91cb31840c2c01aee2
DB6_CL_US.txt	10305	hjtopk	9.7040271712760790e-05	50	12	31	(5,4,3,1,2)	135.130479469897	f70977ab98ed7b78acb6dd1183b48ba7047b5ce161d5ed91cb31840c2c01aee2
DB6_CL_US.txt	10305	hjtopk	9.7040271712760790e-05	50	12	32	(4,1,2,3)	131.053030087084	f70977ab98ed7b78acb6dd1183b48ba7047b5ce161d5ed91cb31840c2c01aee2
DB6_CL_US.txt	10305	hjtopk	9.7040271712760790e-05	50	12	33	(1,2,3,4,5,6)	122.492684731205	f70977ab98ed7b78acb6dd1183b48ba7047b5ce161d5ed91cb31840c2c01aee2
DB6_CL_US.txt	10305	hjtopk	9.7040271712760790e-05	50	12	34	(3,4,1,2)	121.781004204875	f70977ab98ed7b78acb6dd1183b48ba7047b5ce161d5ed91cb31840c2c01aee2
DB6_CL_US.txt	10305	hjtopk	9.7040271712760790e-05	50	12	35	(3,1,2,4,5)	113.695754000928	f70977ab98ed7b78acb6dd1183b48ba7047b5ce161d5ed91cb31840c2c01aee2
DB6_CL_US.txt	10305	hjtopk	9.7040271712760790e-05	50	12	36	(1,2,4,3,5)	112.419900688757	f70977ab98ed7b78acb6dd1183b48ba7047b5ce161d5ed91cb31840c2c01aee2
DB6_CL_US.txt	10305	hjtopk	9.7040271712760790e-05	50	12	37	(2,3,4,1)	111.673943575155	f70977ab98ed7b78acb6dd1183b48ba7047b5ce161d5ed91cb31840c2c01aee2
DB6_CL_US.txt	10305	hjtopk	9.7040271712760790e-05	50	12	38	(5,3,4,2,1)	100.503560185045	f70977ab98ed7b78acb6dd1183b48ba7047b5ce161d5ed91cb31840c2c01aee2
DB6_CL_US.txt	10305	hjtopk	9.7040271712760790e-05	50	12	39	(4,1,3,2)	93.964479350178	f70977ab98ed7b78acb6dd1183b48ba7047b5ce161d5ed91cb31840c2c01aee2
DB6_CL_US.txt	10305	hjtopk	9.7040271712760790e-05	50	12	40	(3,2,4,1)	91.794539392411	f70977ab98ed7b78acb6dd1183b48ba7047b5ce161d5ed91cb31840c2c01aee2
DB6_CL_US.txt	10305	hjtopk	9.7040271712760790e-05	50	12	41	(1,3,2,4,5)	90.706511329971	f70977ab98ed7b78acb6dd1183b48ba7047b5ce161d5ed91cb31840c2c01aee2
DB6_CL_US.txt	10305	hjtopk	9.7040271712760790e-05	50	12	42	(3,1,4,2)	88.559907429373	f70977ab98ed7b78acb6dd1183b48ba7047b5ce161d5ed91cb31840c2c01aee2
DB6_CL_US.txt	10305	hjtopk	9.7040271712760790e-05	50	12	43	(1,2,4,5,3)	86.930913909320	f70977ab98ed7b78acb6dd1183b48ba7047b5ce161d5ed91cb31840c2c01aee2
DB6_CL_US.txt	10305	hjtopk	9.7040271712760790e-05	50	12	44	(2,1,3,5,4)	82.843674708328	f70977ab98ed7b78acb6dd1183b48ba7047b5ce161d5ed91cb31840c2c01aee2
DB6_CL_US.txt	10305	hjtopk	9.7040271712760790e-05	50	12	45	(3,5,4,2,1)	80.806684345281	f70977ab98ed7b78acb6dd1183b48ba7047b5ce161d5ed91cb31840c2c01aee2
DB6_CL_US.txt	10305	hjtopk	9.7040271712760790e-05	50	12	46	(1,2,3,4,6,5)	80.252734417999	f70977ab98ed7b78acb6dd1183b48ba7047b5ce161d5ed91cb31840c2c01aee2
DB6_CL_US.txt	10305	hjtopk	9.7040271712760790e-05	50	12	47	(2,3,1,4)	78.540499556233	f70977ab98ed7b78acb6dd1183b48ba7047b5ce161d5ed91cb31840c2c01aee2
DB6_CL_US.txt	10305	hjtopk	9.7040271712760790e-05	50	12	48	(1,2,5,4,3)	77.417815578500	f70977ab98ed7b78acb6dd1183b48ba7047b5ce161d5ed91cb31840c2c01aee2
DB6_CL_US.txt	10305	hjtopk	9.7040271712760790e-05	50	12	49	(5,4,2,3,1)	75.090807037331	f70977ab98ed7b78acb6dd1183b48ba7047b5ce161d5ed91cb31840c2c01aee2
DB6_CL_US.txt	10305	hjtopk	9.7040271712760790e-05	50	12	50	(2,4,1,3)	73.969324625355	f70977ab98ed7b78acb6dd1183b48ba7047b5ce161d5ed91cb31840c2c01aee2
DB6_CL_US.txt	10305	tk-no-bounds	9.7040271712760790e-05	50	12	1	(1,2)	3089.481704363500	f70977ab98ed7b78acb6dd1183b48ba7047b5ce161d5ed91cb31840c2c01aee2
DB6_CL_US.txt	10305	tk-no-bounds	9.7040271712760790e-05	50	12	2	(2,1)	3025.192639359382	f70977ab98ed7b78acb6dd1183b48ba7047b5ce161d5ed91cb31840c2c01aee2
DB6_CL_US.txt	10305	tk-no-bounds	9.7040271712760790e-05	50	12	3	(1,2,3)	1458.503145862430	f70977ab98ed7b78acb6dd1183b48ba7047b5ce161d5ed91cb31840c2c01aee2
DB6_CL_US.txt	10305	tk-no-bounds	9.7040271712760790e-05	50	12	4	(3,2,1)	1386.349902974669	f70977ab98ed7b78acb6dd1183b48ba7047b5ce161d5ed91cb31840c2c01aee2
DB6_CL_US.txt	10305	tk-no-bounds	9.7040271712760790e-05	50	12	5	(1,3,2)	773.829505865485	f70977ab98ed7b78acb6dd1183b48ba7047b5ce161d5ed91cb31840c2c01aee2
DB6_CL_US.txt	10305	tk-no-bounds	9.7040271712760790e-05	50	12	6	(2,1,3)	705.943124849838	f70977ab98ed7b78acb6dd1183b48ba7047b5ce161d5ed91cb31840c2c01aee2
DB6_CL_US.txt	10305	tk-no-bounds	9.7040271712760790e-05	50	12	7	(3,1,2)	686.114922952330	f70977ab98ed7b78acb6dd1183b48ba7047b5ce161d5ed91cb31840c2c01aee2
DB6_CL_US.txt	10305	tk-no-bounds	9.7040271712760790e-05	50	12	8	(1,2,3,4)	663.377406441229	f70977ab98ed7b78acb6dd1183b48ba7047b5ce161d5ed91cb31840c2c01aee2
DB6_CL_US.txt	10305	tk-no-bounds	9.7040271712760790e-05	50	12	9	(4,3,2,1)	636.125904205058	f70977ab98ed7b78acb6dd1183b48ba7047b5ce161d5ed91cb31840c2c01aee2
DB6_CL_US.txt	10305	tk-no-bounds	9.7040271712760790e-05	50	12	10	(2,3,1)	608.232093700183	f70977ab98ed7b78acb6dd1183b48ba7047b5ce161d5ed91cb31840c2c01aee2
DB6_CL_US.txt	10305	tk-no-bounds	9.7040271712760790e-05	50	12	11	(1,2,4,3)	377.896693489974	f70977ab98ed7b78acb6dd1183b48ba7047b5ce161d5ed91cb31840c2c01aee2
DB6_CL_US.txt	10305	tk-no-bounds	9.7040271712760790e-05	50	12	12	(2,1,3,4)	315.720260766518	f70977ab98ed7b78acb6dd1183b48ba7047b5ce161d5ed91cb31840c2c01aee2
DB6_CL_US.txt	10305	tk-no-bounds	9.7040271712760790e-05	50	12	13	(5,4,3,2,1)	305.506786103945	f70977ab98ed7b78acb6dd1183b48ba7047b5ce161d5ed91cb31840c2c01aee2
DB6_CL_US.txt	10305	tk-no-bounds	9.7040271712760790e-05	50	12	14	(4,3,1,2)	301.115894185862	f70977ab98ed7b78acb6dd1183b48ba7047b5ce161d5ed91cb31840c2c01aee2
DB6_CL_US.txt	10305	tk-no-bounds	9.7040271712760790e-05	50	12	15	(3,4,2,1)	294.380435303827	f70977ab98ed7b78acb6dd1183b48ba7047b5ce161d5ed91cb31840c2c01aee2
DB6_CL_US.txt	10305	tk-no-bounds	9.7040271712760790e-05	50	12	16	(1,2,3,4,5)	289.785273571984	f70977ab98ed7b78acb6dd1183b48ba7047b5ce161d5ed91cb31840c2c01aee2
DB6_CL_US.txt	10305	tk-no-bounds	9.7040271712760790e-05	50	12	17	(1,3,2,4)	230.889281711611	f70977ab98ed7b78acb6dd1183b48ba7047b5ce161d5ed91cb31840c2c01aee2
DB6_CL_US.txt	10305	tk-no-bounds	9.7040271712760790e-05	50	12	18	(3,1,2,4)	219.783987383252	f70977ab98ed7b78acb6dd1183b48ba7047b5ce161d5ed91cb31840c2c01aee2
DB6_CL_US.txt	10305	tk-no-bounds	9.7040271712760790e-05	50	12	19	(2,4,3,1)	188.969473288788	f70977ab98ed7b78acb6dd1183b48ba7047b5ce161d5ed91cb31840c2c01aee2
DB6_CL_US.txt	10305	tk-no-bounds	9.7040271712760790e-05	50	12	20	(1,3,4,2)	182.733146212035	f70977ab98ed7b78acb6dd1183b48ba7047b5ce161d5ed91cb31840c2c01aee2
DB6_CL_US.txt	10305	tk-no-bounds	9.7040271712760790e-05	50	12	21	(4,2,3,1)	177.333056626489	f70977ab98ed7b78acb6dd1183b48ba7047b5ce161d5ed91cb31840c2c01aee2
DB6_CL_US.txt	10305	tk-no-bounds	9.7040271712760790e-05	50	12	22	(1,2,3,5,4)	177.277947352094	f70977ab98ed7b78acb6dd1183b48ba7047b5ce161d5ed91cb31840c2c01aee2
DB6_CL_US.txt	10305	tk-no-bounds	9.7040271712760790e-05	50	12	23	(4,2,1,3)	175.616080926164	f70977ab98ed7b78acb6dd1183b48ba7047b5ce161d5ed91cb31840c2c01aee2
DB6_CL_US.txt	10305	tk-no-bounds	9.7040271712760790e-05	50	12	24	(2,1,4,3)	167.716049901249	f70977ab98ed7b78acb6dd1183b48ba7047b5ce161d5ed91cb31840c2c01aee2
DB6_CL_US.txt	10305	tk-no-bounds	9.7040271712760790e-05	50	12	25	(3,2,1,4)	154.726370930621	f70977ab98ed7b78acb6dd1183b48ba7047b5ce161d5ed91cb31840c2c01aee2
DB6_CL_US.txt	10305	tk-no-bounds	9.7040271712760790e-05	50	12	26	(1,4,3,2)	147.746543556816	f70977ab98ed7b78acb6dd1183b48ba7047b5ce161d5ed91cb31840c2c01aee2
DB6_CL_US.txt	10305	tk-no-bounds	9.7040271712760790e-05	50	12	27	(2,1,3,4,5)	143.716054944768	f70977ab98ed7b78acb6dd1183b48ba7047b5ce161d5ed91cb31840c2c01aee2
DB6_CL_US.txt	10305	tk-no-bounds	9.7040271712760790e-05	50	12	28	(6,5,4,3,2,1)	143.248141645995	f70977ab98ed7b78acb6dd1183b48ba7047b5ce161d5ed91cb31840c2c01aee2
DB6_CL_US.txt	10305	tk-no-bounds	9.7040271712760790e-05	50	12	29	(4,5,3,2,1)	141.872248779695	f70977ab98ed7b78acb6dd1183b48ba7047b5ce161d5ed91cb31840c2c01aee2
DB6_CL_US.txt	10305	tk-no-bounds	9.7040271712760790e-05	50	12	30	(1,4,2,3)	140.687319901410	f70977ab98ed7b78acb6dd1183b48ba7047b5ce161d5ed91cb31840c2c01aee2
DB6_CL_US.txt	10305	tk-no-bounds	9.7040271712760790e-05	50	12	31	(5,4,3,1,2)	135.130479469897	f70977ab98ed7b78acb6dd1183b48ba7047b5ce161d5ed91cb31840c2c01aee2
DB6_CL_US.txt	10305	tk-no-bounds	9.7040271712760790e-05	50	12	32	(4,1,2,3)	131.053030087084	f70977ab98ed7b78acb6dd1183b48ba7047b5ce161d5ed91cb31840c2c01aee2
DB6_CL_US.txt	10305	tk-no-bounds	9.7040271712760790e-05	50	12	33	(1,2,3,4,5,6)	122.492684731205	f70977ab98ed7b78acb6dd1183b48ba7047b5ce161d5ed91cb31840c2c01aee2
DB6_CL_US.txt	10305	tk-no-bounds	9.7040271712760790e-05	50	12	34	(3,4,1,2)	121.781004204875	f70977ab98ed7b78acb6dd1183b48ba7047b5ce161d5ed91cb31840c2c01aee2
DB6_CL_US.txt	10305	tk-no-bounds	9.7040271712760790e-05	50	12	35	(3,1,2,4,5)	113.695754000928	f70977ab98ed7b78acb6dd1183b48ba7047b5ce161d5ed91cb31840c2c01aee2
DB6_CL_US.txt	10305	tk-no-bounds	9.7040271712760790e-05	50	12	36	(1,2,4,3,5)	112.419900688757	f70977ab98ed7b78acb6dd1183b48ba7047b5ce161d5ed91cb31840c2c01aee2
DB6_CL_US.txt	10305	tk-no-bounds	9.7040271712760790e-05	50	12	37	(2,3,4,1)	111.673943575155	f70977ab98ed7b78acb6dd1183b48ba7047b5ce161d5ed91cb31840c2c01aee2
DB6_CL_US.txt	10305	tk-no-bounds	9.7040271712760790e-05	50	12	38	(5,3,4,2,1)	100.503560185045	f70977ab98ed7b78acb6dd1183b48ba7047b5ce161d5ed91cb31840c2c01aee2
DB6_CL_US.txt	10305	tk-no-bounds	9.7040271712760790e-05	50	12	39	(4,1,3,2)	93.964479350178	f70977ab98ed7b78acb6dd1183b48ba7047b5ce161d5ed91cb31840c2c01aee2
DB6_CL_US.txt	10305	tk-no-bounds	9.7040271712760790e-05	50	12	40	(3,2,4,1)	91.794539392411	f70977ab98ed7b78acb6dd1183b48ba7047b5ce161d5ed91cb31840c2c01aee2
DB6_CL_US.txt	10305	tk-no-bounds	9.7040271712760790e-05	50	12	41	(1,3,2,4,5)	90.706511329971	f70977ab98ed7b78acb6dd1183b48ba7047b5ce161d5ed91cb31840c2c01aee2
DB6_CL_US.txt	10305	tk-no-bounds	9.7040271712760790e-05	50	12	42	(3,1,4,2)	88.559907429373	f70977ab98ed7b78acb6dd1183b48ba7047b5ce161d5ed91cb31840c2c01aee2
DB6_CL_US.txt	10305	tk-no-bounds	9.7040271712760790e-05	50	12	43	(1,2,4,5,3)	86.930913909320	f70977ab98ed7b78acb6dd1183b48ba7047b5ce161d5ed91cb31840c2c01aee2
DB6_CL_US.txt	10305	tk-no-bounds	9.7040271712760790e-05	50	12	44	(2,1,3,5,4)	82.843674708328	f70977ab98ed7b78acb6dd1183b48ba7047b5ce161d5ed91cb31840c2c01aee2
DB6_CL_US.txt	10305	tk-no-bounds	9.7040271712760790e-05	50	12	45	(3,5,4,2,1)	80.806684345281	f70977ab98ed7b78acb6dd1183b48ba7047b5ce161d5ed91cb31840c2c01aee2
DB6_CL_US.txt	10305	tk-no-bounds	9.7040271712760790e-05	50	12	46	(1,2,3,4,6,5)	80.252734417999	f70977ab98ed7b78acb6dd1183b48ba7047b5ce161d5ed91cb31840c2c01aee2
DB6_CL_US.txt	10305	tk-no-bounds	9.7040271712760790e-05	50	12	47	(2,3,1,4)	78.540499556233	f70977ab98ed7b78acb6dd1183b48ba7047b5ce161d5ed91cb31840c2c01aee2
DB6_CL_US.txt	10305	tk-no-bounds	9.7040271712760790e-05	50	12	48	(1,2,5,4,3)	77.417815578500	f70977ab98ed7b78acb6dd1183b48ba7047b5ce161d5ed91cb31840c2c01aee2
DB6_CL_US.txt	10305	tk-no-bounds	9.7040271712760790e-05	50	12	49	(5,4,2,3,1)	75.090807037331	f70977ab98ed7b78acb6dd1183b48ba7047b5ce161d5ed91cb31840c2c01aee2
DB6_CL_US.txt	10305	tk-no-bounds	9.7040271712760790e-05	50	12	50	(2,4,1,3)	73.969324625355	f70977ab98ed7b78acb6dd1183b48ba7047b5ce161d5ed91cb31840c2c01aee2
DB6_CL_US.txt	10305	tk-no-pdub	9.7040271712760790e-05	50	12	1	(1,2)	3089.481704363500	f70977ab98ed7b78acb6dd1183b48ba7047b5ce161d5ed91cb31840c2c01aee2
DB6_CL_US.txt	10305	tk-no-pdub	9.7040271712760790e-05	50	12	2	(2,1)	3025.192639359382	f70977ab98ed7b78acb6dd1183b48ba7047b5ce161d5ed91cb31840c2c01aee2
DB6_CL_US.txt	10305	tk-no-pdub	9.7040271712760790e-05	50	12	3	(1,2,3)	1458.503145862430	f70977ab98ed7b78acb6dd1183b48ba7047b5ce161d5ed91cb31840c2c01aee2
DB6_CL_US.txt	10305	tk-no-pdub	9.7040271712760790e-05	50	12	4	(3,2,1)	1386.349902974669	f70977ab98ed7b78acb6dd1183b48ba7047b5ce161d5ed91cb31840c2c01aee2
DB6_CL_US.txt	10305	tk-no-pdub	9.7040271712760790e-05	50	12	5	(1,3,2)	773.829505865485	f70977ab98ed7b78acb6dd1183b48ba7047b5ce161d5ed91cb31840c2c01aee2
DB6_CL_US.txt	10305	tk-no-pdub	9.7040271712760790e-05	50	12	6	(2,1,3)	705.943124849838	f70977ab98ed7b78acb6dd1183b48ba7047b5ce161d5ed91cb31840c2c01aee2
DB6_CL_US.txt	10305	tk-no-pdub	9.7040271712760790e-05	50	12	7	(3,1,2)	686.114922952330	f70977ab98ed7b78acb6dd1183b48ba7047b5ce161d5ed91cb31840c2c01aee2
DB6_CL_US.txt	10305	tk-no-pdub	9.7040271712760790e-05	50	12	8	(1,2,3,4)	663.377406441229	f70977ab98ed7b78acb6dd1183b48ba7047b5ce161d5ed91cb31840c2c01aee2
DB6_CL_US.txt	10305	tk-no-pdub	9.7040271712760790e-05	50	12	9	(4,3,2,1)	636.125904205058	f70977ab98ed7b78acb6dd1183b48ba7047b5ce161d5ed91cb31840c2c01aee2
DB6_CL_US.txt	10305	tk-no-pdub	9.7040271712760790e-05	50	12	10	(2,3,1)	608.232093700183	f70977ab98ed7b78acb6dd1183b48ba7047b5ce161d5ed91cb31840c2c01aee2
DB6_CL_US.txt	10305	tk-no-pdub	9.7040271712760790e-05	50	12	11	(1,2,4,3)	377.896693489974	f70977ab98ed7b78acb6dd1183b48ba7047b5ce161d5ed91cb31840c2c01aee2
DB6_CL_US.txt	10305	tk-no-pdub	9.7040271712760790e-05	50	12	12	(2,1,3,4)	315.720260766518	f70977ab98ed7b78acb6dd1183b48ba7047b5ce161d5ed91cb31840c2c01aee2
DB6_CL_US.txt	10305	tk-no-pdub	9.7040271712760790e-05	50	12	13	(5,4,3,2,1)	305.506786103945	f70977ab98ed7b78acb6dd1183b48ba7047b5ce161d5ed91cb31840c2c01aee2
DB6_CL_US.txt	10305	tk-no-pdub	9.7040271712760790e-05	50	12	14	(4,3,1,2)	301.115894185862	f70977ab98ed7b78acb6dd1183b48ba7047b5ce161d5ed91cb31840c2c01aee2
DB6_CL_US.txt	10305	tk-no-pdub	9.7040271712760790e-05	50	12	15	(3,4,2,1)	294.380435303827	f70977ab98ed7b78acb6dd1183b48ba7047b5ce161d5ed91cb31840c2c01aee2
DB6_CL_US.txt	10305	tk-no-pdub	9.7040271712760790e-05	50	12	16	(1,2,3,4,5)	289.785273571984	f70977ab98ed7b78acb6dd1183b48ba7047b5ce161d5ed91cb31840c2c01aee2
DB6_CL_US.txt	10305	tk-no-pdub	9.7040271712760790e-05	50	12	17	(1,3,2,4)	230.889281711611	f70977ab98ed7b78acb6dd1183b48ba7047b5ce161d5ed91cb31840c2c01aee2
DB6_CL_US.txt	10305	tk-no-pdub	9.7040271712760790e-05	50	12	18	(3,1,2,4)	219.783987383252	f70977ab98ed7b78acb6dd1183b48ba7047b5ce161d5ed91cb31840c2c01aee2
DB6_CL_US.txt	10305	tk-no-pdub	9.7040271712760790e-05	50	12	19	(2,4,3,1)	188.969473288788	f70977ab98ed7b78acb6dd1183b48ba7047b5ce161d5ed91cb31840c2c01aee2
DB6_CL_US.txt	10305	tk-no-pdub	9.7040271712760790e-05	50	12	20	(1,3,4,2)	182.733146212035	f70977ab98ed7b78acb6dd1183b48ba7047b5ce161d5ed91cb31840c2c01aee2
DB6_CL_US.txt	10305	tk-no-pdub	9.7040271712760790e-05	50	12	21	(4,2,3,1)	177.333056626489	f70977ab98ed7b78acb6dd1183b48ba7047b5ce161d5ed91cb31840c2c01aee2
DB6_CL_US.txt	10305	tk-no-pdub	9.7040271712760790e-05	50	12	22	(1,2,3,5,4)	177.277947352094	f70977ab98ed7b78acb6dd1183b48ba7047b5ce161d5ed91cb31840c2c01aee2
DB6_CL_US.txt	10305	tk-no-pdub	9.7040271712760790e-05	50	12	23	(4,2,1,3)	175.616080926164	f70977ab98ed7b78acb6dd1183b48ba7047b5ce161d5ed91cb31840c2c01aee2
DB6_CL_US.txt	10305	tk-no-pdub	9.7040271712760790e-05	50	12	24	(2,1,4,3)	167.716049901249	f70977ab98ed7b78acb6dd1183b48ba7047b5ce161d5ed91cb31840c2c01aee2
DB6_CL_US.txt	10305	tk-no-pdub	9.7040271712760790e-05	50	12	25	(3,2,1,4)	154.726370930621	f70977ab98ed7b78acb6dd1183b48ba7047b5ce161d5ed91cb31840c2c01aee2
DB6_CL_US.txt	10305	tk-no-pdub	9.7040271712760790e-05	50	12	26	(1,4,3,2)	147.746543556816	f70977ab98ed7b78acb6dd1183b48ba7047b5ce161d5ed91cb31840c2c01aee2
DB6_CL_US.txt	10305	tk-no-pdub	9.7040271712760790e-05	50	12	27	(2,1,3,4,5)	143.716054944768	f70977ab98ed7b78acb6dd1183b48ba7047b5ce161d5ed91cb31840c2c01aee2
DB6_CL_US.txt	10305	tk-no-pdub	9.7040271712760790e-05	50	12	28	(6,5,4,3,2,1)	143.248141645995	f70977ab98ed7b78acb6dd1183b48ba7047b5ce161d5ed91cb31840c2c01aee2
DB6_CL_US.txt	10305	tk-no-pdub	9.7040271712760790e-05	50	12	29	(4,5,3,2,1)	141.872248779695	f70977ab98ed7b78acb6dd1183b48ba7047b5ce161d5ed91cb31840c2c01aee2
DB6_CL_US.txt	10305	tk-no-pdub	9.7040271712760790e-05	50	12	30	(1,4,2,3)	140.687319901410	f70977ab98ed7b78acb6dd1183b48ba7047b5ce161d5ed91cb31840c2c01aee2
DB6_CL_US.txt	10305	tk-no-pdub	9.7040271712760790e-05	50	12	31	(5,4,3,1,2)	135.130479469897	f70977ab98ed7b78acb6dd1183b48ba7047b5ce161d5ed91cb31840c2c01aee2
DB6_CL_US.txt	10305	tk-no-pdub	9.7040271712760790e-05	50	12	32	(4,1,2,3)	131.053030087084	f70977ab98ed7b78acb6dd1183b48ba7047b5ce161d5ed91cb31840c2c01aee2
DB6_CL_US.txt	10305	tk-no-pdub	9.7040271712760790e-05	50	12	33	(1,2,3,4,5,6)	122.492684731205	f70977ab98ed7b78acb6dd1183b48ba7047b5ce161d5ed91cb31840c2c01aee2
DB6_CL_US.txt	10305	tk-no-pdub	9.7040271712760790e-05	50	12	34	(3,4,1,2)	121.781004204875	f70977ab98ed7b78acb6dd1183b48ba7047b5ce161d5ed91cb31840c2c01aee2
DB6_CL_US.txt	10305	tk-no-pdub	9.7040271712760790e-05	50	12	35	(3,1,2,4,5)	113.695754000928	f70977ab98ed7b78acb6dd1183b48ba7047b5ce161d5ed91cb31840c2c01aee2
DB6_CL_US.txt	10305	tk-no-pdub	9.7040271712760790e-05	50	12	36	(1,2,4,3,5)	112.419900688757	f70977ab98ed7b78acb6dd1183b48ba7047b5ce161d5ed91cb31840c2c01aee2
DB6_CL_US.txt	10305	tk-no-pdub	9.7040271712760790e-05	50	12	37	(2,3,4,1)	111.673943575155	f70977ab98ed7b78acb6dd1183b48ba7047b5ce161d5ed91cb31840c2c01aee2
DB6_CL_US.txt	10305	tk-no-pdub	9.7040271712760790e-05	50	12	38	(5,3,4,2,1)	100.503560185045	f70977ab98ed7b78acb6dd1183b48ba7047b5ce161d5ed91cb31840c2c01aee2
DB6_CL_US.txt	10305	tk-no-pdub	9.7040271712760790e-05	50	12	39	(4,1,3,2)	93.964479350178	f70977ab98ed7b78acb6dd1183b48ba7047b5ce161d5ed91cb31840c2c01aee2
DB6_CL_US.txt	10305	tk-no-pdub	9.7040271712760790e-05	50	12	40	(3,2,4,1)	91.794539392411	f70977ab98ed7b78acb6dd1183b48ba7047b5ce161d5ed91cb31840c2c01aee2
DB6_CL_US.txt	10305	tk-no-pdub	9.7040271712760790e-05	50	12	41	(1,3,2,4,5)	90.706511329971	f70977ab98ed7b78acb6dd1183b48ba7047b5ce161d5ed91cb31840c2c01aee2
DB6_CL_US.txt	10305	tk-no-pdub	9.7040271712760790e-05	50	12	42	(3,1,4,2)	88.559907429373	f70977ab98ed7b78acb6dd1183b48ba7047b5ce161d5ed91cb31840c2c01aee2
DB6_CL_US.txt	10305	tk-no-pdub	9.7040271712760790e-05	50	12	43	(1,2,4,5,3)	86.930913909320	f70977ab98ed7b78acb6dd1183b48ba7047b5ce161d5ed91cb31840c2c01aee2
DB6_CL_US.txt	10305	tk-no-pdub	9.7040271712760790e-05	50	12	44	(2,1,3,5,4)	82.843674708328	f70977ab98ed7b78acb6dd1183b48ba7047b5ce161d5ed91cb31840c2c01aee2
DB6_CL_US.txt	10305	tk-no-pdub	9.7040271712760790e-05	50	12	45	(3,5,4,2,1)	80.806684345281	f70977ab98ed7b78acb6dd1183b48ba7047b5ce161d5ed91cb31840c2c01aee2
DB6_CL_US.txt	10305	tk-no-pdub	9.7040271712760790e-05	50	12	46	(1,2,3,4,6,5)	80.252734417999	f70977ab98ed7b78acb6dd1183b48ba7047b5ce161d5ed91cb31840c2c01aee2
DB6_CL_US.txt	10305	tk-no-pdub	9.7040271712760790e-05	50	12	47	(2,3,1,4)	78.540499556233	f70977ab98ed7b78acb6dd1183b48ba7047b5ce161d5ed91cb31840c2c01aee2
DB6_CL_US.txt	10305	tk-no-pdub	9.7040271712760790e-05	50	12	48	(1,2,5,4,3)	77.417815578500	f70977ab98ed7b78acb6dd1183b48ba7047b5ce161d5ed91cb31840c2c01aee2
DB6_CL_US.txt	10305	tk-no-pdub	9.7040271712760790e-05	50	12	49	(5,4,2,3,1)	75.090807037331	f70977ab98ed7b78acb6dd1183b48ba7047b5ce161d5ed91cb31840c2c01aee2
DB6_CL_US.txt	10305	tk-no-pdub	9.7040271712760790e-05	50	12	50	(2,4,1,3)	73.969324625355	f70977ab98ed7b78acb6dd1183b48ba7047b5ce161d5ed91cb31840c2c01aee2
DB6_CL_US.txt	10305	tk-no-dub	9.7040271712760790e-05	50	12	1	(1,2)	3089.481704363500	f70977ab98ed7b78acb6dd1183b48ba7047b5ce161d5ed91cb31840c2c01aee2
DB6_CL_US.txt	10305	tk-no-dub	9.7040271712760790e-05	50	12	2	(2,1)	3025.192639359382	f70977ab98ed7b78acb6dd1183b48ba7047b5ce161d5ed91cb31840c2c01aee2
DB6_CL_US.txt	10305	tk-no-dub	9.7040271712760790e-05	50	12	3	(1,2,3)	1458.503145862430	f70977ab98ed7b78acb6dd1183b48ba7047b5ce161d5ed91cb31840c2c01aee2
DB6_CL_US.txt	10305	tk-no-dub	9.7040271712760790e-05	50	12	4	(3,2,1)	1386.349902974669	f70977ab98ed7b78acb6dd1183b48ba7047b5ce161d5ed91cb31840c2c01aee2
DB6_CL_US.txt	10305	tk-no-dub	9.7040271712760790e-05	50	12	5	(1,3,2)	773.829505865485	f70977ab98ed7b78acb6dd1183b48ba7047b5ce161d5ed91cb31840c2c01aee2
DB6_CL_US.txt	10305	tk-no-dub	9.7040271712760790e-05	50	12	6	(2,1,3)	705.943124849838	f70977ab98ed7b78acb6dd1183b48ba7047b5ce161d5ed91cb31840c2c01aee2
DB6_CL_US.txt	10305	tk-no-dub	9.7040271712760790e-05	50	12	7	(3,1,2)	686.114922952330	f70977ab98ed7b78acb6dd1183b48ba7047b5ce161d5ed91cb31840c2c01aee2
DB6_CL_US.txt	10305	tk-no-dub	9.7040271712760790e-05	50	12	8	(1,2,3,4)	663.377406441229	f70977ab98ed7b78acb6dd1183b48ba7047b5ce161d5ed91cb31840c2c01aee2
DB6_CL_US.txt	10305	tk-no-dub	9.7040271712760790e-05	50	12	9	(4,3,2,1)	636.125904205058	f70977ab98ed7b78acb6dd1183b48ba7047b5ce161d5ed91cb31840c2c01aee2
DB6_CL_US.txt	10305	tk-no-dub	9.7040271712760790e-05	50	12	10	(2,3,1)	608.232093700183	f70977ab98ed7b78acb6dd1183b48ba7047b5ce161d5ed91cb31840c2c01aee2
DB6_CL_US.txt	10305	tk-no-dub	9.7040271712760790e-05	50	12	11	(1,2,4,3)	377.896693489974	f70977ab98ed7b78acb6dd1183b48ba7047b5ce161d5ed91cb31840c2c01aee2
DB6_CL_US.txt	10305	tk-no-dub	9.7040271712760790e-05	50	12	12	(2,1,3,4)	315.720260766518	f70977ab98ed7b78acb6dd1183b48ba7047b5ce161d5ed91cb31840c2c01aee2
DB6_CL_US.txt	10305	tk-no-dub	9.7040271712760790e-05	50	12	13	(5,4,3,2,1)	305.506786103945	f70977ab98ed7b78acb6dd1183b48ba7047b5ce161d5ed91cb31840c2c01aee2
DB6_CL_US.txt	10305	tk-no-dub	9.7040271712760790e-05	50	12	14	(4,3,1,2)	301.115894185862	f70977ab98ed7b78acb6dd1183b48ba7047b5ce161d5ed91cb31840c2c01aee2
DB6_CL_US.txt	10305	tk-no-dub	9.7040271712760790e-05	50	12	15	(3,4,2,1)	294.380435303827	f70977ab98ed7b78acb6dd1183b48ba7047b5ce161d5ed91cb31840c2c01aee2
DB6_CL_US.txt	10305	tk-no-dub	9.7040271712760790e-05	50	12	16	(1,2,3,4,5)	289.785273571984	f70977ab98ed7b78acb6dd1183b48ba7047b5ce161d5ed91cb31840c2c01aee2
DB6_CL_US.txt	10305	tk-no-dub	9.7040271712760790e-05	50	12	17	(1,3,2,4)	230.889281711611	f70977ab98ed7b78acb6dd1183b48ba7047b5ce161d5ed91cb31840c2c01aee2
DB6_CL_US.txt	10305	tk-no-dub	9.7040271712760790e-05	50	12	18	(3,1,2,4)	219.783987383252	f70977ab98ed7b78acb6dd1183b48ba7047b5ce161d5ed91cb31840c2c01aee2
DB6_CL_US.txt	10305	tk-no-dub	9.7040271712760790e-05	50	12	19	(2,4,3,1)	188.969473288788	f70977ab98ed7b78acb6dd1183b48ba7047b5ce161d5ed91cb31840c2c01aee2
DB6_CL_US.txt	10305	tk-no-dub	9.7040271712760790e-05	50	12	20	(1,3,4,2)	182.733146212035	f70977ab98ed7b78acb6dd1183b48ba7047b5ce161d5ed91cb31840c2c01aee2
DB6_CL_US.txt	10305	tk-no-dub	9.7040271712760790e-05	50	12	21	(4,2,3,1)	177.333056626489	f70977ab98ed7b78acb6dd1183b48ba7047b5ce161d5ed91cb31840c2c01aee2
DB6_CL_US.txt	10305	tk-no-dub	9.7040271712760790e-05	50	12	22	(1,2,3,5,4)	177.277947352094	f70977ab98ed7b78acb6dd1183b48ba7047b5ce161d5ed91cb31840c2c01aee2
DB6_CL_US.txt	10305	tk-no-dub	9.7040271712760790e-05	50	12	23	(4,2,1,3)	175.616080926164	f70977ab98ed7b78acb6dd1183b48ba7047b5ce161d5ed91cb31840c2c01aee2
DB6_CL_US.txt	10305	tk-no-dub	9.7040271712760790e-05	50	12	24	(2,1,4,3)	167.716049901249	f70977ab98ed7b78acb6dd1183b48ba7047b5ce161d5ed91cb31840c2c01aee2
DB6_CL_US.txt	10305	tk-no-dub	9.7040271712760790e-05	50	12	25	(3,2,1,4)	154.726370930621	f70977ab98ed7b78acb6dd1183b48ba7047b5ce161d5ed91cb31840c2c01aee2
DB6_CL_US.txt	10305	tk-no-dub	9.7040271712760790e-05	50	12	26	(1,4,3,2)	147.746543556816	f70977ab98ed7b78acb6dd1183b48ba7047b5ce161d5ed91cb31840c2c01aee2
DB6_CL_US.txt	10305	tk-no-dub	9.7040271712760790e-05	50	12	27	(2,1,3,4,5)	143.716054944768	f70977ab98ed7b78acb6dd1183b48ba7047b5ce161d5ed91cb31840c2c01aee2
DB6_CL_US.txt	10305	tk-no-dub	9.7040271712760790e-05	50	12	28	(6,5,4,3,2,1)	143.248141645995	f70977ab98ed7b78acb6dd1183b48ba7047b5ce161d5ed91cb31840c2c01aee2
DB6_CL_US.txt	10305	tk-no-dub	9.7040271712760790e-05	50	12	29	(4,5,3,2,1)	141.872248779695	f70977ab98ed7b78acb6dd1183b48ba7047b5ce161d5ed91cb31840c2c01aee2
DB6_CL_US.txt	10305	tk-no-dub	9.7040271712760790e-05	50	12	30	(1,4,2,3)	140.687319901410	f70977ab98ed7b78acb6dd1183b48ba7047b5ce161d5ed91cb31840c2c01aee2
DB6_CL_US.txt	10305	tk-no-dub	9.7040271712760790e-05	50	12	31	(5,4,3,1,2)	135.130479469897	f70977ab98ed7b78acb6dd1183b48ba7047b5ce161d5ed91cb31840c2c01aee2
DB6_CL_US.txt	10305	tk-no-dub	9.7040271712760790e-05	50	12	32	(4,1,2,3)	131.053030087084	f70977ab98ed7b78acb6dd1183b48ba7047b5ce161d5ed91cb31840c2c01aee2
DB6_CL_US.txt	10305	tk-no-dub	9.7040271712760790e-05	50	12	33	(1,2,3,4,5,6)	122.492684731205	f70977ab98ed7b78acb6dd1183b48ba7047b5ce161d5ed91cb31840c2c01aee2
DB6_CL_US.txt	10305	tk-no-dub	9.7040271712760790e-05	50	12	34	(3,4,1,2)	121.781004204875	f70977ab98ed7b78acb6dd1183b48ba7047b5ce161d5ed91cb31840c2c01aee2
DB6_CL_US.txt	10305	tk-no-dub	9.7040271712760790e-05	50	12	35	(3,1,2,4,5)	113.695754000928	f70977ab98ed7b78acb6dd1183b48ba7047b5ce161d5ed91cb31840c2c01aee2
DB6_CL_US.txt	10305	tk-no-dub	9.7040271712760790e-05	50	12	36	(1,2,4,3,5)	112.419900688757	f70977ab98ed7b78acb6dd1183b48ba7047b5ce161d5ed91cb31840c2c01aee2
DB6_CL_US.txt	10305	tk-no-dub	9.7040271712760790e-05	50	12	37	(2,3,4,1)	111.673943575155	f70977ab98ed7b78acb6dd1183b48ba7047b5ce161d5ed91cb31840c2c01aee2
DB6_CL_US.txt	10305	tk-no-dub	9.7040271712760790e-05	50	12	38	(5,3,4,2,1)	100.503560185045	f70977ab98ed7b78acb6dd1183b48ba7047b5ce161d5ed91cb31840c2c01aee2
DB6_CL_US.txt	10305	tk-no-dub	9.7040271712760790e-05	50	12	39	(4,1,3,2)	93.964479350178	f70977ab98ed7b78acb6dd1183b48ba7047b5ce161d5ed91cb31840c2c01aee2
DB6_CL_US.txt	10305	tk-no-dub	9.7040271712760790e-05	50	12	40	(3,2,4,1)	91.794539392411	f70977ab98ed7b78acb6dd1183b48ba7047b5ce161d5ed91cb31840c2c01aee2
DB6_CL_US.txt	10305	tk-no-dub	9.7040271712760790e-05	50	12	41	(1,3,2,4,5)	90.706511329971	f70977ab98ed7b78acb6dd1183b48ba7047b5ce161d5ed91cb31840c2c01aee2
DB6_CL_US.txt	10305	tk-no-dub	9.7040271712760790e-05	50	12	42	(3,1,4,2)	88.559907429373	f70977ab98ed7b78acb6dd1183b48ba7047b5ce161d5ed91cb31840c2c01aee2
DB6_CL_US.txt	10305	tk-no-dub	9.7040271712760790e-05	50	12	43	(1,2,4,5,3)	86.930913909320	f70977ab98ed7b78acb6dd1183b48ba7047b5ce161d5ed91cb31840c2c01aee2
DB6_CL_US.txt	10305	tk-no-dub	9.7040271712760790e-05	50	12	44	(2,1,3,5,4)	82.843674708328	f70977ab98ed7b78acb6dd1183b48ba7047b5ce161d5ed91cb31840c2c01aee2
DB6_CL_US.txt	10305	tk-no-dub	9.7040271712760790e-05	50	12	45	(3,5,4,2,1)	80.806684345281	f70977ab98ed7b78acb6dd1183b48ba7047b5ce161d5ed91cb31840c2c01aee2
DB6_CL_US.txt	10305	tk-no-dub	9.7040271712760790e-05	50	12	46	(1,2,3,4,6,5)	80.252734417999	f70977ab98ed7b78acb6dd1183b48ba7047b5ce161d5ed91cb31840c2c01aee2
DB6_CL_US.txt	10305	tk-no-dub	9.7040271712760790e-05	50	12	47	(2,3,1,4)	78.540499556233	f70977ab98ed7b78acb6dd1183b48ba7047b5ce161d5ed91cb31840c2c01aee2
DB6_CL_US.txt	10305	tk-no-dub	9.7040271712760790e-05	50	12	48	(1,2,5,4,3)	77.417815578500	f70977ab98ed7b78acb6dd1183b48ba7047b5ce161d5ed91cb31840c2c01aee2
DB6_CL_US.txt	10305	tk-no-dub	9.7040271712760790e-05	50	12	49	(5,4,2,3,1)	75.090807037331	f70977ab98ed7b78acb6dd1183b48ba7047b5ce161d5ed91cb31840c2c01aee2
DB6_CL_US.txt	10305	tk-no-dub	9.7040271712760790e-05	50	12	50	(2,4,1,3)	73.969324625355	f70977ab98ed7b78acb6dd1183b48ba7047b5ce161d5ed91cb31840c2c01aee2
DB6_CL_US.txt	10305	tk	9.7040271712760790e-05	50	12	1	(1,2)	3089.481704363500	f70977ab98ed7b78acb6dd1183b48ba7047b5ce161d5ed91cb31840c2c01aee2
DB6_CL_US.txt	10305	tk	9.7040271712760790e-05	50	12	2	(2,1)	3025.192639359382	f70977ab98ed7b78acb6dd1183b48ba7047b5ce161d5ed91cb31840c2c01aee2
DB6_CL_US.txt	10305	tk	9.7040271712760790e-05	50	12	3	(1,2,3)	1458.503145862430	f70977ab98ed7b78acb6dd1183b48ba7047b5ce161d5ed91cb31840c2c01aee2
DB6_CL_US.txt	10305	tk	9.7040271712760790e-05	50	12	4	(3,2,1)	1386.349902974669	f70977ab98ed7b78acb6dd1183b48ba7047b5ce161d5ed91cb31840c2c01aee2
DB6_CL_US.txt	10305	tk	9.7040271712760790e-05	50	12	5	(1,3,2)	773.829505865485	f70977ab98ed7b78acb6dd1183b48ba7047b5ce161d5ed91cb31840c2c01aee2
DB6_CL_US.txt	10305	tk	9.7040271712760790e-05	50	12	6	(2,1,3)	705.943124849838	f70977ab98ed7b78acb6dd1183b48ba7047b5ce161d5ed91cb31840c2c01aee2
DB6_CL_US.txt	10305	tk	9.7040271712760790e-05	50	12	7	(3,1,2)	686.114922952330	f70977ab98ed7b78acb6dd1183b48ba7047b5ce161d5ed91cb31840c2c01aee2
DB6_CL_US.txt	10305	tk	9.7040271712760790e-05	50	12	8	(1,2,3,4)	663.377406441229	f70977ab98ed7b78acb6dd1183b48ba7047b5ce161d5ed91cb31840c2c01aee2
DB6_CL_US.txt	10305	tk	9.7040271712760790e-05	50	12	9	(4,3,2,1)	636.125904205058	f70977ab98ed7b78acb6dd1183b48ba7047b5ce161d5ed91cb31840c2c01aee2
DB6_CL_US.txt	10305	tk	9.7040271712760790e-05	50	12	10	(2,3,1)	608.232093700183	f70977ab98ed7b78acb6dd1183b48ba7047b5ce161d5ed91cb31840c2c01aee2
DB6_CL_US.txt	10305	tk	9.7040271712760790e-05	50	12	11	(1,2,4,3)	377.896693489974	f70977ab98ed7b78acb6dd1183b48ba7047b5ce161d5ed91cb31840c2c01aee2
DB6_CL_US.txt	10305	tk	9.7040271712760790e-05	50	12	12	(2,1,3,4)	315.720260766518	f70977ab98ed7b78acb6dd1183b48ba7047b5ce161d5ed91cb31840c2c01aee2
DB6_CL_US.txt	10305	tk	9.7040271712760790e-05	50	12	13	(5,4,3,2,1)	305.506786103945	f70977ab98ed7b78acb6dd1183b48ba7047b5ce161d5ed91cb31840c2c01aee2
DB6_CL_US.txt	10305	tk	9.7040271712760790e-05	50	12	14	(4,3,1,2)	301.115894185862	f70977ab98ed7b78acb6dd1183b48ba7047b5ce161d5ed91cb31840c2c01aee2
DB6_CL_US.txt	10305	tk	9.7040271712760790e-05	50	12	15	(3,4,2,1)	294.380435303827	f70977ab98ed7b78acb6dd1183b48ba7047b5ce161d5ed91cb31840c2c01aee2
DB6_CL_US.txt	10305	tk	9.7040271712760790e-05	50	12	16	(1,2,3,4,5)	289.785273571984	f70977ab98ed7b78acb6dd1183b48ba7047b5ce161d5ed91cb31840c2c01aee2
DB6_CL_US.txt	10305	tk	9.7040271712760790e-05	50	12	17	(1,3,2,4)	230.889281711611	f70977ab98ed7b78acb6dd1183b48ba7047b5ce161d5ed91cb31840c2c01aee2
DB6_CL_US.txt	10305	tk	9.7040271712760790e-05	50	12	18	(3,1,2,4)	219.783987383252	f70977ab98ed7b78acb6dd1183b48ba7047b5ce161d5ed91cb31840c2c01aee2
DB6_CL_US.txt	10305	tk	9.7040271712760790e-05	50	12	19	(2,4,3,1)	188.969473288788	f70977ab98ed7b78acb6dd1183b48ba7047b5ce161d5ed91cb31840c2c01aee2
DB6_CL_US.txt	10305	tk	9.7040271712760790e-05	50	12	20	(1,3,4,2)	182.733146212035	f70977ab98ed7b78acb6dd1183b48ba7047b5ce161d5ed91cb31840c2c01aee2
DB6_CL_US.txt	10305	tk	9.7040271712760790e-05	50	12	21	(4,2,3,1)	177.333056626489	f70977ab98ed7b78acb6dd1183b48ba7047b5ce161d5ed91cb31840c2c01aee2
DB6_CL_US.txt	10305	tk	9.7040271712760790e-05	50	12	22	(1,2,3,5,4)	177.277947352094	f70977ab98ed7b78acb6dd1183b48ba7047b5ce161d5ed91cb31840c2c01aee2
DB6_CL_US.txt	10305	tk	9.7040271712760790e-05	50	12	23	(4,2,1,3)	175.616080926164	f70977ab98ed7b78acb6dd1183b48ba7047b5ce161d5ed91cb31840c2c01aee2
DB6_CL_US.txt	10305	tk	9.7040271712760790e-05	50	12	24	(2,1,4,3)	167.716049901249	f70977ab98ed7b78acb6dd1183b48ba7047b5ce161d5ed91cb31840c2c01aee2
DB6_CL_US.txt	10305	tk	9.7040271712760790e-05	50	12	25	(3,2,1,4)	154.726370930621	f70977ab98ed7b78acb6dd1183b48ba7047b5ce161d5ed91cb31840c2c01aee2
DB6_CL_US.txt	10305	tk	9.7040271712760790e-05	50	12	26	(1,4,3,2)	147.746543556816	f70977ab98ed7b78acb6dd1183b48ba7047b5ce161d5ed91cb31840c2c01aee2
DB6_CL_US.txt	10305	tk	9.7040271712760790e-05	50	12	27	(2,1,3,4,5)	143.716054944768	f70977ab98ed7b78acb6dd1183b48ba7047b5ce161d5ed91cb31840c2c01aee2
DB6_CL_US.txt	10305	tk	9.7040271712760790e-05	50	12	28	(6,5,4,3,2,1)	143.248141645995	f70977ab98ed7b78acb6dd1183b48ba7047b5ce161d5ed91cb31840c2c01aee2
DB6_CL_US.txt	10305	tk	9.7040271712760790e-05	50	12	29	(4,5,3,2,1)	141.872248779695	f70977ab98ed7b78acb6dd1183b48ba7047b5ce161d5ed91cb31840c2c01aee2
DB6_CL_US.txt	10305	tk	9.7040271712760790e-05	50	12	30	(1,4,2,3)	140.687319901410	f70977ab98ed7b78acb6dd1183b48ba7047b5ce161d5ed91cb31840c2c01aee2
DB6_CL_US.txt	10305	tk	9.7040271712760790e-05	50	12	31	(5,4,3,1,2)	135.130479469897	f70977ab98ed7b78acb6dd1183b48ba7047b5ce161d5ed91cb31840c2c01aee2
DB6_CL_US.txt	10305	tk	9.7040271712760790e-05	50	12	32	(4,1,2,3)	131.053030087084	f70977ab98ed7b78acb6dd1183b48ba7047b5ce161d5ed91cb31840c2c01aee2
DB6_CL_US.txt	10305	tk	9.7040271712760790e-05	50	12	33	(1,2,3,4,5,6)	122.492684731205	f70977ab98ed7b78acb6dd1183b48ba7047b5ce161d5ed91cb31840c2c01aee2
DB6_CL_US.txt	10305	tk	9.7040271712760790e-05	50	12	34	(3,4,1,2)	121.781004204875	f70977ab98ed7b78acb6dd1183b48ba7047b5ce161d5ed91cb31840c2c01aee2
DB6_CL_US.txt	10305	tk	9.7040271712760790e-05	50	12	35	(3,1,2,4,5)	113.695754000928	f70977ab98ed7b78acb6dd1183b48ba7047b5ce161d5ed91cb31840c2c01aee2
DB6_CL_US.txt	10305	tk	9.7040271712760790e-05	50	12	36	(1,2,4,3,5)	112.419900688757	f70977ab98ed7b78acb6dd1183b48ba7047b5ce161d5ed91cb31840c2c01aee2
DB6_CL_US.txt	10305	tk	9.7040271712760790e-05	50	12	37	(2,3,4,1)	111.673943575155	f70977ab98ed7b78acb6dd1183b48ba7047b5ce161d5ed91cb31840c2c01aee2
DB6_CL_US.txt	10305	tk	9.7040271712760790e-05	50	12	38	(5,3,4,2,1)	100.503560185045	f70977ab98ed7b78acb6dd1183b48ba7047b5ce161d5ed91cb31840c2c01aee2
DB6_CL_US.txt	10305	tk	9.7040271712760790e-05	50	12	39	(4,1,3,2)	93.964479350178	f70977ab98ed7b78acb6dd1183b48ba7047b5ce161d5ed91cb31840c2c01aee2
DB6_CL_US.txt	10305	tk	9.7040271712760790e-05	50	12	40	(3,2,4,1)	91.794539392411	f70977ab98ed7b78acb6dd1183b48ba7047b5ce161d5ed91cb31840c2c01aee2
DB6_CL_US.txt	10305	tk	9.7040271712760790e-05	50	12	41	(1,3,2,4,5)	90.706511329971	f70977ab98ed7b78acb6dd1183b48ba7047b5ce161d5ed91cb31840c2c01aee2
DB6_CL_US.txt	10305	tk	9.7040271712760790e-05	50	12	42	(3,1,4,2)	88.559907429373	f70977ab98ed7b78acb6dd1183b48ba7047b5ce161d5ed91cb31840c2c01aee2
DB6_CL_US.txt	10305	tk	9.7040271712760790e-05	50	12	43	(1,2,4,5,3)	86.930913909320	f70977ab98ed7b78acb6dd1183b48ba7047b5ce161d5ed91cb31840c2c01aee2
DB6_CL_US.txt	10305	tk	9.7040271712760790e-05	50	12	44	(2,1,3,5,4)	82.843674708328	f70977ab98ed7b78acb6dd1183b48ba7047b5ce161d5ed91cb31840c2c01aee2
DB6_CL_US.txt	10305	tk	9.7040271712760790e-05	50	12	45	(3,5,4,2,1)	80.806684345281	f70977ab98ed7b78acb6dd1183b48ba7047b5ce161d5ed91cb31840c2c01aee2
DB6_CL_US.txt	10305	tk	9.7040271712760790e-05	50	12	46	(1,2,3,4,6,5)	80.252734417999	f70977ab98ed7b78acb6dd1183b48ba7047b5ce161d5ed91cb31840c2c01aee2
DB6_CL_US.txt	10305	tk	9.7040271712760790e-05	50	12	47	(2,3,1,4)	78.540499556233	f70977ab98ed7b78acb6dd1183b48ba7047b5ce161d5ed91cb31840c2c01aee2
DB6_CL_US.txt	10305	tk	9.7040271712760790e-05	50	12	48	(1,2,5,4,3)	77.417815578500	f70977ab98ed7b78acb6dd1183b48ba7047b5ce161d5ed91cb31840c2c01aee2
DB6_CL_US.txt	10305	tk	9.7040271712760790e-05	50	12	49	(5,4,2,3,1)	75.090807037331	f70977ab98ed7b78acb6dd1183b48ba7047b5ce161d5ed91cb31840c2c01aee2
DB6_CL_US.txt	10305	tk	9.7040271712760790e-05	50	12	50	(2,4,1,3)	73.969324625355	f70977ab98ed7b78acb6dd1183b48ba7047b5ce161d5ed91cb31840c2c01aee2
DB7_HPQ_US.txt	12075	hjtopk	8.2815734989648030e-05	50	12	1	(1,2)	3677.329485903951	6b276b3fa8322c05a1a632589da2e0eb260629a961f2b68aac599e5ada222ea3
DB7_HPQ_US.txt	12075	hjtopk	8.2815734989648030e-05	50	12	2	(2,1)	3523.748860402301	6b276b3fa8322c05a1a632589da2e0eb260629a961f2b68aac599e5ada222ea3
DB7_HPQ_US.txt	12075	hjtopk	8.2815734989648030e-05	50	12	3	(1,2,3)	1791.450935973925	6b276b3fa8322c05a1a632589da2e0eb260629a961f2b68aac599e5ada222ea3
DB7_HPQ_US.txt	12075	hjtopk	8.2815734989648030e-05	50	12	4	(3,2,1)	1636.165242278038	6b276b3fa8322c05a1a632589da2e0eb260629a961f2b68aac599e5ada222ea3
DB7_HPQ_US.txt	12075	hjtopk	8.2815734989648030e-05	50	12	5	(1,3,2)	845.780580161521	6b276b3fa8322c05a1a632589da2e0eb260629a961f2b68aac599e5ada222ea3
DB7_HPQ_US.txt	12075	hjtopk	8.2815734989648030e-05	50	12	6	(1,2,3,4)	837.288453420710	6b276b3fa8322c05a1a632589da2e0eb260629a961f2b68aac599e5ada222ea3
DB7_HPQ_US.txt	12075	hjtopk	8.2815734989648030e-05	50	12	7	(2,1,3)	822.534579253975	6b276b3fa8322c05a1a632589da2e0eb260629a961f2b68aac599e5ada222ea3
DB7_HPQ_US.txt	12075	hjtopk	8.2815734989648030e-05	50	12	8	(3,1,2)	785.305323132848	6b276b3fa8322c05a1a632589da2e0eb260629a961f2b68aac599e5ada222ea3
DB7_HPQ_US.txt	12075	hjtopk	8.2815734989648030e-05	50	12	9	(2,3,1)	758.146280780822	6b276b3fa8322c05a1a632589da2e0eb260629a961f2b68aac599e5ada222ea3
DB7_HPQ_US.txt	12075	hjtopk	8.2815734989648030e-05	50	12	10	(4,3,2,1)	735.256154884320	6b276b3fa8322c05a1a632589da2e0eb260629a961f2b68aac599e5ada222ea3
DB7_HPQ_US.txt	12075	hjtopk	8.2815734989648030e-05	50	12	11	(1,2,4,3)	425.586252728951	6b276b3fa8322c05a1a632589da2e0eb260629a961f2b68aac599e5ada222ea3
DB7_HPQ_US.txt	12075	hjtopk	8.2815734989648030e-05	50	12	12	(2,1,3,4)	414.922008021866	6b276b3fa8322c05a1a632589da2e0eb260629a961f2b68aac599e5ada222ea3
DB7_HPQ_US.txt	12075	hjtopk	8.2815734989648030e-05	50	12	13	(1,2,3,4,5)	368.867185203690	6b276b3fa8322c05a1a632589da2e0eb260629a961f2b68aac599e5ada222ea3
DB7_HPQ_US.txt	12075	hjtopk	8.2815734989648030e-05	50	12	14	(4,3,1,2)	368.072319136769	6b276b3fa8322c05a1a632589da2e0eb260629a961f2b68aac599e5ada222ea3
DB7_HPQ_US.txt	12075	hjtopk	8.2815734989648030e-05	50	12	15	(3,4,2,1)	363.210310430598	6b276b3fa8322c05a1a632589da2e0eb260629a961f2b68aac599e5ada222ea3
DB7_HPQ_US.txt	12075	hjtopk	8.2815734989648030e-05	50	12	16	(5,4,3,2,1)	325.401094545206	6b276b3fa8322c05a1a632589da2e0eb260629a961f2b68aac599e5ada222ea3
DB7_HPQ_US.txt	12075	hjtopk	8.2815734989648030e-05	50	12	17	(1,3,2,4)	248.118259873053	6b276b3fa8322c05a1a632589da2e0eb260629a961f2b68aac599e5ada222ea3
DB7_HPQ_US.txt	12075	hjtopk	8.2815734989648030e-05	50	12	18	(1,3,4,2)	218.284985642104	6b276b3fa8322c05a1a632589da2e0eb260629a961f2b68aac599e5ada222ea3
DB7_HPQ_US.txt	12075	hjtopk	8.2815734989648030e-05	50	12	19	(4,2,3,1)	211.982736852394	6b276b3fa8322c05a1a632589da2e0eb260629a961f2b68aac599e5ada222ea3
DB7_HPQ_US.txt	12075	hjtopk	8.2815734989648030e-05	50	12	20	(2,4,3,1)	210.017300581810	6b276b3fa8322c05a1a632589da2e0eb260629a961f2b68aac599e5ada222ea3
DB7_HPQ_US.txt	12075	hjtopk	8.2815734989648030e-05	50	12	21	(3,1,2,4)	208.837311190885	6b276b3fa8322c05a1a632589da2e0eb260629a961f2b68aac599e5ada222ea3
DB7_HPQ_US.txt	12075	hjtopk	8.2815734989648030e-05	50	12	22	(1,2,3,5,4)	202.348413660426	6b276b3fa8322c05a1a632589da2e0eb260629a961f2b68aac599e5ada222ea3
DB7_HPQ_US.txt	12075	hjtopk	8.2815734989648030e-05	50	12	23	(4,2,1,3)	201.639860485427	6b276b3fa8322c05a1a632589da2e0eb260629a961f2b68aac599e5ada222ea3
DB7_HPQ_US.txt	12075	hjtopk	8.2815734989648030e-05	50	12	24	(2,1,3,4,5)	201.417183508077	6b276b3fa8322c05a1a632589da2e0eb260629a961f2b68aac599e5ada222ea3
DB7_HPQ_US.txt	12075	hjtopk	8.2815734989648030e-05	50	12	25	(1,4,3,2)	189.020737382290	6b276b3fa8322c05a1a632589da2e0eb260629a961f2b68aac599e5ada222ea3
DB7_HPQ_US.txt	12075	hjtopk	8.2815734989648030e-05	50	12	26	(3,2,1,4)	184.468747166230	6b276b3fa8322c05a1a632589da2e0eb260629a961f2b68aac599e5ada222ea3
DB7_HPQ_US.txt	12075	hjtopk	8.2815734989648030e-05	50	12	27	(5,4,3,1,2)	180.444849489990	6b276b3fa8322c05a1a632589da2e0eb260629a961f2b68aac599e5ada222ea3
DB7_HPQ_US.txt	12075	hjtopk	8.2815734989648030e-05	50	12	28	(2,1,4,3)	176.131412502967	6b276b3fa8322c05a1a632589da2e0eb260629a961f2b68aac599e5ada222ea3
DB7_HPQ_US.txt	12075	hjtopk	8.2815734989648030e-05	50	12	29	(4,1,2,3)	165.630189258432	6b276b3fa8322c05a1a632589da2e0eb260629a961f2b68aac599e5ada222ea3
DB7_HPQ_US.txt	12075	hjtopk	8.2815734989648030e-05	50	12	30	(4,5,3,2,1)	162.394071341661	6b276b3fa8322c05a1a632589da2e0eb260629a961f2b68aac599e5ada222ea3
DB7_HPQ_US.txt	12075	hjtopk	8.2815734989648030e-05	50	12	31	(1,2,3,4,5,6)	158.461023411363	6b276b3fa8322c05a1a632589da2e0eb260629a961f2b68aac599e5ada222ea3
DB7_HPQ_US.txt	12075	hjtopk	8.2815734989648030e-05	50	12	32	(3,4,1,2)	157.291192514870	6b276b3fa8322c05a1a632589da2e0eb260629a961f2b68aac599e5ada222ea3
DB7_HPQ_US.txt	12075	hjtopk	8.2815734989648030e-05	50	12	33	(2,3,4,1)	154.776781300117	6b276b3fa8322c05a1a632589da2e0eb260629a961f2b68aac599e5ada222ea3
DB7_HPQ_US.txt	12075	hjtopk	8.2815734989648030e-05	50	12	34	(6,5,4,3,2,1)	138.774732284812	6b276b3fa8322c05a1a632589da2e0eb260629a961f2b68aac599e5ada222ea3
DB7_HPQ_US.txt	12075	hjtopk	8.2815734989648030e-05	50	12	35	(1,4,2,3)	128.674897678719	6b276b3fa8322c05a1a632589da2e0eb260629a961f2b68aac599e5ada222ea3
DB7_HPQ_US.txt	12075	hjtopk	8.2815734989648030e-05	50	12	36	(1,2,4,3,5)	125.848114754767	6b276b3fa8322c05a1a632589da2e0eb260629a961f2b68aac599e5ada222ea3
DB7_HPQ_US.txt	12075	hjtopk	8.2815734989648030e-05	50	12	37	(4,1,3,2)	120.161091673130	6b276b3fa8322c05a1a632589da2e0eb260629a961f2b68aac599e5ada222ea3
DB7_HPQ_US.txt	12075	hjtopk	8.2815734989648030e-05	50	12	38	(1,3,2,4,5)	120.151291148431	6b276b3fa8322c05a1a632589da2e0eb260629a961f2b68aac599e5ada222ea3
DB7_HPQ_US.txt	12075	hjtopk	8.2815734989648030e-05	50	12	39	(2,3,1,4)	111.780927775172	6b276b3fa8322c05a1a632589da2e0eb260629a961f2b68aac599e5ada222ea3
DB7_HPQ_US.txt	12075	hjtopk	8.2815734989648030e-05	50	12	40	(1,2,4,5,3)	109.366089522840	6b276b3fa8322c05a1a632589da2e0eb260629a961f2b68aac599e5ada222ea3
DB7_HPQ_US.txt	12075	hjtopk	8.2815734989648030e-05	50	12	41	(5,3,4,2,1)	109.088711339375	6b276b3fa8322c05a1a632589da2e0eb260629a961f2b68aac599e5ada222ea3
DB7_HPQ_US.txt	12075	hjtopk	8.2815734989648030e-05	50	12	42	(3,2,4,1)	107.961781618510	6b276b3fa8322c05a1a632589da2e0eb260629a961f2b68aac599e5ada222ea3
DB7_HPQ_US.txt	12075	hjtopk	8.2815734989648030e-05	50	12	43	(3,5,4,2,1)	101.062686265534	6b276b3fa8322c05a1a632589da2e0eb260629a961f2b68aac599e5ada222ea3
DB7_HPQ_US.txt	12075	hjtopk	8.2815734989648030e-05	50	12	44	(3,1,2,4,5)	100.971626250914	6b276b3fa8322c05a1a632589da2e0eb260629a961f2b68aac599e5ada222ea3
DB7_HPQ_US.txt	12075	hjtopk	8.2815734989648030e-05	50	12	45	(2,1,3,5,4)	99.271435635175	6b276b3fa8322c05a1a632589da2e0eb260629a961f2b68aac599e5ada222ea3
DB7_HPQ_US.txt	12075	hjtopk	8.2815734989648030e-05	50	12	46	(5,4,2,3,1)	96.732497562864	6b276b3fa8322c05a1a632589da2e0eb260629a961f2b68aac599e5ada222ea3
DB7_HPQ_US.txt	12075	hjtopk	8.2815734989648030e-05	50	12	47	(3,2,1,4,5)	93.732778198676	6b276b3fa8322c05a1a632589da2e0eb260629a961f2b68aac599e5ada222ea3
DB7_HPQ_US.txt	12075	hjtopk	8.2815734989648030e-05	50	12	48	(1,2,3,4,6,5)	93.377495439355	6b276b3fa8322c05a1a632589da2e0eb260629a961f2b68aac599e5ada222ea3
DB7_HPQ_US.txt	12075	hjtopk	8.2815734989648030e-05	50	12	49	(1,2,5,4,3)	91.188510849299	6b276b3fa8322c05a1a632589da2e0eb260629a961f2b68aac599e5ada222ea3
DB7_HPQ_US.txt	12075	hjtopk	8.2815734989648030e-05	50	12	50	(5,4,2,1,3)	84.291070850621	6b276b3fa8322c05a1a632589da2e0eb260629a961f2b68aac599e5ada222ea3
DB7_HPQ_US.txt	12075	tk-no-bounds	8.2815734989648030e-05	50	12	1	(1,2)	3677.329485903951	6b276b3fa8322c05a1a632589da2e0eb260629a961f2b68aac599e5ada222ea3
DB7_HPQ_US.txt	12075	tk-no-bounds	8.2815734989648030e-05	50	12	2	(2,1)	3523.748860402301	6b276b3fa8322c05a1a632589da2e0eb260629a961f2b68aac599e5ada222ea3
DB7_HPQ_US.txt	12075	tk-no-bounds	8.2815734989648030e-05	50	12	3	(1,2,3)	1791.450935973925	6b276b3fa8322c05a1a632589da2e0eb260629a961f2b68aac599e5ada222ea3
DB7_HPQ_US.txt	12075	tk-no-bounds	8.2815734989648030e-05	50	12	4	(3,2,1)	1636.165242278038	6b276b3fa8322c05a1a632589da2e0eb260629a961f2b68aac599e5ada222ea3
DB7_HPQ_US.txt	12075	tk-no-bounds	8.2815734989648030e-05	50	12	5	(1,3,2)	845.780580161521	6b276b3fa8322c05a1a632589da2e0eb260629a961f2b68aac599e5ada222ea3
DB7_HPQ_US.txt	12075	tk-no-bounds	8.2815734989648030e-05	50	12	6	(1,2,3,4)	837.288453420710	6b276b3fa8322c05a1a632589da2e0eb260629a961f2b68aac599e5ada222ea3
DB7_HPQ_US.txt	12075	tk-no-bounds	8.2815734989648030e-05	50	12	7	(2,1,3)	822.534579253975	6b276b3fa8322c05a1a632589da2e0eb260629a961f2b68aac599e5ada222ea3
DB7_HPQ_US.txt	12075	tk-no-bounds	8.2815734989648030e-05	50	12	8	(3,1,2)	785.305323132848	6b276b3fa8322c05a1a632589da2e0eb260629a961f2b68aac599e5ada222ea3
DB7_HPQ_US.txt	12075	tk-no-bounds	8.2815734989648030e-05	50	12	9	(2,3,1)	758.146280780822	6b276b3fa8322c05a1a632589da2e0eb260629a961f2b68aac599e5ada222ea3
DB7_HPQ_US.txt	12075	tk-no-bounds	8.2815734989648030e-05	50	12	10	(4,3,2,1)	735.256154884320	6b276b3fa8322c05a1a632589da2e0eb260629a961f2b68aac599e5ada222ea3
DB7_HPQ_US.txt	12075	tk-no-bounds	8.2815734989648030e-05	50	12	11	(1,2,4,3)	425.586252728951	6b276b3fa8322c05a1a632589da2e0eb260629a961f2b68aac599e5ada222ea3
DB7_HPQ_US.txt	12075	tk-no-bounds	8.2815734989648030e-05	50	12	12	(2,1,3,4)	414.922008021866	6b276b3fa8322c05a1a632589da2e0eb260629a961f2b68aac599e5ada222ea3
DB7_HPQ_US.txt	12075	tk-no-bounds	8.2815734989648030e-05	50	12	13	(1,2,3,4,5)	368.867185203690	6b276b3fa8322c05a1a632589da2e0eb260629a961f2b68aac599e5ada222ea3
DB7_HPQ_US.txt	12075	tk-no-bounds	8.2815734989648030e-05	50	12	14	(4,3,1,2)	368.072319136769	6b276b3fa8322c05a1a632589da2e0eb260629a961f2b68aac599e5ada222ea3
DB7_HPQ_US.txt	12075	tk-no-bounds	8.2815734989648030e-05	50	12	15	(3,4,2,1)	363.210310430598	6b276b3fa8322c05a1a632589da2e0eb260629a961f2b68aac599e5ada222ea3
DB7_HPQ_US.txt	12075	tk-no-bounds	8.2815734989648030e-05	50	12	16	(5,4,3,2,1)	325.401094545206	6b276b3fa8322c05a1a632589da2e0eb260629a961f2b68aac599e5ada222ea3
DB7_HPQ_US.txt	12075	tk-no-bounds	8.2815734989648030e-05	50	12	17	(1,3,2,4)	248.118259873053	6b276b3fa8322c05a1a632589da2e0eb260629a961f2b68aac599e5ada222ea3
DB7_HPQ_US.txt	12075	tk-no-bounds	8.2815734989648030e-05	50	12	18	(1,3,4,2)	218.284985642104	6b276b3fa8322c05a1a632589da2e0eb260629a961f2b68aac599e5ada222ea3
DB7_HPQ_US.txt	12075	tk-no-bounds	8.2815734989648030e-05	50	12	19	(4,2,3,1)	211.982736852394	6b276b3fa8322c05a1a632589da2e0eb260629a961f2b68aac599e5ada222ea3
DB7_HPQ_US.txt	12075	tk-no-bounds	8.2815734989648030e-05	50	12	20	(2,4,3,1)	210.017300581810	6b276b3fa8322c05a1a632589da2e0eb260629a961f2b68aac599e5ada222ea3
DB7_HPQ_US.txt	12075	tk-no-bounds	8.2815734989648030e-05	50	12	21	(3,1,2,4)	208.837311190885	6b276b3fa8322c05a1a632589da2e0eb260629a961f2b68aac599e5ada222ea3
DB7_HPQ_US.txt	12075	tk-no-bounds	8.2815734989648030e-05	50	12	22	(1,2,3,5,4)	202.348413660426	6b276b3fa8322c05a1a632589da2e0eb260629a961f2b68aac599e5ada222ea3
DB7_HPQ_US.txt	12075	tk-no-bounds	8.2815734989648030e-05	50	12	23	(4,2,1,3)	201.639860485427	6b276b3fa8322c05a1a632589da2e0eb260629a961f2b68aac599e5ada222ea3
DB7_HPQ_US.txt	12075	tk-no-bounds	8.2815734989648030e-05	50	12	24	(2,1,3,4,5)	201.417183508077	6b276b3fa8322c05a1a632589da2e0eb260629a961f2b68aac599e5ada222ea3
DB7_HPQ_US.txt	12075	tk-no-bounds	8.2815734989648030e-05	50	12	25	(1,4,3,2)	189.020737382290	6b276b3fa8322c05a1a632589da2e0eb260629a961f2b68aac599e5ada222ea3
DB7_HPQ_US.txt	12075	tk-no-bounds	8.2815734989648030e-05	50	12	26	(3,2,1,4)	184.468747166230	6b276b3fa8322c05a1a632589da2e0eb260629a961f2b68aac599e5ada222ea3
DB7_HPQ_US.txt	12075	tk-no-bounds	8.2815734989648030e-05	50	12	27	(5,4,3,1,2)	180.444849489990	6b276b3fa8322c05a1a632589da2e0eb260629a961f2b68aac599e5ada222ea3
DB7_HPQ_US.txt	12075	tk-no-bounds	8.2815734989648030e-05	50	12	28	(2,1,4,3)	176.131412502967	6b276b3fa8322c05a1a632589da2e0eb260629a961f2b68aac599e5ada222ea3
DB7_HPQ_US.txt	12075	tk-no-bounds	8.2815734989648030e-05	50	12	29	(4,1,2,3)	165.630189258432	6b276b3fa8322c05a1a632589da2e0eb260629a961f2b68aac599e5ada222ea3
DB7_HPQ_US.txt	12075	tk-no-bounds	8.2815734989648030e-05	50	12	30	(4,5,3,2,1)	162.394071341661	6b276b3fa8322c05a1a632589da2e0eb260629a961f2b68aac599e5ada222ea3
DB7_HPQ_US.txt	12075	tk-no-bounds	8.2815734989648030e-05	50	12	31	(1,2,3,4,5,6)	158.461023411363	6b276b3fa8322c05a1a632589da2e0eb260629a961f2b68aac599e5ada222ea3
DB7_HPQ_US.txt	12075	tk-no-bounds	8.2815734989648030e-05	50	12	32	(3,4,1,2)	157.291192514870	6b276b3fa8322c05a1a632589da2e0eb260629a961f2b68aac599e5ada222ea3
DB7_HPQ_US.txt	12075	tk-no-bounds	8.2815734989648030e-05	50	12	33	(2,3,4,1)	154.776781300117	6b276b3fa8322c05a1a632589da2e0eb260629a961f2b68aac599e5ada222ea3
DB7_HPQ_US.txt	12075	tk-no-bounds	8.2815734989648030e-05	50	12	34	(6,5,4,3,2,1)	138.774732284812	6b276b3fa8322c05a1a632589da2e0eb260629a961f2b68aac599e5ada222ea3
DB7_HPQ_US.txt	12075	tk-no-bounds	8.2815734989648030e-05	50	12	35	(1,4,2,3)	128.674897678719	6b276b3fa8322c05a1a632589da2e0eb260629a961f2b68aac599e5ada222ea3
DB7_HPQ_US.txt	12075	tk-no-bounds	8.2815734989648030e-05	50	12	36	(1,2,4,3,5)	125.848114754767	6b276b3fa8322c05a1a632589da2e0eb260629a961f2b68aac599e5ada222ea3
DB7_HPQ_US.txt	12075	tk-no-bounds	8.2815734989648030e-05	50	12	37	(4,1,3,2)	120.161091673130	6b276b3fa8322c05a1a632589da2e0eb260629a961f2b68aac599e5ada222ea3
DB7_HPQ_US.txt	12075	tk-no-bounds	8.2815734989648030e-05	50	12	38	(1,3,2,4,5)	120.151291148431	6b276b3fa8322c05a1a632589da2e0eb260629a961f2b68aac599e5ada222ea3
DB7_HPQ_US.txt	12075	tk-no-bounds	8.2815734989648030e-05	50	12	39	(2,3,1,4)	111.780927775172	6b276b3fa8322c05a1a632589da2e0eb260629a961f2b68aac599e5ada222ea3
DB7_HPQ_US.txt	12075	tk-no-bounds	8.2815734989648030e-05	50	12	40	(1,2,4,5,3)	109.366089522840	6b276b3fa8322c05a1a632589da2e0eb260629a961f2b68aac599e5ada222ea3
DB7_HPQ_US.txt	12075	tk-no-bounds	8.2815734989648030e-05	50	12	41	(5,3,4,2,1)	109.088711339375	6b276b3fa8322c05a1a632589da2e0eb260629a961f2b68aac599e5ada222ea3
DB7_HPQ_US.txt	12075	tk-no-bounds	8.2815734989648030e-05	50	12	42	(3,2,4,1)	107.961781618510	6b276b3fa8322c05a1a632589da2e0eb260629a961f2b68aac599e5ada222ea3
DB7_HPQ_US.txt	12075	tk-no-bounds	8.2815734989648030e-05	50	12	43	(3,5,4,2,1)	101.062686265534	6b276b3fa8322c05a1a632589da2e0eb260629a961f2b68aac599e5ada222ea3
DB7_HPQ_US.txt	12075	tk-no-bounds	8.2815734989648030e-05	50	12	44	(3,1,2,4,5)	100.971626250914	6b276b3fa8322c05a1a632589da2e0eb260629a961f2b68aac599e5ada222ea3
DB7_HPQ_US.txt	12075	tk-no-bounds	8.2815734989648030e-05	50	12	45	(2,1,3,5,4)	99.271435635175	6b276b3fa8322c05a1a632589da2e0eb260629a961f2b68aac599e5ada222ea3
DB7_HPQ_US.txt	12075	tk-no-bounds	8.2815734989648030e-05	50	12	46	(5,4,2,3,1)	96.732497562864	6b276b3fa8322c05a1a632589da2e0eb260629a961f2b68aac599e5ada222ea3
DB7_HPQ_US.txt	12075	tk-no-bounds	8.2815734989648030e-05	50	12	47	(3,2,1,4,5)	93.732778198676	6b276b3fa8322c05a1a632589da2e0eb260629a961f2b68aac599e5ada222ea3
DB7_HPQ_US.txt	12075	tk-no-bounds	8.2815734989648030e-05	50	12	48	(1,2,3,4,6,5)	93.377495439355	6b276b3fa8322c05a1a632589da2e0eb260629a961f2b68aac599e5ada222ea3
DB7_HPQ_US.txt	12075	tk-no-bounds	8.2815734989648030e-05	50	12	49	(1,2,5,4,3)	91.188510849299	6b276b3fa8322c05a1a632589da2e0eb260629a961f2b68aac599e5ada222ea3
DB7_HPQ_US.txt	12075	tk-no-bounds	8.2815734989648030e-05	50	12	50	(5,4,2,1,3)	84.291070850621	6b276b3fa8322c05a1a632589da2e0eb260629a961f2b68aac599e5ada222ea3
DB7_HPQ_US.txt	12075	tk-no-pdub	8.2815734989648030e-05	50	12	1	(1,2)	3677.329485903951	6b276b3fa8322c05a1a632589da2e0eb260629a961f2b68aac599e5ada222ea3
DB7_HPQ_US.txt	12075	tk-no-pdub	8.2815734989648030e-05	50	12	2	(2,1)	3523.748860402301	6b276b3fa8322c05a1a632589da2e0eb260629a961f2b68aac599e5ada222ea3
DB7_HPQ_US.txt	12075	tk-no-pdub	8.2815734989648030e-05	50	12	3	(1,2,3)	1791.450935973925	6b276b3fa8322c05a1a632589da2e0eb260629a961f2b68aac599e5ada222ea3
DB7_HPQ_US.txt	12075	tk-no-pdub	8.2815734989648030e-05	50	12	4	(3,2,1)	1636.165242278038	6b276b3fa8322c05a1a632589da2e0eb260629a961f2b68aac599e5ada222ea3
DB7_HPQ_US.txt	12075	tk-no-pdub	8.2815734989648030e-05	50	12	5	(1,3,2)	845.780580161521	6b276b3fa8322c05a1a632589da2e0eb260629a961f2b68aac599e5ada222ea3
DB7_HPQ_US.txt	12075	tk-no-pdub	8.2815734989648030e-05	50	12	6	(1,2,3,4)	837.288453420710	6b276b3fa8322c05a1a632589da2e0eb260629a961f2b68aac599e5ada222ea3
DB7_HPQ_US.txt	12075	tk-no-pdub	8.2815734989648030e-05	50	12	7	(2,1,3)	822.534579253975	6b276b3fa8322c05a1a632589da2e0eb260629a961f2b68aac599e5ada222ea3
DB7_HPQ_US.txt	12075	tk-no-pdub	8.2815734989648030e-05	50	12	8	(3,1,2)	785.305323132848	6b276b3fa8322c05a1a632589da2e0eb260629a961f2b68aac599e5ada222ea3
DB7_HPQ_US.txt	12075	tk-no-pdub	8.2815734989648030e-05	50	12	9	(2,3,1)	758.146280780822	6b276b3fa8322c05a1a632589da2e0eb260629a961f2b68aac599e5ada222ea3
DB7_HPQ_US.txt	12075	tk-no-pdub	8.2815734989648030e-05	50	12	10	(4,3,2,1)	735.256154884320	6b276b3fa8322c05a1a632589da2e0eb260629a961f2b68aac599e5ada222ea3
DB7_HPQ_US.txt	12075	tk-no-pdub	8.2815734989648030e-05	50	12	11	(1,2,4,3)	425.586252728951	6b276b3fa8322c05a1a632589da2e0eb260629a961f2b68aac599e5ada222ea3
DB7_HPQ_US.txt	12075	tk-no-pdub	8.2815734989648030e-05	50	12	12	(2,1,3,4)	414.922008021866	6b276b3fa8322c05a1a632589da2e0eb260629a961f2b68aac599e5ada222ea3
DB7_HPQ_US.txt	12075	tk-no-pdub	8.2815734989648030e-05	50	12	13	(1,2,3,4,5)	368.867185203690	6b276b3fa8322c05a1a632589da2e0eb260629a961f2b68aac599e5ada222ea3
DB7_HPQ_US.txt	12075	tk-no-pdub	8.2815734989648030e-05	50	12	14	(4,3,1,2)	368.072319136769	6b276b3fa8322c05a1a632589da2e0eb260629a961f2b68aac599e5ada222ea3
DB7_HPQ_US.txt	12075	tk-no-pdub	8.2815734989648030e-05	50	12	15	(3,4,2,1)	363.210310430598	6b276b3fa8322c05a1a632589da2e0eb260629a961f2b68aac599e5ada222ea3
DB7_HPQ_US.txt	12075	tk-no-pdub	8.2815734989648030e-05	50	12	16	(5,4,3,2,1)	325.401094545206	6b276b3fa8322c05a1a632589da2e0eb260629a961f2b68aac599e5ada222ea3
DB7_HPQ_US.txt	12075	tk-no-pdub	8.2815734989648030e-05	50	12	17	(1,3,2,4)	248.118259873053	6b276b3fa8322c05a1a632589da2e0eb260629a961f2b68aac599e5ada222ea3
DB7_HPQ_US.txt	12075	tk-no-pdub	8.2815734989648030e-05	50	12	18	(1,3,4,2)	218.284985642104	6b276b3fa8322c05a1a632589da2e0eb260629a961f2b68aac599e5ada222ea3
DB7_HPQ_US.txt	12075	tk-no-pdub	8.2815734989648030e-05	50	12	19	(4,2,3,1)	211.982736852394	6b276b3fa8322c05a1a632589da2e0eb260629a961f2b68aac599e5ada222ea3
DB7_HPQ_US.txt	12075	tk-no-pdub	8.2815734989648030e-05	50	12	20	(2,4,3,1)	210.017300581810	6b276b3fa8322c05a1a632589da2e0eb260629a961f2b68aac599e5ada222ea3
DB7_HPQ_US.txt	12075	tk-no-pdub	8.2815734989648030e-05	50	12	21	(3,1,2,4)	208.837311190885	6b276b3fa8322c05a1a632589da2e0eb260629a961f2b68aac599e5ada222ea3
DB7_HPQ_US.txt	12075	tk-no-pdub	8.2815734989648030e-05	50	12	22	(1,2,3,5,4)	202.348413660426	6b276b3fa8322c05a1a632589da2e0eb260629a961f2b68aac599e5ada222ea3
DB7_HPQ_US.txt	12075	tk-no-pdub	8.2815734989648030e-05	50	12	23	(4,2,1,3)	201.639860485427	6b276b3fa8322c05a1a632589da2e0eb260629a961f2b68aac599e5ada222ea3
DB7_HPQ_US.txt	12075	tk-no-pdub	8.2815734989648030e-05	50	12	24	(2,1,3,4,5)	201.417183508077	6b276b3fa8322c05a1a632589da2e0eb260629a961f2b68aac599e5ada222ea3
DB7_HPQ_US.txt	12075	tk-no-pdub	8.2815734989648030e-05	50	12	25	(1,4,3,2)	189.020737382290	6b276b3fa8322c05a1a632589da2e0eb260629a961f2b68aac599e5ada222ea3
DB7_HPQ_US.txt	12075	tk-no-pdub	8.2815734989648030e-05	50	12	26	(3,2,1,4)	184.468747166230	6b276b3fa8322c05a1a632589da2e0eb260629a961f2b68aac599e5ada222ea3
DB7_HPQ_US.txt	12075	tk-no-pdub	8.2815734989648030e-05	50	12	27	(5,4,3,1,2)	180.444849489990	6b276b3fa8322c05a1a632589da2e0eb260629a961f2b68aac599e5ada222ea3
DB7_HPQ_US.txt	12075	tk-no-pdub	8.2815734989648030e-05	50	12	28	(2,1,4,3)	176.131412502967	6b276b3fa8322c05a1a632589da2e0eb260629a961f2b68aac599e5ada222ea3
DB7_HPQ_US.txt	12075	tk-no-pdub	8.2815734989648030e-05	50	12	29	(4,1,2,3)	165.630189258432	6b276b3fa8322c05a1a632589da2e0eb260629a961f2b68aac599e5ada222ea3
DB7_HPQ_US.txt	12075	tk-no-pdub	8.2815734989648030e-05	50	12	30	(4,5,3,2,1)	162.394071341661	6b276b3fa8322c05a1a632589da2e0eb260629a961f2b68aac599e5ada222ea3
DB7_HPQ_US.txt	12075	tk-no-pdub	8.2815734989648030e-05	50	12	31	(1,2,3,4,5,6)	158.461023411363	6b276b3fa8322c05a1a632589da2e0eb260629a961f2b68aac599e5ada222ea3
DB7_HPQ_US.txt	12075	tk-no-pdub	8.2815734989648030e-05	50	12	32	(3,4,1,2)	157.291192514870	6b276b3fa8322c05a1a632589da2e0eb260629a961f2b68aac599e5ada222ea3
DB7_HPQ_US.txt	12075	tk-no-pdub	8.2815734989648030e-05	50	12	33	(2,3,4,1)	154.776781300117	6b276b3fa8322c05a1a632589da2e0eb260629a961f2b68aac599e5ada222ea3
DB7_HPQ_US.txt	12075	tk-no-pdub	8.2815734989648030e-05	50	12	34	(6,5,4,3,2,1)	138.774732284812	6b276b3fa8322c05a1a632589da2e0eb260629a961f2b68aac599e5ada222ea3
DB7_HPQ_US.txt	12075	tk-no-pdub	8.2815734989648030e-05	50	12	35	(1,4,2,3)	128.674897678719	6b276b3fa8322c05a1a632589da2e0eb260629a961f2b68aac599e5ada222ea3
DB7_HPQ_US.txt	12075	tk-no-pdub	8.2815734989648030e-05	50	12	36	(1,2,4,3,5)	125.848114754767	6b276b3fa8322c05a1a632589da2e0eb260629a961f2b68aac599e5ada222ea3
DB7_HPQ_US.txt	12075	tk-no-pdub	8.2815734989648030e-05	50	12	37	(4,1,3,2)	120.161091673130	6b276b3fa8322c05a1a632589da2e0eb260629a961f2b68aac599e5ada222ea3
DB7_HPQ_US.txt	12075	tk-no-pdub	8.2815734989648030e-05	50	12	38	(1,3,2,4,5)	120.151291148431	6b276b3fa8322c05a1a632589da2e0eb260629a961f2b68aac599e5ada222ea3
DB7_HPQ_US.txt	12075	tk-no-pdub	8.2815734989648030e-05	50	12	39	(2,3,1,4)	111.780927775172	6b276b3fa8322c05a1a632589da2e0eb260629a961f2b68aac599e5ada222ea3
DB7_HPQ_US.txt	12075	tk-no-pdub	8.2815734989648030e-05	50	12	40	(1,2,4,5,3)	109.366089522840	6b276b3fa8322c05a1a632589da2e0eb260629a961f2b68aac599e5ada222ea3
DB7_HPQ_US.txt	12075	tk-no-pdub	8.2815734989648030e-05	50	12	41	(5,3,4,2,1)	109.088711339375	6b276b3fa8322c05a1a632589da2e0eb260629a961f2b68aac599e5ada222ea3
DB7_HPQ_US.txt	12075	tk-no-pdub	8.2815734989648030e-05	50	12	42	(3,2,4,1)	107.961781618510	6b276b3fa8322c05a1a632589da2e0eb260629a961f2b68aac599e5ada222ea3
DB7_HPQ_US.txt	12075	tk-no-pdub	8.2815734989648030e-05	50	12	43	(3,5,4,2,1)	101.062686265534	6b276b3fa8322c05a1a632589da2e0eb260629a961f2b68aac599e5ada222ea3
DB7_HPQ_US.txt	12075	tk-no-pdub	8.2815734989648030e-05	50	12	44	(3,1,2,4,5)	100.971626250914	6b276b3fa8322c05a1a632589da2e0eb260629a961f2b68aac599e5ada222ea3
DB7_HPQ_US.txt	12075	tk-no-pdub	8.2815734989648030e-05	50	12	45	(2,1,3,5,4)	99.271435635175	6b276b3fa8322c05a1a632589da2e0eb260629a961f2b68aac599e5ada222ea3
DB7_HPQ_US.txt	12075	tk-no-pdub	8.2815734989648030e-05	50	12	46	(5,4,2,3,1)	96.732497562864	6b276b3fa8322c05a1a632589da2e0eb260629a961f2b68aac599e5ada222ea3
DB7_HPQ_US.txt	12075	tk-no-pdub	8.2815734989648030e-05	50	12	47	(3,2,1,4,5)	93.732778198676	6b276b3fa8322c05a1a632589da2e0eb260629a961f2b68aac599e5ada222ea3
DB7_HPQ_US.txt	12075	tk-no-pdub	8.2815734989648030e-05	50	12	48	(1,2,3,4,6,5)	93.377495439355	6b276b3fa8322c05a1a632589da2e0eb260629a961f2b68aac599e5ada222ea3
DB7_HPQ_US.txt	12075	tk-no-pdub	8.2815734989648030e-05	50	12	49	(1,2,5,4,3)	91.188510849299	6b276b3fa8322c05a1a632589da2e0eb260629a961f2b68aac599e5ada222ea3
DB7_HPQ_US.txt	12075	tk-no-pdub	8.2815734989648030e-05	50	12	50	(5,4,2,1,3)	84.291070850621	6b276b3fa8322c05a1a632589da2e0eb260629a961f2b68aac599e5ada222ea3
DB7_HPQ_US.txt	12075	tk-no-dub	8.2815734989648030e-05	50	12	1	(1,2)	3677.329485903951	6b276b3fa8322c05a1a632589da2e0eb260629a961f2b68aac599e5ada222ea3
DB7_HPQ_US.txt	12075	tk-no-dub	8.2815734989648030e-05	50	12	2	(2,1)	3523.748860402301	6b276b3fa8322c05a1a632589da2e0eb260629a961f2b68aac599e5ada222ea3
DB7_HPQ_US.txt	12075	tk-no-dub	8.2815734989648030e-05	50	12	3	(1,2,3)	1791.450935973925	6b276b3fa8322c05a1a632589da2e0eb260629a961f2b68aac599e5ada222ea3
DB7_HPQ_US.txt	12075	tk-no-dub	8.2815734989648030e-05	50	12	4	(3,2,1)	1636.165242278038	6b276b3fa8322c05a1a632589da2e0eb260629a961f2b68aac599e5ada222ea3
DB7_HPQ_US.txt	12075	tk-no-dub	8.2815734989648030e-05	50	12	5	(1,3,2)	845.780580161521	6b276b3fa8322c05a1a632589da2e0eb260629a961f2b68aac599e5ada222ea3
DB7_HPQ_US.txt	12075	tk-no-dub	8.2815734989648030e-05	50	12	6	(1,2,3,4)	837.288453420710	6b276b3fa8322c05a1a632589da2e0eb260629a961f2b68aac599e5ada222ea3
DB7_HPQ_US.txt	12075	tk-no-dub	8.2815734989648030e-05	50	12	7	(2,1,3)	822.534579253975	6b276b3fa8322c05a1a632589da2e0eb260629a961f2b68aac599e5ada222ea3
DB7_HPQ_US.txt	12075	tk-no-dub	8.2815734989648030e-05	50	12	8	(3,1,2)	785.305323132848	6b276b3fa8322c05a1a632589da2e0eb260629a961f2b68aac599e5ada222ea3
DB7_HPQ_US.txt	12075	tk-no-dub	8.2815734989648030e-05	50	12	9	(2,3,1)	758.146280780822	6b276b3fa8322c05a1a632589da2e0eb260629a961f2b68aac599e5ada222ea3
DB7_HPQ_US.txt	12075	tk-no-dub	8.2815734989648030e-05	50	12	10	(4,3,2,1)	735.256154884320	6b276b3fa8322c05a1a632589da2e0eb260629a961f2b68aac599e5ada222ea3
DB7_HPQ_US.txt	12075	tk-no-dub	8.2815734989648030e-05	50	12	11	(1,2,4,3)	425.586252728951	6b276b3fa8322c05a1a632589da2e0eb260629a961f2b68aac599e5ada222ea3
DB7_HPQ_US.txt	12075	tk-no-dub	8.2815734989648030e-05	50	12	12	(2,1,3,4)	414.922008021866	6b276b3fa8322c05a1a632589da2e0eb260629a961f2b68aac599e5ada222ea3
DB7_HPQ_US.txt	12075	tk-no-dub	8.2815734989648030e-05	50	12	13	(1,2,3,4,5)	368.867185203690	6b276b3fa8322c05a1a632589da2e0eb260629a961f2b68aac599e5ada222ea3
DB7_HPQ_US.txt	12075	tk-no-dub	8.2815734989648030e-05	50	12	14	(4,3,1,2)	368.072319136769	6b276b3fa8322c05a1a632589da2e0eb260629a961f2b68aac599e5ada222ea3
DB7_HPQ_US.txt	12075	tk-no-dub	8.2815734989648030e-05	50	12	15	(3,4,2,1)	363.210310430598	6b276b3fa8322c05a1a632589da2e0eb260629a961f2b68aac599e5ada222ea3
DB7_HPQ_US.txt	12075	tk-no-dub	8.2815734989648030e-05	50	12	16	(5,4,3,2,1)	325.401094545206	6b276b3fa8322c05a1a632589da2e0eb260629a961f2b68aac599e5ada222ea3
DB7_HPQ_US.txt	12075	tk-no-dub	8.2815734989648030e-05	50	12	17	(1,3,2,4)	248.118259873053	6b276b3fa8322c05a1a632589da2e0eb260629a961f2b68aac599e5ada222ea3
DB7_HPQ_US.txt	12075	tk-no-dub	8.2815734989648030e-05	50	12	18	(1,3,4,2)	218.284985642104	6b276b3fa8322c05a1a632589da2e0eb260629a961f2b68aac599e5ada222ea3
DB7_HPQ_US.txt	12075	tk-no-dub	8.2815734989648030e-05	50	12	19	(4,2,3,1)	211.982736852394	6b276b3fa8322c05a1a632589da2e0eb260629a961f2b68aac599e5ada222ea3
DB7_HPQ_US.txt	12075	tk-no-dub	8.2815734989648030e-05	50	12	20	(2,4,3,1)	210.017300581810	6b276b3fa8322c05a1a632589da2e0eb260629a961f2b68aac599e5ada222ea3
DB7_HPQ_US.txt	12075	tk-no-dub	8.2815734989648030e-05	50	12	21	(3,1,2,4)	208.837311190885	6b276b3fa8322c05a1a632589da2e0eb260629a961f2b68aac599e5ada222ea3
DB7_HPQ_US.txt	12075	tk-no-dub	8.2815734989648030e-05	50	12	22	(1,2,3,5,4)	202.348413660426	6b276b3fa8322c05a1a632589da2e0eb260629a961f2b68aac599e5ada222ea3
DB7_HPQ_US.txt	12075	tk-no-dub	8.2815734989648030e-05	50	12	23	(4,2,1,3)	201.639860485427	6b276b3fa8322c05a1a632589da2e0eb260629a961f2b68aac599e5ada222ea3
DB7_HPQ_US.txt	12075	tk-no-dub	8.2815734989648030e-05	50	12	24	(2,1,3,4,5)	201.417183508077	6b276b3fa8322c05a1a632589da2e0eb260629a961f2b68aac599e5ada222ea3
DB7_HPQ_US.txt	12075	tk-no-dub	8.2815734989648030e-05	50	12	25	(1,4,3,2)	189.020737382290	6b276b3fa8322c05a1a632589da2e0eb260629a961f2b68aac599e5ada222ea3
DB7_HPQ_US.txt	12075	tk-no-dub	8.2815734989648030e-05	50	12	26	(3,2,1,4)	184.468747166230	6b276b3fa8322c05a1a632589da2e0eb260629a961f2b68aac599e5ada222ea3
DB7_HPQ_US.txt	12075	tk-no-dub	8.2815734989648030e-05	50	12	27	(5,4,3,1,2)	180.444849489990	6b276b3fa8322c05a1a632589da2e0eb260629a961f2b68aac599e5ada222ea3
DB7_HPQ_US.txt	12075	tk-no-dub	8.2815734989648030e-05	50	12	28	(2,1,4,3)	176.131412502967	6b276b3fa8322c05a1a632589da2e0eb260629a961f2b68aac599e5ada222ea3
DB7_HPQ_US.txt	12075	tk-no-dub	8.2815734989648030e-05	50	12	29	(4,1,2,3)	165.630189258432	6b276b3fa8322c05a1a632589da2e0eb260629a961f2b68aac599e5ada222ea3
DB7_HPQ_US.txt	12075	tk-no-dub	8.2815734989648030e-05	50	12	30	(4,5,3,2,1)	162.394071341661	6b276b3fa8322c05a1a632589da2e0eb260629a961f2b68aac599e5ada222ea3
DB7_HPQ_US.txt	12075	tk-no-dub	8.2815734989648030e-05	50	12	31	(1,2,3,4,5,6)	158.461023411363	6b276b3fa8322c05a1a632589da2e0eb260629a961f2b68aac599e5ada222ea3
DB7_HPQ_US.txt	12075	tk-no-dub	8.2815734989648030e-05	50	12	32	(3,4,1,2)	157.291192514870	6b276b3fa8322c05a1a632589da2e0eb260629a961f2b68aac599e5ada222ea3
DB7_HPQ_US.txt	12075	tk-no-dub	8.2815734989648030e-05	50	12	33	(2,3,4,1)	154.776781300117	6b276b3fa8322c05a1a632589da2e0eb260629a961f2b68aac599e5ada222ea3
DB7_HPQ_US.txt	12075	tk-no-dub	8.2815734989648030e-05	50	12	34	(6,5,4,3,2,1)	138.774732284812	6b276b3fa8322c05a1a632589da2e0eb260629a961f2b68aac599e5ada222ea3
DB7_HPQ_US.txt	12075	tk-no-dub	8.2815734989648030e-05	50	12	35	(1,4,2,3)	128.674897678719	6b276b3fa8322c05a1a632589da2e0eb260629a961f2b68aac599e5ada222ea3
DB7_HPQ_US.txt	12075	tk-no-dub	8.2815734989648030e-05	50	12	36	(1,2,4,3,5)	125.848114754767	6b276b3fa8322c05a1a632589da2e0eb260629a961f2b68aac599e5ada222ea3
DB7_HPQ_US.txt	12075	tk-no-dub	8.2815734989648030e-05	50	12	37	(4,1,3,2)	120.161091673130	6b276b3fa8322c05a1a632589da2e0eb260629a961f2b68aac599e5ada222ea3
DB7_HPQ_US.txt	12075	tk-no-dub	8.2815734989648030e-05	50	12	38	(1,3,2,4,5)	120.151291148431	6b276b3fa8322c05a1a632589da2e0eb260629a961f2b68aac599e5ada222ea3
DB7_HPQ_US.txt	12075	tk-no-dub	8.2815734989648030e-05	50	12	39	(2,3,1,4)	111.780927775172	6b276b3fa8322c05a1a632589da2e0eb260629a961f2b68aac599e5ada222ea3
DB7_HPQ_US.txt	12075	tk-no-dub	8.2815734989648030e-05	50	12	40	(1,2,4,5,3)	109.366089522840	6b276b3fa8322c05a1a632589da2e0eb260629a961f2b68aac599e5ada222ea3
DB7_HPQ_US.txt	12075	tk-no-dub	8.2815734989648030e-05	50	12	41	(5,3,4,2,1)	109.088711339375	6b276b3fa8322c05a1a632589da2e0eb260629a961f2b68aac599e5ada222ea3
DB7_HPQ_US.txt	12075	tk-no-dub	8.2815734989648030e-05	50	12	42	(3,2,4,1)	107.961781618510	6b276b3fa8322c05a1a632589da2e0eb260629a961f2b68aac599e5ada222ea3
DB7_HPQ_US.txt	12075	tk-no-dub	8.2815734989648030e-05	50	12	43	(3,5,4,2,1)	101.062686265534	6b276b3fa8322c05a1a632589da2e0eb260629a961f2b68aac599e5ada222ea3
DB7_HPQ_US.txt	12075	tk-no-dub	8.2815734989648030e-05	50	12	44	(3,1,2,4,5)	100.971626250914	6b276b3fa8322c05a1a632589da2e0eb260629a961f2b68aac599e5ada222ea3
DB7_HPQ_US.txt	12075	tk-no-dub	8.2815734989648030e-05	50	12	45	(2,1,3,5,4)	99.271435635175	6b276b3fa8322c05a1a632589da2e0eb260629a961f2b68aac599e5ada222ea3
DB7_HPQ_US.txt	12075	tk-no-dub	8.2815734989648030e-05	50	12	46	(5,4,2,3,1)	96.732497562864	6b276b3fa8322c05a1a632589da2e0eb260629a961f2b68aac599e5ada222ea3
DB7_HPQ_US.txt	12075	tk-no-dub	8.2815734989648030e-05	50	12	47	(3,2,1,4,5)	93.732778198676	6b276b3fa8322c05a1a632589da2e0eb260629a961f2b68aac599e5ada222ea3
DB7_HPQ_US.txt	12075	tk-no-dub	8.2815734989648030e-05	50	12	48	(1,2,3,4,6,5)	93.377495439355	6b276b3fa8322c05a1a632589da2e0eb260629a961f2b68aac599e5ada222ea3
DB7_HPQ_US.txt	12075	tk-no-dub	8.2815734989648030e-05	50	12	49	(1,2,5,4,3)	91.188510849299	6b276b3fa8322c05a1a632589da2e0eb260629a961f2b68aac599e5ada222ea3
DB7_HPQ_US.txt	12075	tk-no-dub	8.2815734989648030e-05	50	12	50	(5,4,2,1,3)	84.291070850621	6b276b3fa8322c05a1a632589da2e0eb260629a961f2b68aac599e5ada222ea3
DB7_HPQ_US.txt	12075	tk	8.2815734989648030e-05	50	12	1	(1,2)	3677.329485903951	6b276b3fa8322c05a1a632589da2e0eb260629a961f2b68aac599e5ada222ea3
DB7_HPQ_US.txt	12075	tk	8.2815734989648030e-05	50	12	2	(2,1)	3523.748860402301	6b276b3fa8322c05a1a632589da2e0eb260629a961f2b68aac599e5ada222ea3
DB7_HPQ_US.txt	12075	tk	8.2815734989648030e-05	50	12	3	(1,2,3)	1791.450935973925	6b276b3fa8322c05a1a632589da2e0eb260629a961f2b68aac599e5ada222ea3
DB7_HPQ_US.txt	12075	tk	8.2815734989648030e-05	50	12	4	(3,2,1)	1636.165242278038	6b276b3fa8322c05a1a632589da2e0eb260629a961f2b68aac599e5ada222ea3
DB7_HPQ_US.txt	12075	tk	8.2815734989648030e-05	50	12	5	(1,3,2)	845.780580161521	6b276b3fa8322c05a1a632589da2e0eb260629a961f2b68aac599e5ada222ea3
DB7_HPQ_US.txt	12075	tk	8.2815734989648030e-05	50	12	6	(1,2,3,4)	837.288453420710	6b276b3fa8322c05a1a632589da2e0eb260629a961f2b68aac599e5ada222ea3
DB7_HPQ_US.txt	12075	tk	8.2815734989648030e-05	50	12	7	(2,1,3)	822.534579253975	6b276b3fa8322c05a1a632589da2e0eb260629a961f2b68aac599e5ada222ea3
DB7_HPQ_US.txt	12075	tk	8.2815734989648030e-05	50	12	8	(3,1,2)	785.305323132848	6b276b3fa8322c05a1a632589da2e0eb260629a961f2b68aac599e5ada222ea3
DB7_HPQ_US.txt	12075	tk	8.2815734989648030e-05	50	12	9	(2,3,1)	758.146280780822	6b276b3fa8322c05a1a632589da2e0eb260629a961f2b68aac599e5ada222ea3
DB7_HPQ_US.txt	12075	tk	8.2815734989648030e-05	50	12	10	(4,3,2,1)	735.256154884320	6b276b3fa8322c05a1a632589da2e0eb260629a961f2b68aac599e5ada222ea3
DB7_HPQ_US.txt	12075	tk	8.2815734989648030e-05	50	12	11	(1,2,4,3)	425.586252728951	6b276b3fa8322c05a1a632589da2e0eb260629a961f2b68aac599e5ada222ea3
DB7_HPQ_US.txt	12075	tk	8.2815734989648030e-05	50	12	12	(2,1,3,4)	414.922008021866	6b276b3fa8322c05a1a632589da2e0eb260629a961f2b68aac599e5ada222ea3
DB7_HPQ_US.txt	12075	tk	8.2815734989648030e-05	50	12	13	(1,2,3,4,5)	368.867185203690	6b276b3fa8322c05a1a632589da2e0eb260629a961f2b68aac599e5ada222ea3
DB7_HPQ_US.txt	12075	tk	8.2815734989648030e-05	50	12	14	(4,3,1,2)	368.072319136769	6b276b3fa8322c05a1a632589da2e0eb260629a961f2b68aac599e5ada222ea3
DB7_HPQ_US.txt	12075	tk	8.2815734989648030e-05	50	12	15	(3,4,2,1)	363.210310430598	6b276b3fa8322c05a1a632589da2e0eb260629a961f2b68aac599e5ada222ea3
DB7_HPQ_US.txt	12075	tk	8.2815734989648030e-05	50	12	16	(5,4,3,2,1)	325.401094545206	6b276b3fa8322c05a1a632589da2e0eb260629a961f2b68aac599e5ada222ea3
DB7_HPQ_US.txt	12075	tk	8.2815734989648030e-05	50	12	17	(1,3,2,4)	248.118259873053	6b276b3fa8322c05a1a632589da2e0eb260629a961f2b68aac599e5ada222ea3
DB7_HPQ_US.txt	12075	tk	8.2815734989648030e-05	50	12	18	(1,3,4,2)	218.284985642104	6b276b3fa8322c05a1a632589da2e0eb260629a961f2b68aac599e5ada222ea3
DB7_HPQ_US.txt	12075	tk	8.2815734989648030e-05	50	12	19	(4,2,3,1)	211.982736852394	6b276b3fa8322c05a1a632589da2e0eb260629a961f2b68aac599e5ada222ea3
DB7_HPQ_US.txt	12075	tk	8.2815734989648030e-05	50	12	20	(2,4,3,1)	210.017300581810	6b276b3fa8322c05a1a632589da2e0eb260629a961f2b68aac599e5ada222ea3
DB7_HPQ_US.txt	12075	tk	8.2815734989648030e-05	50	12	21	(3,1,2,4)	208.837311190885	6b276b3fa8322c05a1a632589da2e0eb260629a961f2b68aac599e5ada222ea3
DB7_HPQ_US.txt	12075	tk	8.2815734989648030e-05	50	12	22	(1,2,3,5,4)	202.348413660426	6b276b3fa8322c05a1a632589da2e0eb260629a961f2b68aac599e5ada222ea3
DB7_HPQ_US.txt	12075	tk	8.2815734989648030e-05	50	12	23	(4,2,1,3)	201.639860485427	6b276b3fa8322c05a1a632589da2e0eb260629a961f2b68aac599e5ada222ea3
DB7_HPQ_US.txt	12075	tk	8.2815734989648030e-05	50	12	24	(2,1,3,4,5)	201.417183508077	6b276b3fa8322c05a1a632589da2e0eb260629a961f2b68aac599e5ada222ea3
DB7_HPQ_US.txt	12075	tk	8.2815734989648030e-05	50	12	25	(1,4,3,2)	189.020737382290	6b276b3fa8322c05a1a632589da2e0eb260629a961f2b68aac599e5ada222ea3
DB7_HPQ_US.txt	12075	tk	8.2815734989648030e-05	50	12	26	(3,2,1,4)	184.468747166230	6b276b3fa8322c05a1a632589da2e0eb260629a961f2b68aac599e5ada222ea3
DB7_HPQ_US.txt	12075	tk	8.2815734989648030e-05	50	12	27	(5,4,3,1,2)	180.444849489990	6b276b3fa8322c05a1a632589da2e0eb260629a961f2b68aac599e5ada222ea3
DB7_HPQ_US.txt	12075	tk	8.2815734989648030e-05	50	12	28	(2,1,4,3)	176.131412502967	6b276b3fa8322c05a1a632589da2e0eb260629a961f2b68aac599e5ada222ea3
DB7_HPQ_US.txt	12075	tk	8.2815734989648030e-05	50	12	29	(4,1,2,3)	165.630189258432	6b276b3fa8322c05a1a632589da2e0eb260629a961f2b68aac599e5ada222ea3
DB7_HPQ_US.txt	12075	tk	8.2815734989648030e-05	50	12	30	(4,5,3,2,1)	162.394071341661	6b276b3fa8322c05a1a632589da2e0eb260629a961f2b68aac599e5ada222ea3
DB7_HPQ_US.txt	12075	tk	8.2815734989648030e-05	50	12	31	(1,2,3,4,5,6)	158.461023411363	6b276b3fa8322c05a1a632589da2e0eb260629a961f2b68aac599e5ada222ea3
DB7_HPQ_US.txt	12075	tk	8.2815734989648030e-05	50	12	32	(3,4,1,2)	157.291192514870	6b276b3fa8322c05a1a632589da2e0eb260629a961f2b68aac599e5ada222ea3
DB7_HPQ_US.txt	12075	tk	8.2815734989648030e-05	50	12	33	(2,3,4,1)	154.776781300117	6b276b3fa8322c05a1a632589da2e0eb260629a961f2b68aac599e5ada222ea3
DB7_HPQ_US.txt	12075	tk	8.2815734989648030e-05	50	12	34	(6,5,4,3,2,1)	138.774732284812	6b276b3fa8322c05a1a632589da2e0eb260629a961f2b68aac599e5ada222ea3
DB7_HPQ_US.txt	12075	tk	8.2815734989648030e-05	50	12	35	(1,4,2,3)	128.674897678719	6b276b3fa8322c05a1a632589da2e0eb260629a961f2b68aac599e5ada222ea3
DB7_HPQ_US.txt	12075	tk	8.2815734989648030e-05	50	12	36	(1,2,4,3,5)	125.848114754767	6b276b3fa8322c05a1a632589da2e0eb260629a961f2b68aac599e5ada222ea3
DB7_HPQ_US.txt	12075	tk	8.2815734989648030e-05	50	12	37	(4,1,3,2)	120.161091673130	6b276b3fa8322c05a1a632589da2e0eb260629a961f2b68aac599e5ada222ea3
DB7_HPQ_US.txt	12075	tk	8.2815734989648030e-05	50	12	38	(1,3,2,4,5)	120.151291148431	6b276b3fa8322c05a1a632589da2e0eb260629a961f2b68aac599e5ada222ea3
DB7_HPQ_US.txt	12075	tk	8.2815734989648030e-05	50	12	39	(2,3,1,4)	111.780927775172	6b276b3fa8322c05a1a632589da2e0eb260629a961f2b68aac599e5ada222ea3
DB7_HPQ_US.txt	12075	tk	8.2815734989648030e-05	50	12	40	(1,2,4,5,3)	109.366089522840	6b276b3fa8322c05a1a632589da2e0eb260629a961f2b68aac599e5ada222ea3
DB7_HPQ_US.txt	12075	tk	8.2815734989648030e-05	50	12	41	(5,3,4,2,1)	109.088711339375	6b276b3fa8322c05a1a632589da2e0eb260629a961f2b68aac599e5ada222ea3
DB7_HPQ_US.txt	12075	tk	8.2815734989648030e-05	50	12	42	(3,2,4,1)	107.961781618510	6b276b3fa8322c05a1a632589da2e0eb260629a961f2b68aac599e5ada222ea3
DB7_HPQ_US.txt	12075	tk	8.2815734989648030e-05	50	12	43	(3,5,4,2,1)	101.062686265534	6b276b3fa8322c05a1a632589da2e0eb260629a961f2b68aac599e5ada222ea3
DB7_HPQ_US.txt	12075	tk	8.2815734989648030e-05	50	12	44	(3,1,2,4,5)	100.971626250914	6b276b3fa8322c05a1a632589da2e0eb260629a961f2b68aac599e5ada222ea3
DB7_HPQ_US.txt	12075	tk	8.2815734989648030e-05	50	12	45	(2,1,3,5,4)	99.271435635175	6b276b3fa8322c05a1a632589da2e0eb260629a961f2b68aac599e5ada222ea3
DB7_HPQ_US.txt	12075	tk	8.2815734989648030e-05	50	12	46	(5,4,2,3,1)	96.732497562864	6b276b3fa8322c05a1a632589da2e0eb260629a961f2b68aac599e5ada222ea3
DB7_HPQ_US.txt	12075	tk	8.2815734989648030e-05	50	12	47	(3,2,1,4,5)	93.732778198676	6b276b3fa8322c05a1a632589da2e0eb260629a961f2b68aac599e5ada222ea3
DB7_HPQ_US.txt	12075	tk	8.2815734989648030e-05	50	12	48	(1,2,3,4,6,5)	93.377495439355	6b276b3fa8322c05a1a632589da2e0eb260629a961f2b68aac599e5ada222ea3
DB7_HPQ_US.txt	12075	tk	8.2815734989648030e-05	50	12	49	(1,2,5,4,3)	91.188510849299	6b276b3fa8322c05a1a632589da2e0eb260629a961f2b68aac599e5ada222ea3
DB7_HPQ_US.txt	12075	tk	8.2815734989648030e-05	50	12	50	(5,4,2,1,3)	84.291070850621	6b276b3fa8322c05a1a632589da2e0eb260629a961f2b68aac599e5ada222ea3
DB8_GE_US.txt	14058	hjtopk	7.1133873950775350e-05	50	12	1	(1,2)	3945.582090692414	a8601770c3d16d7b4b9d219471f05b90239618bddbff67ad23461c7bb4364f1b
DB8_GE_US.txt	14058	hjtopk	7.1133873950775350e-05	50	12	2	(2,1)	3914.435131741591	a8601770c3d16d7b4b9d219471f05b90239618bddbff67ad23461c7bb4364f1b
DB8_GE_US.txt	14058	hjtopk	7.1133873950775350e-05	50	12	3	(1,2,3)	1784.710697730373	a8601770c3d16d7b4b9d219471f05b90239618bddbff67ad23461c7bb4364f1b
DB8_GE_US.txt	14058	hjtopk	7.1133873950775350e-05	50	12	4	(3,2,1)	1743.836718889571	a8601770c3d16d7b4b9d219471f05b90239618bddbff67ad23461c7bb4364f1b
DB8_GE_US.txt	14058	hjtopk	7.1133873950775350e-05	50	12	5	(1,3,2)	852.045284398546	a8601770c3d16d7b4b9d219471f05b90239618bddbff67ad23461c7bb4364f1b
DB8_GE_US.txt	14058	hjtopk	7.1133873950775350e-05	50	12	6	(2,1,3)	792.134106089085	a8601770c3d16d7b4b9d219471f05b90239618bddbff67ad23461c7bb4364f1b
DB8_GE_US.txt	14058	hjtopk	7.1133873950775350e-05	50	12	7	(3,1,2)	788.405901764550	a8601770c3d16d7b4b9d219471f05b90239618bddbff67ad23461c7bb4364f1b
DB8_GE_US.txt	14058	hjtopk	7.1133873950775350e-05	50	12	8	(1,2,3,4)	785.957449976496	a8601770c3d16d7b4b9d219471f05b90239618bddbff67ad23461c7bb4364f1b
DB8_GE_US.txt	14058	hjtopk	7.1133873950775350e-05	50	12	9	(4,3,2,1)	779.468822802211	a8601770c3d16d7b4b9d219471f05b90239618bddbff67ad23461c7bb4364f1b
DB8_GE_US.txt	14058	hjtopk	7.1133873950775350e-05	50	12	10	(2,3,1)	752.513338230796	a8601770c3d16d7b4b9d219471f05b90239618bddbff67ad23461c7bb4364f1b
DB8_GE_US.txt	14058	hjtopk	7.1133873950775350e-05	50	12	11	(1,2,4,3)	436.161771906110	a8601770c3d16d7b4b9d219471f05b90239618bddbff67ad23461c7bb4364f1b
DB8_GE_US.txt	14058	hjtopk	7.1133873950775350e-05	50	12	12	(2,1,3,4)	392.120019674094	a8601770c3d16d7b4b9d219471f05b90239618bddbff67ad23461c7bb4364f1b
DB8_GE_US.txt	14058	hjtopk	7.1133873950775350e-05	50	12	13	(4,3,1,2)	373.395045793016	a8601770c3d16d7b4b9d219471f05b90239618bddbff67ad23461c7bb4364f1b
DB8_GE_US.txt	14058	hjtopk	7.1133873950775350e-05	50	12	14	(5,4,3,2,1)	349.151605194865	a8601770c3d16d7b4b9d219471f05b90239618bddbff67ad23461c7bb4364f1b
DB8_GE_US.txt	14058	hjtopk	7.1133873950775350e-05	50	12	15	(1,2,3,4,5)	343.471340498235	a8601770c3d16d7b4b9d219471f05b90239618bddbff67ad23461c7bb4364f1b
DB8_GE_US.txt	14058	hjtopk	7.1133873950775350e-05	50	12	16	(3,4,2,1)	339.082488517804	a8601770c3d16d7b4b9d219471f05b90239618bddbff67ad23461c7bb4364f1b
DB8_GE_US.txt	14058	hjtopk	7.1133873950775350e-05	50	12	17	(4,2,3,1)	244.666629615053	a8601770c3d16d7b4b9d219471f05b90239618bddbff67ad23461c7bb4364f1b
DB8_GE_US.txt	14058	hjtopk	7.1133873950775350e-05	50	12	18	(1,3,2,4)	235.540502668675	a8601770c3d16d7b4b9d219471f05b90239618bddbff67ad23461c7bb4364f1b
DB8_GE_US.txt	14058	hjtopk	7.1133873950775350e-05	50	12	19	(1,2,3,5,4)	208.157424677664	a8601770c3d16d7b4b9d219471f05b90239618bddbff67ad23461c7bb4364f1b
DB8_GE_US.txt	14058	hjtopk	7.1133873950775350e-05	50	12	20	(3,1,2,4)	207.974073504575	a8601770c3d16d7b4b9d219471f05b90239618bddbff67ad23461c7bb4364f1b
DB8_GE_US.txt	14058	hjtopk	7.1133873950775350e-05	50	12	21	(2,4,3,1)	205.197019574924	a8601770c3d16d7b4b9d219471f05b90239618bddbff67ad23461c7bb4364f1b
DB8_GE_US.txt	14058	hjtopk	7.1133873950775350e-05	50	12	22	(1,3,4,2)	198.232722641845	a8601770c3d16d7b4b9d219471f05b90239618bddbff67ad23461c7bb4364f1b
DB8_GE_US.txt	14058	hjtopk	7.1133873950775350e-05	50	12	23	(4,2,1,3)	198.200828112787	a8601770c3d16d7b4b9d219471f05b90239618bddbff67ad23461c7bb4364f1b
DB8_GE_US.txt	14058	hjtopk	7.1133873950775350e-05	50	12	24	(2,1,3,4,5)	184.610142199077	a8601770c3d16d7b4b9d219471f05b90239618bddbff67ad23461c7bb4364f1b
DB8_GE_US.txt	14058	hjtopk	7.1133873950775350e-05	50	12	25	(5,4,3,1,2)	180.027618787600	a8601770c3d16d7b4b9d219471f05b90239618bddbff67ad23461c7bb4364f1b
DB8_GE_US.txt	14058	hjtopk	7.1133873950775350e-05	50	12	26	(1,4,3,2)	179.240629212119	a8601770c3d16d7b4b9d219471f05b90239618bddbff67ad23461c7bb4364f1b
DB8_GE_US.txt	14058	hjtopk	7.1133873950775350e-05	50	12	27	(2,1,4,3)	163.745600465086	a8601770c3d16d7b4b9d219471f05b90239618bddbff67ad23461c7bb4364f1b
DB8_GE_US.txt	14058	hjtopk	7.1133873950775350e-05	50	12	28	(6,5,4,3,2,1)	163.425372836283	a8601770c3d16d7b4b9d219471f05b90239618bddbff67ad23461c7bb4364f1b
DB8_GE_US.txt	14058	hjtopk	7.1133873950775350e-05	50	12	29	(4,5,3,2,1)	157.594259278403	a8601770c3d16d7b4b9d219471f05b90239618bddbff67ad23461c7bb4364f1b
DB8_GE_US.txt	14058	hjtopk	7.1133873950775350e-05	50	12	30	(3,2,1,4)	156.089692523752	a8601770c3d16d7b4b9d219471f05b90239618bddbff67ad23461c7bb4364f1b
DB8_GE_US.txt	14058	hjtopk	7.1133873950775350e-05	50	12	31	(1,2,3,4,5,6)	148.139732006813	a8601770c3d16d7b4b9d219471f05b90239618bddbff67ad23461c7bb4364f1b
DB8_GE_US.txt	14058	hjtopk	7.1133873950775350e-05	50	12	32	(3,4,1,2)	147.824824926330	a8601770c3d16d7b4b9d219471f05b90239618bddbff67ad23461c7bb4364f1b
DB8_GE_US.txt	14058	hjtopk	7.1133873950775350e-05	50	12	33	(4,1,2,3)	143.790644021431	a8601770c3d16d7b4b9d219471f05b90239618bddbff67ad23461c7bb4364f1b
DB8_GE_US.txt	14058	hjtopk	7.1133873950775350e-05	50	12	34	(2,3,4,1)	131.576074699062	a8601770c3d16d7b4b9d219471f05b90239618bddbff67ad23461c7bb4364f1b
DB8_GE_US.txt	14058	hjtopk	7.1133873950775350e-05	50	12	35	(1,2,4,3,5)	124.119582641050	a8601770c3d16d7b4b9d219471f05b90239618bddbff67ad23461c7bb4364f1b
DB8_GE_US.txt	14058	hjtopk	7.1133873950775350e-05	50	12	36	(1,3,2,4,5)	117.547860541826	a8601770c3d16d7b4b9d219471f05b90239618bddbff67ad23461c7bb4364f1b
DB8_GE_US.txt	14058	hjtopk	7.1133873950775350e-05	50	12	37	(2,3,1,4)	111.778757383978	a8601770c3d16d7b4b9d219471f05b90239618bddbff67ad23461c7bb4364f1b
DB8_GE_US.txt	14058	hjtopk	7.1133873950775350e-05	50	12	38	(5,4,2,3,1)	106.041186166617	a8601770c3d16d7b4b9d219471f05b90239618bddbff67ad23461c7bb4364f1b
DB8_GE_US.txt	14058	hjtopk	7.1133873950775350e-05	50	12	39	(1,4,2,3)	104.201197507209	a8601770c3d16d7b4b9d219471f05b90239618bddbff67ad23461c7bb4364f1b
DB8_GE_US.txt	14058	hjtopk	7.1133873950775350e-05	50	12	40	(2,1,3,5,4)	99.456401456758	a8601770c3d16d7b4b9d219471f05b90239618bddbff67ad23461c7bb4364f1b
DB8_GE_US.txt	14058	hjtopk	7.1133873950775350e-05	50	12	41	(3,1,2,4,5)	99.424280900999	a8601770c3d16d7b4b9d219471f05b90239618bddbff67ad23461c7bb4364f1b
DB8_GE_US.txt	14058	hjtopk	7.1133873950775350e-05	50	12	42	(3,5,4,2,1)	99.278899474096	a8601770c3d16d7b4b9d219471f05b90239618bddbff67ad23461c7bb4364f1b
DB8_GE_US.txt	14058	hjtopk	7.1133873950775350e-05	50	12	43	(4,1,3,2)	97.713590969194	a8601770c3d16d7b4b9d219471f05b90239618bddbff67ad23461c7bb4364f1b
DB8_GE_US.txt	14058	hjtopk	7.1133873950775350e-05	50	12	44	(5,3,4,2,1)	95.749204202304	a8601770c3d16d7b4b9d219471f05b90239618bddbff67ad23461c7bb4364f1b
DB8_GE_US.txt	14058	hjtopk	7.1133873950775350e-05	50	12	45	(1,2,3,4,6,5)	93.548907424241	a8601770c3d16d7b4b9d219471f05b90239618bddbff67ad23461c7bb4364f1b
DB8_GE_US.txt	14058	hjtopk	7.1133873950775350e-05	50	12	46	(1,2,4,5,3)	92.095906858070	a8601770c3d16d7b4b9d219471f05b90239618bddbff67ad23461c7bb4364f1b
DB8_GE_US.txt	14058	hjtopk	7.1133873950775350e-05	50	12	47	(3,2,4,1)	90.825010908897	a8601770c3d16d7b4b9d219471f05b90239618bddbff67ad23461c7bb4364f1b
DB8_GE_US.txt	14058	hjtopk	7.1133873950775350e-05	50	12	48	(2,1,3,4,5,6)	87.963320113595	a8601770c3d16d7b4b9d219471f05b90239618bddbff67ad23461c7bb4364f1b
DB8_GE_US.txt	14058	hjtopk	7.1133873950775350e-05	50	12	49	(1,2,5,4,3)	87.594220637252	a8601770c3d16d7b4b9d219471f05b90239618bddbff67ad23461c7bb4364f1b
DB8_GE_US.txt	14058	hjtopk	7.1133873950775350e-05	50	12	50	(5,4,2,1,3)	86.408746861429	a8601770c3d16d7b4b9d219471f05b90239618bddbff67ad23461c7bb4364f1b
DB8_GE_US.txt	14058	tk-no-bounds	7.1133873950775350e-05	50	12	1	(1,2)	3945.582090692414	a8601770c3d16d7b4b9d219471f05b90239618bddbff67ad23461c7bb4364f1b
DB8_GE_US.txt	14058	tk-no-bounds	7.1133873950775350e-05	50	12	2	(2,1)	3914.435131741591	a8601770c3d16d7b4b9d219471f05b90239618bddbff67ad23461c7bb4364f1b
DB8_GE_US.txt	14058	tk-no-bounds	7.1133873950775350e-05	50	12	3	(1,2,3)	1784.710697730373	a8601770c3d16d7b4b9d219471f05b90239618bddbff67ad23461c7bb4364f1b
DB8_GE_US.txt	14058	tk-no-bounds	7.1133873950775350e-05	50	12	4	(3,2,1)	1743.836718889571	a8601770c3d16d7b4b9d219471f05b90239618bddbff67ad23461c7bb4364f1b
DB8_GE_US.txt	14058	tk-no-bounds	7.1133873950775350e-05	50	12	5	(1,3,2)	852.045284398546	a8601770c3d16d7b4b9d219471f05b90239618bddbff67ad23461c7bb4364f1b
DB8_GE_US.txt	14058	tk-no-bounds	7.1133873950775350e-05	50	12	6	(2,1,3)	792.134106089085	a8601770c3d16d7b4b9d219471f05b90239618bddbff67ad23461c7bb4364f1b
DB8_GE_US.txt	14058	tk-no-bounds	7.1133873950775350e-05	50	12	7	(3,1,2)	788.405901764550	a8601770c3d16d7b4b9d219471f05b90239618bddbff67ad23461c7bb4364f1b
DB8_GE_US.txt	14058	tk-no-bounds	7.1133873950775350e-05	50	12	8	(1,2,3,4)	785.957449976496	a8601770c3d16d7b4b9d219471f05b90239618bddbff67ad23461c7bb4364f1b
DB8_GE_US.txt	14058	tk-no-bounds	7.1133873950775350e-05	50	12	9	(4,3,2,1)	779.468822802211	a8601770c3d16d7b4b9d219471f05b90239618bddbff67ad23461c7bb4364f1b
DB8_GE_US.txt	14058	tk-no-bounds	7.1133873950775350e-05	50	12	10	(2,3,1)	752.513338230796	a8601770c3d16d7b4b9d219471f05b90239618bddbff67ad23461c7bb4364f1b
DB8_GE_US.txt	14058	tk-no-bounds	7.1133873950775350e-05	50	12	11	(1,2,4,3)	436.161771906110	a8601770c3d16d7b4b9d219471f05b90239618bddbff67ad23461c7bb4364f1b
DB8_GE_US.txt	14058	tk-no-bounds	7.1133873950775350e-05	50	12	12	(2,1,3,4)	392.120019674094	a8601770c3d16d7b4b9d219471f05b90239618bddbff67ad23461c7bb4364f1b
DB8_GE_US.txt	14058	tk-no-bounds	7.1133873950775350e-05	50	12	13	(4,3,1,2)	373.395045793016	a8601770c3d16d7b4b9d219471f05b90239618bddbff67ad23461c7bb4364f1b
DB8_GE_US.txt	14058	tk-no-bounds	7.1133873950775350e-05	50	12	14	(5,4,3,2,1)	349.151605194865	a8601770c3d16d7b4b9d219471f05b90239618bddbff67ad23461c7bb4364f1b
DB8_GE_US.txt	14058	tk-no-bounds	7.1133873950775350e-05	50	12	15	(1,2,3,4,5)	343.471340498235	a8601770c3d16d7b4b9d219471f05b90239618bddbff67ad23461c7bb4364f1b
DB8_GE_US.txt	14058	tk-no-bounds	7.1133873950775350e-05	50	12	16	(3,4,2,1)	339.082488517804	a8601770c3d16d7b4b9d219471f05b90239618bddbff67ad23461c7bb4364f1b
DB8_GE_US.txt	14058	tk-no-bounds	7.1133873950775350e-05	50	12	17	(4,2,3,1)	244.666629615053	a8601770c3d16d7b4b9d219471f05b90239618bddbff67ad23461c7bb4364f1b
DB8_GE_US.txt	14058	tk-no-bounds	7.1133873950775350e-05	50	12	18	(1,3,2,4)	235.540502668675	a8601770c3d16d7b4b9d219471f05b90239618bddbff67ad23461c7bb4364f1b
DB8_GE_US.txt	14058	tk-no-bounds	7.1133873950775350e-05	50	12	19	(1,2,3,5,4)	208.157424677664	a8601770c3d16d7b4b9d219471f05b90239618bddbff67ad23461c7bb4364f1b
DB8_GE_US.txt	14058	tk-no-bounds	7.1133873950775350e-05	50	12	20	(3,1,2,4)	207.974073504575	a8601770c3d16d7b4b9d219471f05b90239618bddbff67ad23461c7bb4364f1b
DB8_GE_US.txt	14058	tk-no-bounds	7.1133873950775350e-05	50	12	21	(2,4,3,1)	205.197019574924	a8601770c3d16d7b4b9d219471f05b90239618bddbff67ad23461c7bb4364f1b
DB8_GE_US.txt	14058	tk-no-bounds	7.1133873950775350e-05	50	12	22	(1,3,4,2)	198.232722641845	a8601770c3d16d7b4b9d219471f05b90239618bddbff67ad23461c7bb4364f1b
DB8_GE_US.txt	14058	tk-no-bounds	7.1133873950775350e-05	50	12	23	(4,2,1,3)	198.200828112787	a8601770c3d16d7b4b9d219471f05b90239618bddbff67ad23461c7bb4364f1b
DB8_GE_US.txt	14058	tk-no-bounds	7.1133873950775350e-05	50	12	24	(2,1,3,4,5)	184.610142199077	a8601770c3d16d7b4b9d219471f05b90239618bddbff67ad23461c7bb4364f1b
DB8_GE_US.txt	14058	tk-no-bounds	7.1133873950775350e-05	50	12	25	(5,4,3,1,2)	180.027618787600	a8601770c3d16d7b4b9d219471f05b90239618bddbff67ad23461c7bb4364f1b
DB8_GE_US.txt	14058	tk-no-bounds	7.1133873950775350e-05	50	12	26	(1,4,3,2)	179.240629212119	a8601770c3d16d7b4b9d219471f05b90239618bddbff67ad23461c7bb4364f1b
DB8_GE_US.txt	14058	tk-no-bounds	7.1133873950775350e-05	50	12	27	(2,1,4,3)	163.745600465086	a8601770c3d16d7b4b9d219471f05b90239618bddbff67ad23461c7bb4364f1b
DB8_GE_US.txt	14058	tk-no-bounds	7.1133873950775350e-05	50	12	28	(6,5,4,3,2,1)	163.425372836283	a8601770c3d16d7b4b9d219471f05b90239618bddbff67ad23461c7bb4364f1b
DB8_GE_US.txt	14058	tk-no-bounds	7.1133873950775350e-05	50	12	29	(4,5,3,2,1)	157.594259278403	a8601770c3d16d7b4b9d219471f05b90239618bddbff67ad23461c7bb4364f1b
DB8_GE_US.txt	14058	tk-no-bounds	7.1133873950775350e-05	50	12	30	(3,2,1,4)	156.089692523752	a8601770c3d16d7b4b9d219471f05b90239618bddbff67ad23461c7bb4364f1b
DB8_GE_US.txt	14058	tk-no-bounds	7.1133873950775350e-05	50	12	31	(1,2,3,4,5,6)	148.139732006813	a8601770c3d16d7b4b9d219471f05b90239618bddbff67ad23461c7bb4364f1b
DB8_GE_US.txt	14058	tk-no-bounds	7.1133873950775350e-05	50	12	32	(3,4,1,2)	147.824824926330	a8601770c3d16d7b4b9d219471f05b90239618bddbff67ad23461c7bb4364f1b
DB8_GE_US.txt	14058	tk-no-bounds	7.1133873950775350e-05	50	12	33	(4,1,2,3)	143.790644021431	a8601770c3d16d7b4b9d219471f05b90239618bddbff67ad23461c7bb4364f1b
DB8_GE_US.txt	14058	tk-no-bounds	7.1133873950775350e-05	50	12	34	(2,3,4,1)	131.576074699062	a8601770c3d16d7b4b9d219471f05b90239618bddbff67ad23461c7bb4364f1b
DB8_GE_US.txt	14058	tk-no-bounds	7.1133873950775350e-05	50	12	35	(1,2,4,3,5)	124.119582641050	a8601770c3d16d7b4b9d219471f05b90239618bddbff67ad23461c7bb4364f1b
DB8_GE_US.txt	14058	tk-no-bounds	7.1133873950775350e-05	50	12	36	(1,3,2,4,5)	117.547860541826	a8601770c3d16d7b4b9d219471f05b90239618bddbff67ad23461c7bb4364f1b
DB8_GE_US.txt	14058	tk-no-bounds	7.1133873950775350e-05	50	12	37	(2,3,1,4)	111.778757383978	a8601770c3d16d7b4b9d219471f05b90239618bddbff67ad23461c7bb4364f1b
DB8_GE_US.txt	14058	tk-no-bounds	7.1133873950775350e-05	50	12	38	(5,4,2,3,1)	106.041186166617	a8601770c3d16d7b4b9d219471f05b90239618bddbff67ad23461c7bb4364f1b
DB8_GE_US.txt	14058	tk-no-bounds	7.1133873950775350e-05	50	12	39	(1,4,2,3)	104.201197507209	a8601770c3d16d7b4b9d219471f05b90239618bddbff67ad23461c7bb4364f1b
DB8_GE_US.txt	14058	tk-no-bounds	7.1133873950775350e-05	50	12	40	(2,1,3,5,4)	99.456401456758	a8601770c3d16d7b4b9d219471f05b90239618bddbff67ad23461c7bb4364f1b
DB8_GE_US.txt	14058	tk-no-bounds	7.1133873950775350e-05	50	12	41	(3,1,2,4,5)	99.424280900999	a8601770c3d16d7b4b9d219471f05b90239618bddbff67ad23461c7bb4364f1b
DB8_GE_US.txt	14058	tk-no-bounds	7.1133873950775350e-05	50	12	42	(3,5,4,2,1)	99.278899474096	a8601770c3d16d7b4b9d219471f05b90239618bddbff67ad23461c7bb4364f1b
DB8_GE_US.txt	14058	tk-no-bounds	7.1133873950775350e-05	50	12	43	(4,1,3,2)	97.713590969194	a8601770c3d16d7b4b9d219471f05b90239618bddbff67ad23461c7bb4364f1b
DB8_GE_US.txt	14058	tk-no-bounds	7.1133873950775350e-05	50	12	44	(5,3,4,2,1)	95.749204202304	a8601770c3d16d7b4b9d219471f05b90239618bddbff67ad23461c7bb4364f1b
DB8_GE_US.txt	14058	tk-no-bounds	7.1133873950775350e-05	50	12	45	(1,2,3,4,6,5)	93.548907424241	a8601770c3d16d7b4b9d219471f05b90239618bddbff67ad23461c7bb4364f1b
DB8_GE_US.txt	14058	tk-no-bounds	7.1133873950775350e-05	50	12	46	(1,2,4,5,3)	92.095906858070	a8601770c3d16d7b4b9d219471f05b90239618bddbff67ad23461c7bb4364f1b
DB8_GE_US.txt	14058	tk-no-bounds	7.1133873950775350e-05	50	12	47	(3,2,4,1)	90.825010908897	a8601770c3d16d7b4b9d219471f05b90239618bddbff67ad23461c7bb4364f1b
DB8_GE_US.txt	14058	tk-no-bounds	7.1133873950775350e-05	50	12	48	(2,1,3,4,5,6)	87.963320113595	a8601770c3d16d7b4b9d219471f05b90239618bddbff67ad23461c7bb4364f1b
DB8_GE_US.txt	14058	tk-no-bounds	7.1133873950775350e-05	50	12	49	(1,2,5,4,3)	87.594220637252	a8601770c3d16d7b4b9d219471f05b90239618bddbff67ad23461c7bb4364f1b
DB8_GE_US.txt	14058	tk-no-bounds	7.1133873950775350e-05	50	12	50	(5,4,2,1,3)	86.408746861429	a8601770c3d16d7b4b9d219471f05b90239618bddbff67ad23461c7bb4364f1b
DB8_GE_US.txt	14058	tk-no-pdub	7.1133873950775350e-05	50	12	1	(1,2)	3945.582090692414	a8601770c3d16d7b4b9d219471f05b90239618bddbff67ad23461c7bb4364f1b
DB8_GE_US.txt	14058	tk-no-pdub	7.1133873950775350e-05	50	12	2	(2,1)	3914.435131741591	a8601770c3d16d7b4b9d219471f05b90239618bddbff67ad23461c7bb4364f1b
DB8_GE_US.txt	14058	tk-no-pdub	7.1133873950775350e-05	50	12	3	(1,2,3)	1784.710697730373	a8601770c3d16d7b4b9d219471f05b90239618bddbff67ad23461c7bb4364f1b
DB8_GE_US.txt	14058	tk-no-pdub	7.1133873950775350e-05	50	12	4	(3,2,1)	1743.836718889571	a8601770c3d16d7b4b9d219471f05b90239618bddbff67ad23461c7bb4364f1b
DB8_GE_US.txt	14058	tk-no-pdub	7.1133873950775350e-05	50	12	5	(1,3,2)	852.045284398546	a8601770c3d16d7b4b9d219471f05b90239618bddbff67ad23461c7bb4364f1b
DB8_GE_US.txt	14058	tk-no-pdub	7.1133873950775350e-05	50	12	6	(2,1,3)	792.134106089085	a8601770c3d16d7b4b9d219471f05b90239618bddbff67ad23461c7bb4364f1b
DB8_GE_US.txt	14058	tk-no-pdub	7.1133873950775350e-05	50	12	7	(3,1,2)	788.405901764550	a8601770c3d16d7b4b9d219471f05b90239618bddbff67ad23461c7bb4364f1b
DB8_GE_US.txt	14058	tk-no-pdub	7.1133873950775350e-05	50	12	8	(1,2,3,4)	785.957449976496	a8601770c3d16d7b4b9d219471f05b90239618bddbff67ad23461c7bb4364f1b
DB8_GE_US.txt	14058	tk-no-pdub	7.1133873950775350e-05	50	12	9	(4,3,2,1)	779.468822802211	a8601770c3d16d7b4b9d219471f05b90239618bddbff67ad23461c7bb4364f1b
DB8_GE_US.txt	14058	tk-no-pdub	7.1133873950775350e-05	50	12	10	(2,3,1)	752.513338230796	a8601770c3d16d7b4b9d219471f05b90239618bddbff67ad23461c7bb4364f1b
DB8_GE_US.txt	14058	tk-no-pdub	7.1133873950775350e-05	50	12	11	(1,2,4,3)	436.161771906110	a8601770c3d16d7b4b9d219471f05b90239618bddbff67ad23461c7bb4364f1b
DB8_GE_US.txt	14058	tk-no-pdub	7.1133873950775350e-05	50	12	12	(2,1,3,4)	392.120019674094	a8601770c3d16d7b4b9d219471f05b90239618bddbff67ad23461c7bb4364f1b
DB8_GE_US.txt	14058	tk-no-pdub	7.1133873950775350e-05	50	12	13	(4,3,1,2)	373.395045793016	a8601770c3d16d7b4b9d219471f05b90239618bddbff67ad23461c7bb4364f1b
DB8_GE_US.txt	14058	tk-no-pdub	7.1133873950775350e-05	50	12	14	(5,4,3,2,1)	349.151605194865	a8601770c3d16d7b4b9d219471f05b90239618bddbff67ad23461c7bb4364f1b
DB8_GE_US.txt	14058	tk-no-pdub	7.1133873950775350e-05	50	12	15	(1,2,3,4,5)	343.471340498235	a8601770c3d16d7b4b9d219471f05b90239618bddbff67ad23461c7bb4364f1b
DB8_GE_US.txt	14058	tk-no-pdub	7.1133873950775350e-05	50	12	16	(3,4,2,1)	339.082488517804	a8601770c3d16d7b4b9d219471f05b90239618bddbff67ad23461c7bb4364f1b
DB8_GE_US.txt	14058	tk-no-pdub	7.1133873950775350e-05	50	12	17	(4,2,3,1)	244.666629615053	a8601770c3d16d7b4b9d219471f05b90239618bddbff67ad23461c7bb4364f1b
DB8_GE_US.txt	14058	tk-no-pdub	7.1133873950775350e-05	50	12	18	(1,3,2,4)	235.540502668675	a8601770c3d16d7b4b9d219471f05b90239618bddbff67ad23461c7bb4364f1b
DB8_GE_US.txt	14058	tk-no-pdub	7.1133873950775350e-05	50	12	19	(1,2,3,5,4)	208.157424677664	a8601770c3d16d7b4b9d219471f05b90239618bddbff67ad23461c7bb4364f1b
DB8_GE_US.txt	14058	tk-no-pdub	7.1133873950775350e-05	50	12	20	(3,1,2,4)	207.974073504575	a8601770c3d16d7b4b9d219471f05b90239618bddbff67ad23461c7bb4364f1b
DB8_GE_US.txt	14058	tk-no-pdub	7.1133873950775350e-05	50	12	21	(2,4,3,1)	205.197019574924	a8601770c3d16d7b4b9d219471f05b90239618bddbff67ad23461c7bb4364f1b
DB8_GE_US.txt	14058	tk-no-pdub	7.1133873950775350e-05	50	12	22	(1,3,4,2)	198.232722641845	a8601770c3d16d7b4b9d219471f05b90239618bddbff67ad23461c7bb4364f1b
DB8_GE_US.txt	14058	tk-no-pdub	7.1133873950775350e-05	50	12	23	(4,2,1,3)	198.200828112787	a8601770c3d16d7b4b9d219471f05b90239618bddbff67ad23461c7bb4364f1b
DB8_GE_US.txt	14058	tk-no-pdub	7.1133873950775350e-05	50	12	24	(2,1,3,4,5)	184.610142199077	a8601770c3d16d7b4b9d219471f05b90239618bddbff67ad23461c7bb4364f1b
DB8_GE_US.txt	14058	tk-no-pdub	7.1133873950775350e-05	50	12	25	(5,4,3,1,2)	180.027618787600	a8601770c3d16d7b4b9d219471f05b90239618bddbff67ad23461c7bb4364f1b
DB8_GE_US.txt	14058	tk-no-pdub	7.1133873950775350e-05	50	12	26	(1,4,3,2)	179.240629212119	a8601770c3d16d7b4b9d219471f05b90239618bddbff67ad23461c7bb4364f1b
DB8_GE_US.txt	14058	tk-no-pdub	7.1133873950775350e-05	50	12	27	(2,1,4,3)	163.745600465086	a8601770c3d16d7b4b9d219471f05b90239618bddbff67ad23461c7bb4364f1b
DB8_GE_US.txt	14058	tk-no-pdub	7.1133873950775350e-05	50	12	28	(6,5,4,3,2,1)	163.425372836283	a8601770c3d16d7b4b9d219471f05b90239618bddbff67ad23461c7bb4364f1b
DB8_GE_US.txt	14058	tk-no-pdub	7.1133873950775350e-05	50	12	29	(4,5,3,2,1)	157.594259278403	a8601770c3d16d7b4b9d219471f05b90239618bddbff67ad23461c7bb4364f1b
DB8_GE_US.txt	14058	tk-no-pdub	7.1133873950775350e-05	50	12	30	(3,2,1,4)	156.089692523752	a8601770c3d16d7b4b9d219471f05b90239618bddbff67ad23461c7bb4364f1b
DB8_GE_US.txt	14058	tk-no-pdub	7.1133873950775350e-05	50	12	31	(1,2,3,4,5,6)	148.139732006813	a8601770c3d16d7b4b9d219471f05b90239618bddbff67ad23461c7bb4364f1b
DB8_GE_US.txt	14058	tk-no-pdub	7.1133873950775350e-05	50	12	32	(3,4,1,2)	147.824824926330	a8601770c3d16d7b4b9d219471f05b90239618bddbff67ad23461c7bb4364f1b
DB8_GE_US.txt	14058	tk-no-pdub	7.1133873950775350e-05	50	12	33	(4,1,2,3)	143.790644021431	a8601770c3d16d7b4b9d219471f05b90239618bddbff67ad23461c7bb4364f1b
DB8_GE_US.txt	14058	tk-no-pdub	7.1133873950775350e-05	50	12	34	(2,3,4,1)	131.576074699062	a8601770c3d16d7b4b9d219471f05b90239618bddbff67ad23461c7bb4364f1b
DB8_GE_US.txt	14058	tk-no-pdub	7.1133873950775350e-05	50	12	35	(1,2,4,3,5)	124.119582641050	a8601770c3d16d7b4b9d219471f05b90239618bddbff67ad23461c7bb4364f1b
DB8_GE_US.txt	14058	tk-no-pdub	7.1133873950775350e-05	50	12	36	(1,3,2,4,5)	117.547860541826	a8601770c3d16d7b4b9d219471f05b90239618bddbff67ad23461c7bb4364f1b
DB8_GE_US.txt	14058	tk-no-pdub	7.1133873950775350e-05	50	12	37	(2,3,1,4)	111.778757383978	a8601770c3d16d7b4b9d219471f05b90239618bddbff67ad23461c7bb4364f1b
DB8_GE_US.txt	14058	tk-no-pdub	7.1133873950775350e-05	50	12	38	(5,4,2,3,1)	106.041186166617	a8601770c3d16d7b4b9d219471f05b90239618bddbff67ad23461c7bb4364f1b
DB8_GE_US.txt	14058	tk-no-pdub	7.1133873950775350e-05	50	12	39	(1,4,2,3)	104.201197507209	a8601770c3d16d7b4b9d219471f05b90239618bddbff67ad23461c7bb4364f1b
DB8_GE_US.txt	14058	tk-no-pdub	7.1133873950775350e-05	50	12	40	(2,1,3,5,4)	99.456401456758	a8601770c3d16d7b4b9d219471f05b90239618bddbff67ad23461c7bb4364f1b
DB8_GE_US.txt	14058	tk-no-pdub	7.1133873950775350e-05	50	12	41	(3,1,2,4,5)	99.424280900999	a8601770c3d16d7b4b9d219471f05b90239618bddbff67ad23461c7bb4364f1b
DB8_GE_US.txt	14058	tk-no-pdub	7.1133873950775350e-05	50	12	42	(3,5,4,2,1)	99.278899474096	a8601770c3d16d7b4b9d219471f05b90239618bddbff67ad23461c7bb4364f1b
DB8_GE_US.txt	14058	tk-no-pdub	7.1133873950775350e-05	50	12	43	(4,1,3,2)	97.713590969194	a8601770c3d16d7b4b9d219471f05b90239618bddbff67ad23461c7bb4364f1b
DB8_GE_US.txt	14058	tk-no-pdub	7.1133873950775350e-05	50	12	44	(5,3,4,2,1)	95.749204202304	a8601770c3d16d7b4b9d219471f05b90239618bddbff67ad23461c7bb4364f1b
DB8_GE_US.txt	14058	tk-no-pdub	7.1133873950775350e-05	50	12	45	(1,2,3,4,6,5)	93.548907424241	a8601770c3d16d7b4b9d219471f05b90239618bddbff67ad23461c7bb4364f1b
DB8_GE_US.txt	14058	tk-no-pdub	7.1133873950775350e-05	50	12	46	(1,2,4,5,3)	92.095906858070	a8601770c3d16d7b4b9d219471f05b90239618bddbff67ad23461c7bb4364f1b
DB8_GE_US.txt	14058	tk-no-pdub	7.1133873950775350e-05	50	12	47	(3,2,4,1)	90.825010908897	a8601770c3d16d7b4b9d219471f05b90239618bddbff67ad23461c7bb4364f1b
DB8_GE_US.txt	14058	tk-no-pdub	7.1133873950775350e-05	50	12	48	(2,1,3,4,5,6)	87.963320113595	a8601770c3d16d7b4b9d219471f05b90239618bddbff67ad23461c7bb4364f1b
DB8_GE_US.txt	14058	tk-no-pdub	7.1133873950775350e-05	50	12	49	(1,2,5,4,3)	87.594220637252	a8601770c3d16d7b4b9d219471f05b90239618bddbff67ad23461c7bb4364f1b
DB8_GE_US.txt	14058	tk-no-pdub	7.1133873950775350e-05	50	12	50	(5,4,2,1,3)	86.408746861429	a8601770c3d16d7b4b9d219471f05b90239618bddbff67ad23461c7bb4364f1b
DB8_GE_US.txt	14058	tk-no-dub	7.1133873950775350e-05	50	12	1	(1,2)	3945.582090692414	a8601770c3d16d7b4b9d219471f05b90239618bddbff67ad23461c7bb4364f1b
DB8_GE_US.txt	14058	tk-no-dub	7.1133873950775350e-05	50	12	2	(2,1)	3914.435131741591	a8601770c3d16d7b4b9d219471f05b90239618bddbff67ad23461c7bb4364f1b
DB8_GE_US.txt	14058	tk-no-dub	7.1133873950775350e-05	50	12	3	(1,2,3)	1784.710697730373	a8601770c3d16d7b4b9d219471f05b90239618bddbff67ad23461c7bb4364f1b
DB8_GE_US.txt	14058	tk-no-dub	7.1133873950775350e-05	50	12	4	(3,2,1)	1743.836718889571	a8601770c3d16d7b4b9d219471f05b90239618bddbff67ad23461c7bb4364f1b
DB8_GE_US.txt	14058	tk-no-dub	7.1133873950775350e-05	50	12	5	(1,3,2)	852.045284398546	a8601770c3d16d7b4b9d219471f05b90239618bddbff67ad23461c7bb4364f1b
DB8_GE_US.txt	14058	tk-no-dub	7.1133873950775350e-05	50	12	6	(2,1,3)	792.134106089085	a8601770c3d16d7b4b9d219471f05b90239618bddbff67ad23461c7bb4364f1b
DB8_GE_US.txt	14058	tk-no-dub	7.1133873950775350e-05	50	12	7	(3,1,2)	788.405901764550	a8601770c3d16d7b4b9d219471f05b90239618bddbff67ad23461c7bb4364f1b
DB8_GE_US.txt	14058	tk-no-dub	7.1133873950775350e-05	50	12	8	(1,2,3,4)	785.957449976496	a8601770c3d16d7b4b9d219471f05b90239618bddbff67ad23461c7bb4364f1b
DB8_GE_US.txt	14058	tk-no-dub	7.1133873950775350e-05	50	12	9	(4,3,2,1)	779.468822802211	a8601770c3d16d7b4b9d219471f05b90239618bddbff67ad23461c7bb4364f1b
DB8_GE_US.txt	14058	tk-no-dub	7.1133873950775350e-05	50	12	10	(2,3,1)	752.513338230796	a8601770c3d16d7b4b9d219471f05b90239618bddbff67ad23461c7bb4364f1b
DB8_GE_US.txt	14058	tk-no-dub	7.1133873950775350e-05	50	12	11	(1,2,4,3)	436.161771906110	a8601770c3d16d7b4b9d219471f05b90239618bddbff67ad23461c7bb4364f1b
DB8_GE_US.txt	14058	tk-no-dub	7.1133873950775350e-05	50	12	12	(2,1,3,4)	392.120019674094	a8601770c3d16d7b4b9d219471f05b90239618bddbff67ad23461c7bb4364f1b
DB8_GE_US.txt	14058	tk-no-dub	7.1133873950775350e-05	50	12	13	(4,3,1,2)	373.395045793016	a8601770c3d16d7b4b9d219471f05b90239618bddbff67ad23461c7bb4364f1b
DB8_GE_US.txt	14058	tk-no-dub	7.1133873950775350e-05	50	12	14	(5,4,3,2,1)	349.151605194865	a8601770c3d16d7b4b9d219471f05b90239618bddbff67ad23461c7bb4364f1b
DB8_GE_US.txt	14058	tk-no-dub	7.1133873950775350e-05	50	12	15	(1,2,3,4,5)	343.471340498235	a8601770c3d16d7b4b9d219471f05b90239618bddbff67ad23461c7bb4364f1b
DB8_GE_US.txt	14058	tk-no-dub	7.1133873950775350e-05	50	12	16	(3,4,2,1)	339.082488517804	a8601770c3d16d7b4b9d219471f05b90239618bddbff67ad23461c7bb4364f1b
DB8_GE_US.txt	14058	tk-no-dub	7.1133873950775350e-05	50	12	17	(4,2,3,1)	244.666629615053	a8601770c3d16d7b4b9d219471f05b90239618bddbff67ad23461c7bb4364f1b
DB8_GE_US.txt	14058	tk-no-dub	7.1133873950775350e-05	50	12	18	(1,3,2,4)	235.540502668675	a8601770c3d16d7b4b9d219471f05b90239618bddbff67ad23461c7bb4364f1b
DB8_GE_US.txt	14058	tk-no-dub	7.1133873950775350e-05	50	12	19	(1,2,3,5,4)	208.157424677664	a8601770c3d16d7b4b9d219471f05b90239618bddbff67ad23461c7bb4364f1b
DB8_GE_US.txt	14058	tk-no-dub	7.1133873950775350e-05	50	12	20	(3,1,2,4)	207.974073504575	a8601770c3d16d7b4b9d219471f05b90239618bddbff67ad23461c7bb4364f1b
DB8_GE_US.txt	14058	tk-no-dub	7.1133873950775350e-05	50	12	21	(2,4,3,1)	205.197019574924	a8601770c3d16d7b4b9d219471f05b90239618bddbff67ad23461c7bb4364f1b
DB8_GE_US.txt	14058	tk-no-dub	7.1133873950775350e-05	50	12	22	(1,3,4,2)	198.232722641845	a8601770c3d16d7b4b9d219471f05b90239618bddbff67ad23461c7bb4364f1b
DB8_GE_US.txt	14058	tk-no-dub	7.1133873950775350e-05	50	12	23	(4,2,1,3)	198.200828112787	a8601770c3d16d7b4b9d219471f05b90239618bddbff67ad23461c7bb4364f1b
DB8_GE_US.txt	14058	tk-no-dub	7.1133873950775350e-05	50	12	24	(2,1,3,4,5)	184.610142199077	a8601770c3d16d7b4b9d219471f05b90239618bddbff67ad23461c7bb4364f1b
DB8_GE_US.txt	14058	tk-no-dub	7.1133873950775350e-05	50	12	25	(5,4,3,1,2)	180.027618787600	a8601770c3d16d7b4b9d219471f05b90239618bddbff67ad23461c7bb4364f1b
DB8_GE_US.txt	14058	tk-no-dub	7.1133873950775350e-05	50	12	26	(1,4,3,2)	179.240629212119	a8601770c3d16d7b4b9d219471f05b90239618bddbff67ad23461c7bb4364f1b
DB8_GE_US.txt	14058	tk-no-dub	7.1133873950775350e-05	50	12	27	(2,1,4,3)	163.745600465086	a8601770c3d16d7b4b9d219471f05b90239618bddbff67ad23461c7bb4364f1b
DB8_GE_US.txt	14058	tk-no-dub	7.1133873950775350e-05	50	12	28	(6,5,4,3,2,1)	163.425372836283	a8601770c3d16d7b4b9d219471f05b90239618bddbff67ad23461c7bb4364f1b
DB8_GE_US.txt	14058	tk-no-dub	7.1133873950775350e-05	50	12	29	(4,5,3,2,1)	157.594259278403	a8601770c3d16d7b4b9d219471f05b90239618bddbff67ad23461c7bb4364f1b
DB8_GE_US.txt	14058	tk-no-dub	7.1133873950775350e-05	50	12	30	(3,2,1,4)	156.089692523752	a8601770c3d16d7b4b9d219471f05b90239618bddbff67ad23461c7bb4364f1b
DB8_GE_US.txt	14058	tk-no-dub	7.1133873950775350e-05	50	12	31	(1,2,3,4,5,6)	148.139732006813	a8601770c3d16d7b4b9d219471f05b90239618bddbff67ad23461c7bb4364f1b
DB8_GE_US.txt	14058	tk-no-dub	7.1133873950775350e-05	50	12	32	(3,4,1,2)	147.824824926330	a8601770c3d16d7b4b9d219471f05b90239618bddbff67ad23461c7bb4364f1b
DB8_GE_US.txt	14058	tk-no-dub	7.1133873950775350e-05	50	12	33	(4,1,2,3)	143.790644021431	a8601770c3d16d7b4b9d219471f05b90239618bddbff67ad23461c7bb4364f1b
DB8_GE_US.txt	14058	tk-no-dub	7.1133873950775350e-05	50	12	34	(2,3,4,1)	131.576074699062	a8601770c3d16d7b4b9d219471f05b90239618bddbff67ad23461c7bb4364f1b
DB8_GE_US.txt	14058	tk-no-dub	7.1133873950775350e-05	50	12	35	(1,2,4,3,5)	124.119582641050	a8601770c3d16d7b4b9d219471f05b90239618bddbff67ad23461c7bb4364f1b
DB8_GE_US.txt	14058	tk-no-dub	7.1133873950775350e-05	50	12	36	(1,3,2,4,5)	117.547860541826	a8601770c3d16d7b4b9d219471f05b90239618bddbff67ad23461c7bb4364f1b
DB8_GE_US.txt	14058	tk-no-dub	7.1133873950775350e-05	50	12	37	(2,3,1,4)	111.778757383978	a8601770c3d16d7b4b9d219471f05b90239618bddbff67ad23461c7bb4364f1b
DB8_GE_US.txt	14058	tk-no-dub	7.1133873950775350e-05	50	12	38	(5,4,2,3,1)	106.041186166617	a8601770c3d16d7b4b9d219471f05b90239618bddbff67ad23461c7bb4364f1b
DB8_GE_US.txt	14058	tk-no-dub	7.1133873950775350e-05	50	12	39	(1,4,2,3)	104.201197507209	a8601770c3d16d7b4b9d219471f05b90239618bddbff67ad23461c7bb4364f1b
DB8_GE_US.txt	14058	tk-no-dub	7.1133873950775350e-05	50	12	40	(2,1,3,5,4)	99.456401456758	a8601770c3d16d7b4b9d219471f05b90239618bddbff67ad23461c7bb4364f1b
DB8_GE_US.txt	14058	tk-no-dub	7.1133873950775350e-05	50	12	41	(3,1,2,4,5)	99.424280900999	a8601770c3d16d7b4b9d219471f05b90239618bddbff67ad23461c7bb4364f1b
DB8_GE_US.txt	14058	tk-no-dub	7.1133873950775350e-05	50	12	42	(3,5,4,2,1)	99.278899474096	a8601770c3d16d7b4b9d219471f05b90239618bddbff67ad23461c7bb4364f1b
DB8_GE_US.txt	14058	tk-no-dub	7.1133873950775350e-05	50	12	43	(4,1,3,2)	97.713590969194	a8601770c3d16d7b4b9d219471f05b90239618bddbff67ad23461c7bb4364f1b
DB8_GE_US.txt	14058	tk-no-dub	7.1133873950775350e-05	50	12	44	(5,3,4,2,1)	95.749204202304	a8601770c3d16d7b4b9d219471f05b90239618bddbff67ad23461c7bb4364f1b
DB8_GE_US.txt	14058	tk-no-dub	7.1133873950775350e-05	50	12	45	(1,2,3,4,6,5)	93.548907424241	a8601770c3d16d7b4b9d219471f05b90239618bddbff67ad23461c7bb4364f1b
DB8_GE_US.txt	14058	tk-no-dub	7.1133873950775350e-05	50	12	46	(1,2,4,5,3)	92.095906858070	a8601770c3d16d7b4b9d219471f05b90239618bddbff67ad23461c7bb4364f1b
DB8_GE_US.txt	14058	tk-no-dub	7.1133873950775350e-05	50	12	47	(3,2,4,1)	90.825010908897	a8601770c3d16d7b4b9d219471f05b90239618bddbff67ad23461c7bb4364f1b
DB8_GE_US.txt	14058	tk-no-dub	7.1133873950775350e-05	50	12	48	(2,1,3,4,5,6)	87.963320113595	a8601770c3d16d7b4b9d219471f05b90239618bddbff67ad23461c7bb4364f1b
DB8_GE_US.txt	14058	tk-no-dub	7.1133873950775350e-05	50	12	49	(1,2,5,4,3)	87.594220637252	a8601770c3d16d7b4b9d219471f05b90239618bddbff67ad23461c7bb4364f1b
DB8_GE_US.txt	14058	tk-no-dub	7.1133873950775350e-05	50	12	50	(5,4,2,1,3)	86.408746861429	a8601770c3d16d7b4b9d219471f05b90239618bddbff67ad23461c7bb4364f1b
DB8_GE_US.txt	14058	tk	7.1133873950775350e-05	50	12	1	(1,2)	3945.582090692414	a8601770c3d16d7b4b9d219471f05b90239618bddbff67ad23461c7bb4364f1b
DB8_GE_US.txt	14058	tk	7.1133873950775350e-05	50	12	2	(2,1)	3914.435131741591	a8601770c3d16d7b4b9d219471f05b90239618bddbff67ad23461c7bb4364f1b
DB8_GE_US.txt	14058	tk	7.1133873950775350e-05	50	12	3	(1,2,3)	1784.710697730373	a8601770c3d16d7b4b9d219471f05b90239618bddbff67ad23461c7bb4364f1b
DB8_GE_US.txt	14058	tk	7.1133873950775350e-05	50	12	4	(3,2,1)	1743.836718889571	a8601770c3d16d7b4b9d219471f05b90239618bddbff67ad23461c7bb4364f1b
DB8_GE_US.txt	14058	tk	7.1133873950775350e-05	50	12	5	(1,3,2)	852.045284398546	a8601770c3d16d7b4b9d219471f05b90239618bddbff67ad23461c7bb4364f1b
DB8_GE_US.txt	14058	tk	7.1133873950775350e-05	50	12	6	(2,1,3)	792.134106089085	a8601770c3d16d7b4b9d219471f05b90239618bddbff67ad23461c7bb4364f1b
DB8_GE_US.txt	14058	tk	7.1133873950775350e-05	50	12	7	(3,1,2)	788.405901764550	a8601770c3d16d7b4b9d219471f05b90239618bddbff67ad23461c7bb4364f1b
DB8_GE_US.txt	14058	tk	7.1133873950775350e-05	50	12	8	(1,2,3,4)	785.957449976496	a8601770c3d16d7b4b9d219471f05b90239618bddbff67ad23461c7bb4364f1b
DB8_GE_US.txt	14058	tk	7.1133873950775350e-05	50	12	9	(4,3,2,1)	779.468822802211	a8601770c3d16d7b4b9d219471f05b90239618bddbff67ad23461c7bb4364f1b
DB8_GE_US.txt	14058	tk	7.1133873950775350e-05	50	12	10	(2,3,1)	752.513338230796	a8601770c3d16d7b4b9d219471f05b90239618bddbff67ad23461c7bb4364f1b
DB8_GE_US.txt	14058	tk	7.1133873950775350e-05	50	12	11	(1,2,4,3)	436.161771906110	a8601770c3d16d7b4b9d219471f05b90239618bddbff67ad23461c7bb4364f1b
DB8_GE_US.txt	14058	tk	7.1133873950775350e-05	50	12	12	(2,1,3,4)	392.120019674094	a8601770c3d16d7b4b9d219471f05b90239618bddbff67ad23461c7bb4364f1b
DB8_GE_US.txt	14058	tk	7.1133873950775350e-05	50	12	13	(4,3,1,2)	373.395045793016	a8601770c3d16d7b4b9d219471f05b90239618bddbff67ad23461c7bb4364f1b
DB8_GE_US.txt	14058	tk	7.1133873950775350e-05	50	12	14	(5,4,3,2,1)	349.151605194865	a8601770c3d16d7b4b9d219471f05b90239618bddbff67ad23461c7bb4364f1b
DB8_GE_US.txt	14058	tk	7.1133873950775350e-05	50	12	15	(1,2,3,4,5)	343.471340498235	a8601770c3d16d7b4b9d219471f05b90239618bddbff67ad23461c7bb4364f1b
DB8_GE_US.txt	14058	tk	7.1133873950775350e-05	50	12	16	(3,4,2,1)	339.082488517804	a8601770c3d16d7b4b9d219471f05b90239618bddbff67ad23461c7bb4364f1b
DB8_GE_US.txt	14058	tk	7.1133873950775350e-05	50	12	17	(4,2,3,1)	244.666629615053	a8601770c3d16d7b4b9d219471f05b90239618bddbff67ad23461c7bb4364f1b
DB8_GE_US.txt	14058	tk	7.1133873950775350e-05	50	12	18	(1,3,2,4)	235.540502668675	a8601770c3d16d7b4b9d219471f05b90239618bddbff67ad23461c7bb4364f1b
DB8_GE_US.txt	14058	tk	7.1133873950775350e-05	50	12	19	(1,2,3,5,4)	208.157424677664	a8601770c3d16d7b4b9d219471f05b90239618bddbff67ad23461c7bb4364f1b
DB8_GE_US.txt	14058	tk	7.1133873950775350e-05	50	12	20	(3,1,2,4)	207.974073504575	a8601770c3d16d7b4b9d219471f05b90239618bddbff67ad23461c7bb4364f1b
DB8_GE_US.txt	14058	tk	7.1133873950775350e-05	50	12	21	(2,4,3,1)	205.197019574924	a8601770c3d16d7b4b9d219471f05b90239618bddbff67ad23461c7bb4364f1b
DB8_GE_US.txt	14058	tk	7.1133873950775350e-05	50	12	22	(1,3,4,2)	198.232722641845	a8601770c3d16d7b4b9d219471f05b90239618bddbff67ad23461c7bb4364f1b
DB8_GE_US.txt	14058	tk	7.1133873950775350e-05	50	12	23	(4,2,1,3)	198.200828112787	a8601770c3d16d7b4b9d219471f05b90239618bddbff67ad23461c7bb4364f1b
DB8_GE_US.txt	14058	tk	7.1133873950775350e-05	50	12	24	(2,1,3,4,5)	184.610142199077	a8601770c3d16d7b4b9d219471f05b90239618bddbff67ad23461c7bb4364f1b
DB8_GE_US.txt	14058	tk	7.1133873950775350e-05	50	12	25	(5,4,3,1,2)	180.027618787600	a8601770c3d16d7b4b9d219471f05b90239618bddbff67ad23461c7bb4364f1b
DB8_GE_US.txt	14058	tk	7.1133873950775350e-05	50	12	26	(1,4,3,2)	179.240629212119	a8601770c3d16d7b4b9d219471f05b90239618bddbff67ad23461c7bb4364f1b
DB8_GE_US.txt	14058	tk	7.1133873950775350e-05	50	12	27	(2,1,4,3)	163.745600465086	a8601770c3d16d7b4b9d219471f05b90239618bddbff67ad23461c7bb4364f1b
DB8_GE_US.txt	14058	tk	7.1133873950775350e-05	50	12	28	(6,5,4,3,2,1)	163.425372836283	a8601770c3d16d7b4b9d219471f05b90239618bddbff67ad23461c7bb4364f1b
DB8_GE_US.txt	14058	tk	7.1133873950775350e-05	50	12	29	(4,5,3,2,1)	157.594259278403	a8601770c3d16d7b4b9d219471f05b90239618bddbff67ad23461c7bb4364f1b
DB8_GE_US.txt	14058	tk	7.1133873950775350e-05	50	12	30	(3,2,1,4)	156.089692523752	a8601770c3d16d7b4b9d219471f05b90239618bddbff67ad23461c7bb4364f1b
DB8_GE_US.txt	14058	tk	7.1133873950775350e-05	50	12	31	(1,2,3,4,5,6)	148.139732006813	a8601770c3d16d7b4b9d219471f05b90239618bddbff67ad23461c7bb4364f1b
DB8_GE_US.txt	14058	tk	7.1133873950775350e-05	50	12	32	(3,4,1,2)	147.824824926330	a8601770c3d16d7b4b9d219471f05b90239618bddbff67ad23461c7bb4364f1b
DB8_GE_US.txt	14058	tk	7.1133873950775350e-05	50	12	33	(4,1,2,3)	143.790644021431	a8601770c3d16d7b4b9d219471f05b90239618bddbff67ad23461c7bb4364f1b
DB8_GE_US.txt	14058	tk	7.1133873950775350e-05	50	12	34	(2,3,4,1)	131.576074699062	a8601770c3d16d7b4b9d219471f05b90239618bddbff67ad23461c7bb4364f1b
DB8_GE_US.txt	14058	tk	7.1133873950775350e-05	50	12	35	(1,2,4,3,5)	124.119582641050	a8601770c3d16d7b4b9d219471f05b90239618bddbff67ad23461c7bb4364f1b
DB8_GE_US.txt	14058	tk	7.1133873950775350e-05	50	12	36	(1,3,2,4,5)	117.547860541826	a8601770c3d16d7b4b9d219471f05b90239618bddbff67ad23461c7bb4364f1b
DB8_GE_US.txt	14058	tk	7.1133873950775350e-05	50	12	37	(2,3,1,4)	111.778757383978	a8601770c3d16d7b4b9d219471f05b90239618bddbff67ad23461c7bb4364f1b
DB8_GE_US.txt	14058	tk	7.1133873950775350e-05	50	12	38	(5,4,2,3,1)	106.041186166617	a8601770c3d16d7b4b9d219471f05b90239618bddbff67ad23461c7bb4364f1b
DB8_GE_US.txt	14058	tk	7.1133873950775350e-05	50	12	39	(1,4,2,3)	104.201197507209	a8601770c3d16d7b4b9d219471f05b90239618bddbff67ad23461c7bb4364f1b
DB8_GE_US.txt	14058	tk	7.1133873950775350e-05	50	12	40	(2,1,3,5,4)	99.456401456758	a8601770c3d16d7b4b9d219471f05b90239618bddbff67ad23461c7bb4364f1b
DB8_GE_US.txt	14058	tk	7.1133873950775350e-05	50	12	41	(3,1,2,4,5)	99.424280900999	a8601770c3d16d7b4b9d219471f05b90239618bddbff67ad23461c7bb4364f1b
DB8_GE_US.txt	14058	tk	7.1133873950775350e-05	50	12	42	(3,5,4,2,1)	99.278899474096	a8601770c3d16d7b4b9d219471f05b90239618bddbff67ad23461c7bb4364f1b
DB8_GE_US.txt	14058	tk	7.1133873950775350e-05	50	12	43	(4,1,3,2)	97.713590969194	a8601770c3d16d7b4b9d219471f05b90239618bddbff67ad23461c7bb4364f1b
DB8_GE_US.txt	14058	tk	7.1133873950775350e-05	50	12	44	(5,3,4,2,1)	95.749204202304	a8601770c3d16d7b4b9d219471f05b90239618bddbff67ad23461c7bb4364f1b
DB8_GE_US.txt	14058	tk	7.1133873950775350e-05	50	12	45	(1,2,3,4,6,5)	93.548907424241	a8601770c3d16d7b4b9d219471f05b90239618bddbff67ad23461c7bb4364f1b
DB8_GE_US.txt	14058	tk	7.1133873950775350e-05	50	12	46	(1,2,4,5,3)	92.095906858070	a8601770c3d16d7b4b9d219471f05b90239618bddbff67ad23461c7bb4364f1b
DB8_GE_US.txt	14058	tk	7.1133873950775350e-05	50	12	47	(3,2,4,1)	90.825010908897	a8601770c3d16d7b4b9d219471f05b90239618bddbff67ad23461c7bb4364f1b
DB8_GE_US.txt	14058	tk	7.1133873950775350e-05	50	12	48	(2,1,3,4,5,6)	87.963320113595	a8601770c3d16d7b4b9d219471f05b90239618bddbff67ad23461c7bb4364f1b
DB8_GE_US.txt	14058	tk	7.1133873950775350e-05	50	12	49	(1,2,5,4,3)	87.594220637252	a8601770c3d16d7b4b9d219471f05b90239618bddbff67ad23461c7bb4364f1b
DB8_GE_US.txt	14058	tk	7.1133873950775350e-05	50	12	50	(5,4,2,1,3)	86.408746861429	a8601770c3d16d7b4b9d219471f05b90239618bddbff67ad23461c7bb4364f1b
