phase,dataset,n,mode,k,topk,minlen,maxlen,rep,runtime_ms,patterns,pair_attempts,compatible_pairs,pdub_prunes,dub_prunes,aligned_checks,peak_heap_mb
central,DB1_Amazon.txt,5842,hjtopk,0.00017117425539198904,50,2,12,0,62.022300,50,20878,39128,0,0,261668,830.309
central,DB1_Amazon.txt,5842,hjtopk,0.00017117425539198904,50,2,12,1,63.275600,50,20878,39128,0,0,261668,866.309
central,DB1_Amazon.txt,5842,hjtopk,0.00017117425539198904,50,2,12,2,67.754400,50,20878,39128,0,0,261668,902.309
central,DB1_Amazon.txt,5842,hjtopk,0.00017117425539198904,50,2,12,3,72.819700,50,20878,39128,0,0,261668,938.309
central,DB1_Amazon.txt,5842,hjtopk,0.00017117425539198904,50,2,12,4,115.040500,50,20878,39128,0,0,261668,974.309
central,DB1_Amazon.txt,5842,hjtopk,0.00017117425539198904,50,2,12,5,87.837200,50,20878,39128,0,0,261668,1010.309
central,DB1_Amazon.txt,5842,hjtopk,0.00017117425539198904,50,2,12,6,72.128000,50,20878,39128,0,0,261668,1046.309
central,DB1_Amazon.txt,5842,hjtopk,0.00017117425539198904,50,2,12,7,83.517000,50,20878,39128,0,0,261668,1082.309
central,DB1_Amazon.txt,5842,hjtopk,0.00017117425539198904,50,2,12,8,65.863700,50,20878,39128,0,0,261668,1118.309
central,DB1_Amazon.txt,5842,hjtopk,0.00017117425539198904,50,2,12,9,63.541000,50,20878,39128,0,0,261668,1152.309
central,DB1_Amazon.txt,5842,tk-no-bounds,0.00017117425539198904,50,2,12,0,42.371200,50,20878,39128,0,0,261668,143.304
central,DB1_Amazon.txt,5842,tk-no-bounds,0.00017117425539198904,50,2,12,1,47.947600,50,20878,39128,0,0,261668,179.304
central,DB1_Amazon.txt,5842,tk-no-bounds,0.00017117425539198904,50,2,12,2,42.474900,50,20878,39128,0,0,261668,213.304
central,DB1_Amazon.txt,5842,tk-no-bounds,0.00017117425539198904,50,2,12,3,46.781100,50,20878,39128,0,0,261668,249.304
central,DB1_Amazon.txt,5842,tk-no-bounds,0.00017117425539198904,50,2,12,4,45.805500,50,20878,39128,0,0,261668,285.304
central,DB1_Amazon.txt,5842,tk-no-bounds,0.00017117425539198904,50,2,12,5,43.817800,50,20878,39128,0,0,261668,321.304
central,DB1_Amazon.txt,5842,tk-no-bounds,0.00017117425539198904,50,2,12,6,45.757300,50,20878,39128,0,0,261668,355.304
central,DB1_Amazon.txt,5842,tk-no-bounds,0.00017117425539198904,50,2,12,7,50.928700,50,20878,39128,0,0,261668,391.304
central,DB1_Amazon.txt,5842,tk-no-bounds,0.00017117425539198904,50,2,12,8,42.703000,50,20878,39128,0,0,261668,427.304
central,DB1_Amazon.txt,5842,tk-no-bounds,0.00017117425539198904,50,2,12,9,49.398300,50,20878,39128,0,0,261668,461.304
central,DB1_Amazon.txt,5842,tk-no-pdub,0.00017117425539198904,50,2,12,0,2.417100,50,84,232,0,201,106217,471.304
central,DB1_Amazon.txt,5842,tk-no-pdub,0.00017117425539198904,50,2,12,1,1.831000,50,84,232,0,201,106217,473.304
central,DB1_Amazon.txt,5842,tk-no-pdub,0.00017117425539198904,50,2,12,2,1.810300,50,84,232,0,201,106217,475.304
central,DB1_Amazon.txt,5842,tk-no-pdub,0.00017117425539198904,50,2,12,3,1.810100,50,84,232,0,201,106217,475.304
central,DB1_Amazon.txt,5842,tk-no-pdub,0.00017117425539198904,50,2,12,4,1.882800,50,84,232,0,201,106217,477.304
central,DB1_Amazon.txt,5842,tk-no-pdub,0.00017117425539198904,50,2,12,5,1.835900,50,84,232,0,201,106217,479.304
central,DB1_Amazon.txt,5842,tk-no-pdub,0.00017117425539198904,50,2,12,6,2.004100,50,84,232,0,201,106217,481.304
central,DB1_Amazon.txt,5842,tk-no-pdub,0.00017117425539198904,50,2,12,7,2.515300,50,84,232,0,201,106217,483.304
central,DB1_Amazon.txt,5842,tk-no-pdub,0.00017117425539198904,50,2,12,8,2.219900,50,84,232,0,201,106217,483.304
central,DB1_Amazon.txt,5842,tk-no-pdub,0.00017117425539198904,50,2,12,9,1.808600,50,84,232,0,201,106217,485.304
central,DB1_Amazon.txt,5842,tk-no-dub,0.00017117425539198904,50,2,12,0,2.766100,50,189,767,614,0,95480,495.304
central,DB1_Amazon.txt,5842,tk-no-dub,0.00017117425539198904,50,2,12,1,1.987300,50,189,767,614,0,95480,497.304
central,DB1_Amazon.txt,5842,tk-no-dub,0.00017117425539198904,50,2,12,2,1.954900,50,189,767,614,0,95480,499.304
central,DB1_Amazon.txt,5842,tk-no-dub,0.00017117425539198904,50,2,12,3,1.847700,50,189,767,614,0,95480,499.304
central,DB1_Amazon.txt,5842,tk-no-dub,0.00017117425539198904,50,2,12,4,1.912200,50,189,767,614,0,95480,501.304
central,DB1_Amazon.txt,5842,tk-no-dub,0.00017117425539198904,50,2,12,5,2.245300,50,189,767,614,0,95480,503.304
central,DB1_Amazon.txt,5842,tk-no-dub,0.00017117425539198904,50,2,12,6,2.001400,50,189,767,614,0,95480,505.304
central,DB1_Amazon.txt,5842,tk-no-dub,0.00017117425539198904,50,2,12,7,2.199900,50,189,767,614,0,95480,505.304
central,DB1_Amazon.txt,5842,tk-no-dub,0.00017117425539198904,50,2,12,8,2.209900,50,189,767,614,0,95480,507.304
central,DB1_Amazon.txt,5842,tk-no-dub,0.00017117425539198904,50,2,12,9,1.890100,50,189,767,614,0,95480,509.304
central,DB1_Amazon.txt,5842,tk,0.00017117425539198904,50,2,12,0,1.746900,50,84,232,79,105,95480,517.304
central,DB1_Amazon.txt,5842,tk,0.00017117425539198904,50,2,12,1,2.681800,50,84,232,79,105,95480,519.304
central,DB1_Amazon.txt,5842,tk,0.00017117425539198904,50,2,12,2,1.775200,50,84,232,79,105,95480,521.304
central,DB1_Amazon.txt,5842,tk,0.00017117425539198904,50,2,12,3,1.878200,50,84,232,79,105,95480,523.304
central,DB1_Amazon.txt,5842,tk,0.00017117425539198904,50,2,12,4,2.029700,50,84,232,79,105,95480,523.304
central,DB1_Amazon.txt,5842,tk,0.00017117425539198904,50,2,12,5,2.521200,50,84,232,79,105,95480,525.304
central,DB1_Amazon.txt,5842,tk,0.00017117425539198904,50,2,12,6,1.896400,50,84,232,79,105,95480,527.304
central,DB1_Amazon.txt,5842,tk,0.00017117425539198904,50,2,12,7,1.890100,50,84,232,79,105,95480,529.304
central,DB1_Amazon.txt,5842,tk,0.00017117425539198904,50,2,12,8,3.084700,50,84,232,79,105,95480,529.304
central,DB1_Amazon.txt,5842,tk,0.00017117425539198904,50,2,12,9,2.026000,50,84,232,79,105,95480,531.304
central,DB2_Russell2000.txt,8141,hjtopk,0.00012283503255128362,50,2,12,0,61.614200,50,27203,53040,0,0,415273,825.304
central,DB2_Russell2000.txt,8141,hjtopk,0.00012283503255128362,50,2,12,1,64.822800,50,27203,53040,0,0,415273,875.304
central,DB2_Russell2000.txt,8141,hjtopk,0.00012283503255128362,50,2,12,2,61.084200,50,27203,53040,0,0,415273,923.304
central,DB2_Russell2000.txt,8141,hjtopk,0.00012283503255128362,50,2,12,3,67.715100,50,27203,53040,0,0,415273,971.304
central,DB2_Russell2000.txt,8141,hjtopk,0.00012283503255128362,50,2,12,4,63.635700,50,27203,53040,0,0,415273,1021.304
central,DB2_Russell2000.txt,8141,hjtopk,0.00012283503255128362,50,2,12,5,60.255300,50,27203,53040,0,0,415273,1069.304
central,DB2_Russell2000.txt,8141,hjtopk,0.00012283503255128362,50,2,12,6,65.964000,50,27203,53040,0,0,415273,1119.304
central,DB2_Russell2000.txt,8141,hjtopk,0.00012283503255128362,50,2,12,7,66.441400,50,27203,53040,0,0,415273,1167.304
central,DB2_Russell2000.txt,8141,hjtopk,0.00012283503255128362,50,2,12,8,63.230900,50,27203,53040,0,0,415273,1215.304
central,DB2_Russell2000.txt,8141,hjtopk,0.00012283503255128362,50,2,12,9,66.656000,50,27203,53040,0,0,415273,1227.304
central,DB2_Russell2000.txt,8141,tk-no-bounds,0.00012283503255128362,50,2,12,0,63.096600,50,27203,53040,0,0,415273,331.712
central,DB2_Russell2000.txt,8141,tk-no-bounds,0.00012283503255128362,50,2,12,1,63.334800,50,27203,53040,0,0,415273,379.712
central,DB2_Russell2000.txt,8141,tk-no-bounds,0.00012283503255128362,50,2,12,2,66.119200,50,27203,53040,0,0,415273,427.712
central,DB2_Russell2000.txt,8141,tk-no-bounds,0.00012283503255128362,50,2,12,3,62.379000,50,27203,53040,0,0,415273,475.712
central,DB2_Russell2000.txt,8141,tk-no-bounds,0.00012283503255128362,50,2,12,4,63.089700,50,27203,53040,0,0,415273,525.712
central,DB2_Russell2000.txt,8141,tk-no-bounds,0.00012283503255128362,50,2,12,5,62.766400,50,27203,53040,0,0,415273,573.712
central,DB2_Russell2000.txt,8141,tk-no-bounds,0.00012283503255128362,50,2,12,6,62.431300,50,27203,53040,0,0,415273,621.712
central,DB2_Russell2000.txt,8141,tk-no-bounds,0.00012283503255128362,50,2,12,7,66.557200,50,27203,53040,0,0,415273,669.712
central,DB2_Russell2000.txt,8141,tk-no-bounds,0.00012283503255128362,50,2,12,8,65.243300,50,27203,53040,0,0,415273,717.712
central,DB2_Russell2000.txt,8141,tk-no-bounds,0.00012283503255128362,50,2,12,9,65.238600,50,27203,53040,0,0,415273,767.712
central,DB2_Russell2000.txt,8141,tk-no-pdub,0.00012283503255128362,50,2,12,0,2.622400,50,84,224,0,192,153785,779.712
central,DB2_Russell2000.txt,8141,tk-no-pdub,0.00012283503255128362,50,2,12,1,3.817900,50,84,224,0,192,153785,781.712
central,DB2_Russell2000.txt,8141,tk-no-pdub,0.00012283503255128362,50,2,12,2,2.747400,50,84,224,0,192,153785,783.712
central,DB2_Russell2000.txt,8141,tk-no-pdub,0.00012283503255128362,50,2,12,3,2.965100,50,84,224,0,192,153785,785.712
central,DB2_Russell2000.txt,8141,tk-no-pdub,0.00012283503255128362,50,2,12,4,2.370800,50,84,224,0,192,153785,787.712
central,DB2_Russell2000.txt,8141,tk-no-pdub,0.00012283503255128362,50,2,12,5,2.371900,50,84,224,0,192,153785,789.746
central,DB2_Russell2000.txt,8141,tk-no-pdub,0.00012283503255128362,50,2,12,6,2.448700,50,84,224,0,192,153785,791.712
central,DB2_Russell2000.txt,8141,tk-no-pdub,0.00012283503255128362,50,2,12,7,2.779400,50,84,224,0,192,153785,795.712
central,DB2_Russell2000.txt,8141,tk-no-pdub,0.00012283503255128362,50,2,12,8,2.460900,50,84,224,0,192,153785,797.712
central,DB2_Russell2000.txt,8141,tk-no-pdub,0.00012283503255128362,50,2,12,9,2.354400,50,84,224,0,192,153785,799.712
central,DB2_Russell2000.txt,8141,tk-no-dub,0.00012283503255128362,50,2,12,0,2.481400,50,190,768,614,0,138862,811.712
central,DB2_Russell2000.txt,8141,tk-no-dub,0.00012283503255128362,50,2,12,1,2.673600,50,190,768,614,0,138862,813.712
central,DB2_Russell2000.txt,8141,tk-no-dub,0.00012283503255128362,50,2,12,2,2.850900,50,190,768,614,0,138862,815.712
central,DB2_Russell2000.txt,8141,tk-no-dub,0.00012283503255128362,50,2,12,3,3.148100,50,190,768,614,0,138862,817.712
central,DB2_Russell2000.txt,8141,tk-no-dub,0.00012283503255128362,50,2,12,4,2.496900,50,190,768,614,0,138862,819.712
central,DB2_Russell2000.txt,8141,tk-no-dub,0.00012283503255128362,50,2,12,5,2.444900,50,190,768,614,0,138862,823.712
central,DB2_Russell2000.txt,8141,tk-no-dub,0.00012283503255128362,50,2,12,6,2.517900,50,190,768,614,0,138862,825.712
central,DB2_Russell2000.txt,8141,tk-no-dub,0.00012283503255128362,50,2,12,7,2.565300,50,190,768,614,0,138862,827.712
central,DB2_Russell2000.txt,8141,tk-no-dub,0.00012283503255128362,50,2,12,8,2.637800,50,190,768,614,0,138862,829.712
central,DB2_Russell2000.txt,8141,tk-no-dub,0.00012283503255128362,50,2,12,9,3.405500,50,190,768,614,0,138862,831.712
central,DB2_Russell2000.txt,8141,tk,0.00012283503255128362,50,2,12,0,3.469500,50,84,224,70,106,138862,843.712
central,DB2_Russell2000.txt,8141,tk,0.00012283503255128362,50,2,12,1,2.680200,50,84,224,70,106,138862,845.712
central,DB2_Russell2000.txt,8141,tk,0.00012283503255128362,50,2,12,2,2.577800,50,84,224,70,106,138862,847.712
central,DB2_Russell2000.txt,8141,tk,0.00012283503255128362,50,2,12,3,2.633500,50,84,224,70,106,138862,849.712
central,DB2_Russell2000.txt,8141,tk,0.00012283503255128362,50,2,12,4,3.088500,50,84,224,70,106,138862,851.712
central,DB2_Russell2000.txt,8141,tk,0.00012283503255128362,50,2,12,5,2.728400,50,84,224,70,106,138862,853.712
central,DB2_Russell2000.txt,8141,tk,0.00012283503255128362,50,2,12,6,3.797800,50,84,224,70,106,138862,855.712
central,DB2_Russell2000.txt,8141,tk,0.00012283503255128362,50,2,12,7,2.532200,50,84,224,70,106,138862,857.712
central,DB2_Russell2000.txt,8141,tk,0.00012283503255128362,50,2,12,8,2.657500,50,84,224,70,106,138862,859.712
central,DB2_Russell2000.txt,8141,tk,0.00012283503255128362,50,2,12,9,2.572200,50,84,224,70,106,138862,861.712
central,DB3_Nasdaq.txt,12279,hjtopk,8.1439856665852270e-05,50,2,12,0,89.810600,50,35427,72051,0,0,663551,1221.712
central,DB3_Nasdaq.txt,12279,hjtopk,8.1439856665852270e-05,50,2,12,1,88.561500,50,35427,72051,0,0,663551,107.640
central,DB3_Nasdaq.txt,12279,hjtopk,8.1439856665852270e-05,50,2,12,2,87.922400,50,35427,72051,0,0,663551,173.640
central,DB3_Nasdaq.txt,12279,hjtopk,8.1439856665852270e-05,50,2,12,3,89.510800,50,35427,72051,0,0,663551,239.640
central,DB3_Nasdaq.txt,12279,hjtopk,8.1439856665852270e-05,50,2,12,4,90.324500,50,35427,72051,0,0,663551,305.640
central,DB3_Nasdaq.txt,12279,hjtopk,8.1439856665852270e-05,50,2,12,5,86.072700,50,35427,72051,0,0,663551,371.640
central,DB3_Nasdaq.txt,12279,hjtopk,8.1439856665852270e-05,50,2,12,6,89.230300,50,35427,72051,0,0,663551,437.640
central,DB3_Nasdaq.txt,12279,hjtopk,8.1439856665852270e-05,50,2,12,7,93.377100,50,35427,72051,0,0,663551,505.640
central,DB3_Nasdaq.txt,12279,hjtopk,8.1439856665852270e-05,50,2,12,8,85.430500,50,35427,72051,0,0,663551,571.640
central,DB3_Nasdaq.txt,12279,hjtopk,8.1439856665852270e-05,50,2,12,9,92.084600,50,35427,72051,0,0,663551,637.640
central,DB3_Nasdaq.txt,12279,tk-no-bounds,8.1439856665852270e-05,50,2,12,0,92.901200,50,35427,72051,0,0,663551,1029.640
central,DB3_Nasdaq.txt,12279,tk-no-bounds,8.1439856665852270e-05,50,2,12,1,91.327100,50,35427,72051,0,0,663551,1095.640
central,DB3_Nasdaq.txt,12279,tk-no-bounds,8.1439856665852270e-05,50,2,12,2,91.917000,50,35427,72051,0,0,663551,1161.640
central,DB3_Nasdaq.txt,12279,tk-no-bounds,8.1439856665852270e-05,50,2,12,3,96.887700,50,35427,72051,0,0,663551,1227.640
central,DB3_Nasdaq.txt,12279,tk-no-bounds,8.1439856665852270e-05,50,2,12,4,96.037800,50,35427,72051,0,0,663551,1227.640
central,DB3_Nasdaq.txt,12279,tk-no-bounds,8.1439856665852270e-05,50,2,12,5,90.301100,50,35427,72051,0,0,663551,132.868
central,DB3_Nasdaq.txt,12279,tk-no-bounds,8.1439856665852270e-05,50,2,12,6,86.461300,50,35427,72051,0,0,663551,198.868
central,DB3_Nasdaq.txt,12279,tk-no-bounds,8.1439856665852270e-05,50,2,12,7,87.597200,50,35427,72051,0,0,663551,264.868
central,DB3_Nasdaq.txt,12279,tk-no-bounds,8.1439856665852270e-05,50,2,12,8,85.366700,50,35427,72051,0,0,663551,330.868
central,DB3_Nasdaq.txt,12279,tk-no-bounds,8.1439856665852270e-05,50,2,12,9,86.211200,50,35427,72051,0,0,663551,396.868
central,DB3_Nasdaq.txt,12279,tk-no-pdub,8.1439856665852270e-05,50,2,12,0,3.329600,50,82,221,0,191,234654,414.868
central,DB3_Nasdaq.txt,12279,tk-no-pdub,8.1439856665852270e-05,50,2,12,1,3.503400,50,82,221,0,191,234654,418.868
central,DB3_Nasdaq.txt,12279,tk-no-pdub,8.1439856665852270e-05,50,2,12,2,3.294000,50,82,221,0,191,234654,420.868
central,DB3_Nasdaq.txt,12279,tk-no-pdub,8.1439856665852270e-05,50,2,12,3,4.616800,50,82,221,0,191,234654,424.868
central,DB3_Nasdaq.txt,12279,tk-no-pdub,8.1439856665852270e-05,50,2,12,4,3.347900,50,82,221,0,191,234654,426.868
central,DB3_Nasdaq.txt,12279,tk-no-pdub,8.1439856665852270e-05,50,2,12,5,3.787100,50,82,221,0,191,234654,430.868
central,DB3_Nasdaq.txt,12279,tk-no-pdub,8.1439856665852270e-05,50,2,12,6,3.173800,50,82,221,0,191,234654,432.868
central,DB3_Nasdaq.txt,12279,tk-no-pdub,8.1439856665852270e-05,50,2,12,7,3.350700,50,82,221,0,191,234654,436.868
central,DB3_Nasdaq.txt,12279,tk-no-pdub,8.1439856665852270e-05,50,2,12,8,3.759700,50,82,221,0,191,234654,440.868
central,DB3_Nasdaq.txt,12279,tk-no-pdub,8.1439856665852270e-05,50,2,12,9,3.173600,50,82,221,0,191,234654,442.868
central,DB3_Nasdaq.txt,12279,tk-no-dub,8.1439856665852270e-05,50,2,12,0,3.731400,50,181,706,559,0,206420,460.868
central,DB3_Nasdaq.txt,12279,tk-no-dub,8.1439856665852270e-05,50,2,12,1,5.254400,50,181,706,559,0,206420,464.868
central,DB3_Nasdaq.txt,12279,tk-no-dub,8.1439856665852270e-05,50,2,12,2,3.479000,50,181,706,559,0,206420,466.868
central,DB3_Nasdaq.txt,12279,tk-no-dub,8.1439856665852270e-05,50,2,12,3,3.521800,50,181,706,559,0,206420,470.868
central,DB3_Nasdaq.txt,12279,tk-no-dub,8.1439856665852270e-05,50,2,12,4,3.506900,50,181,706,559,0,206420,472.868
central,DB3_Nasdaq.txt,12279,tk-no-dub,8.1439856665852270e-05,50,2,12,5,4.178000,50,181,706,559,0,206420,476.868
central,DB3_Nasdaq.txt,12279,tk-no-dub,8.1439856665852270e-05,50,2,12,6,3.797300,50,181,706,559,0,206420,480.868
central,DB3_Nasdaq.txt,12279,tk-no-dub,8.1439856665852270e-05,50,2,12,7,3.735800,50,181,706,559,0,206420,482.868
central,DB3_Nasdaq.txt,12279,tk-no-dub,8.1439856665852270e-05,50,2,12,8,3.708200,50,181,706,559,0,206420,486.868
central,DB3_Nasdaq.txt,12279,tk-no-dub,8.1439856665852270e-05,50,2,12,9,4.776800,50,181,706,559,0,206420,488.868
central,DB3_Nasdaq.txt,12279,tk,8.1439856665852270e-05,50,2,12,0,3.493800,50,82,221,74,99,206420,506.868
central,DB3_Nasdaq.txt,12279,tk,8.1439856665852270e-05,50,2,12,1,3.500900,50,82,221,74,99,206420,508.868
central,DB3_Nasdaq.txt,12279,tk,8.1439856665852270e-05,50,2,12,2,3.514600,50,82,221,74,99,206420,512.868
central,DB3_Nasdaq.txt,12279,tk,8.1439856665852270e-05,50,2,12,3,4.566500,50,82,221,74,99,206420,514.868
central,DB3_Nasdaq.txt,12279,tk,8.1439856665852270e-05,50,2,12,4,3.772100,50,82,221,74,99,206420,518.868
central,DB3_Nasdaq.txt,12279,tk,8.1439856665852270e-05,50,2,12,5,3.489100,50,82,221,74,99,206420,520.868
central,DB3_Nasdaq.txt,12279,tk,8.1439856665852270e-05,50,2,12,6,3.493300,50,82,221,74,99,206420,524.868
central,DB3_Nasdaq.txt,12279,tk,8.1439856665852270e-05,50,2,12,7,4.060500,50,82,221,74,99,206420,526.868
central,DB3_Nasdaq.txt,12279,tk,8.1439856665852270e-05,50,2,12,8,3.762000,50,82,221,74,99,206420,530.868
central,DB3_Nasdaq.txt,12279,tk,8.1439856665852270e-05,50,2,12,9,3.409600,50,82,221,74,99,206420,532.868
central,DB4_SP500.txt,23046,hjtopk,4.3391477913737744e-05,50,2,12,0,145.585800,50,54459,115765,0,0,1181569,1168.868
central,DB4_SP500.txt,23046,hjtopk,4.3391477913737744e-05,50,2,12,1,149.531600,50,54459,115765,0,0,1181569,1210.868
central,DB4_SP500.txt,23046,hjtopk,4.3391477913737744e-05,50,2,12,2,147.390100,50,54459,115765,0,0,1181569,166.375
central,DB4_SP500.txt,23046,hjtopk,4.3391477913737744e-05,50,2,12,3,159.349800,50,54459,115765,0,0,1181569,270.375
central,DB4_SP500.txt,23046,hjtopk,4.3391477913737744e-05,50,2,12,4,180.612200,50,54459,115765,0,0,1181569,376.375
central,DB4_SP500.txt,23046,hjtopk,4.3391477913737744e-05,50,2,12,5,150.203200,50,54459,115765,0,0,1181569,482.375
central,DB4_SP500.txt,23046,hjtopk,4.3391477913737744e-05,50,2,12,6,138.988000,50,54459,115765,0,0,1181569,588.375
central,DB4_SP500.txt,23046,hjtopk,4.3391477913737744e-05,50,2,12,7,138.162900,50,54459,115765,0,0,1181569,692.375
central,DB4_SP500.txt,23046,hjtopk,4.3391477913737744e-05,50,2,12,8,136.417900,50,54459,115765,0,0,1181569,798.375
central,DB4_SP500.txt,23046,hjtopk,4.3391477913737744e-05,50,2,12,9,140.494700,50,54459,115765,0,0,1181569,904.375
central,DB4_SP500.txt,23046,tk-no-bounds,4.3391477913737744e-05,50,2,12,0,139.471500,50,54459,115765,0,0,1181569,306.831
central,DB4_SP500.txt,23046,tk-no-bounds,4.3391477913737744e-05,50,2,12,1,133.348300,50,54459,115765,0,0,1181569,410.831
central,DB4_SP500.txt,23046,tk-no-bounds,4.3391477913737744e-05,50,2,12,2,135.879900,50,54459,115765,0,0,1181569,516.831
central,DB4_SP500.txt,23046,tk-no-bounds,4.3391477913737744e-05,50,2,12,3,137.844200,50,54459,115765,0,0,1181569,620.831
central,DB4_SP500.txt,23046,tk-no-bounds,4.3391477913737744e-05,50,2,12,4,145.851700,50,54459,115765,0,0,1181569,724.831
central,DB4_SP500.txt,23046,tk-no-bounds,4.3391477913737744e-05,50,2,12,5,151.925400,50,54459,115765,0,0,1181569,828.831
central,DB4_SP500.txt,23046,tk-no-bounds,4.3391477913737744e-05,50,2,12,6,151.195200,50,54459,115765,0,0,1181569,934.831
central,DB4_SP500.txt,23046,tk-no-bounds,4.3391477913737744e-05,50,2,12,7,145.749000,50,54459,115765,0,0,1181569,1038.831
central,DB4_SP500.txt,23046,tk-no-bounds,4.3391477913737744e-05,50,2,12,8,133.876400,50,54459,115765,0,0,1181569,1142.831
central,DB4_SP500.txt,23046,tk-no-bounds,4.3391477913737744e-05,50,2,12,9,149.366700,50,54459,115765,0,0,1181569,1226.831
central,DB4_SP500.txt,23046,tk-no-pdub,4.3391477913737744e-05,50,2,12,0,5.285100,50,81,224,0,197,414148,59.880
central,DB4_SP500.txt,23046,tk-no-pdub,4.3391477913737744e-05,50,2,12,1,7.051500,50,81,224,0,197,414148,65.880
central,DB4_SP500.txt,23046,tk-no-pdub,4.3391477913737744e-05,50,2,12,2,6.785200,50,81,224,0,197,414148,69.880
central,DB4_SP500.txt,23046,tk-no-pdub,4.3391477913737744e-05,50,2,12,3,5.723300,50,81,224,0,197,414148,75.880
central,DB4_SP500.txt,23046,tk-no-pdub,4.3391477913737744e-05,50,2,12,4,6.776600,50,81,224,0,197,414148,81.880
central,DB4_SP500.txt,23046,tk-no-pdub,4.3391477913737744e-05,50,2,12,5,5.337800,50,81,224,0,197,414148,85.880
central,DB4_SP500.txt,23046,tk-no-pdub,4.3391477913737744e-05,50,2,12,6,5.521000,50,81,224,0,197,414148,91.880
central,DB4_SP500.txt,23046,tk-no-pdub,4.3391477913737744e-05,50,2,12,7,6.890400,50,81,224,0,197,414148,97.880
central,DB4_SP500.txt,23046,tk-no-pdub,4.3391477913737744e-05,50,2,12,8,5.410900,50,81,224,0,197,414148,101.880
central,DB4_SP500.txt,23046,tk-no-pdub,4.3391477913737744e-05,50,2,12,9,5.521500,50,81,224,0,197,414148,107.880
central,DB4_SP500.txt,23046,tk-no-dub,4.3391477913737744e-05,50,2,12,0,6.487700,50,189,751,598,0,374157,139.880
central,DB4_SP500.txt,23046,tk-no-dub,4.3391477913737744e-05,50,2,12,1,5.948600,50,189,751,598,0,374157,143.880
central,DB4_SP500.txt,23046,tk-no-dub,4.3391477913737744e-05,50,2,12,2,6.331400,50,189,751,598,0,374157,149.880
central,DB4_SP500.txt,23046,tk-no-dub,4.3391477913737744e-05,50,2,12,3,6.807600,50,189,751,598,0,374157,153.880
central,DB4_SP500.txt,23046,tk-no-dub,4.3391477913737744e-05,50,2,12,4,6.404300,50,189,751,598,0,374157,159.880
central,DB4_SP500.txt,23046,tk-no-dub,4.3391477913737744e-05,50,2,12,5,6.383200,50,189,751,598,0,374157,165.880
central,DB4_SP500.txt,23046,tk-no-dub,4.3391477913737744e-05,50,2,12,6,6.915100,50,189,751,598,0,374157,169.880
central,DB4_SP500.txt,23046,tk-no-dub,4.3391477913737744e-05,50,2,12,7,7.179200,50,189,751,598,0,374157,175.880
central,DB4_SP500.txt,23046,tk-no-dub,4.3391477913737744e-05,50,2,12,8,6.435700,50,189,751,598,0,374157,179.880
central,DB4_SP500.txt,23046,tk-no-dub,4.3391477913737744e-05,50,2,12,9,6.186500,50,189,751,598,0,374157,185.880
central,DB4_SP500.txt,23046,tk,4.3391477913737744e-05,50,2,12,0,6.922800,50,81,224,71,108,374157,215.880
central,DB4_SP500.txt,23046,tk,4.3391477913737744e-05,50,2,12,1,6.214400,50,81,224,71,108,374157,221.880
central,DB4_SP500.txt,23046,tk,4.3391477913737744e-05,50,2,12,2,6.055400,50,81,224,71,108,374157,225.880
central,DB4_SP500.txt,23046,tk,4.3391477913737744e-05,50,2,12,3,7.184900,50,81,224,71,108,374157,231.880
central,DB4_SP500.txt,23046,tk,4.3391477913737744e-05,50,2,12,4,5.520700,50,81,224,71,108,374157,235.880
central,DB4_SP500.txt,23046,tk,4.3391477913737744e-05,50,2,12,5,5.554300,50,81,224,71,108,374157,241.880
central,DB4_SP500.txt,23046,tk,4.3391477913737744e-05,50,2,12,6,6.579500,50,81,224,71,108,374157,245.880
central,DB4_SP500.txt,23046,tk,4.3391477913737744e-05,50,2,12,7,5.532100,50,81,224,71,108,374157,251.880
central,DB4_SP500.txt,23046,tk,4.3391477913737744e-05,50,2,12,8,7.836500,50,81,224,71,108,374157,255.880
central,DB4_SP500.txt,23046,tk,4.3391477913737744e-05,50,2,12,9,5.496600,50,81,224,71,108,374157,261.880
central,DB5_NYSE.txt,60000,hjtopk,1.6666666666666667e-05,50,2,12,0,94.437000,50,27873,49762,0,0,2778106,731.880
central,DB5_NYSE.txt,60000,hjtopk,1.6666666666666667e-05,50,2,12,1,93.542100,50,27873,49762,0,0,2778106,809.880
central,DB5_NYSE.txt,60000,hjtopk,1.6666666666666667e-05,50,2,12,2,97.924500,50,27873,49762,0,0,2778106,885.880
central,DB5_NYSE.txt,60000,hjtopk,1.6666666666666667e-05,50,2,12,3,96.772800,50,27873,49762,0,0,2778106,963.880
central,DB5_NYSE.txt,60000,hjtopk,1.6666666666666667e-05,50,2,12,4,96.893100,50,27873,49762,0,0,2778106,1039.880
central,DB5_NYSE.txt,60000,hjtopk,1.6666666666666667e-05,50,2,12,5,92.831800,50,27873,49762,0,0,2778106,1117.880
central,DB5_NYSE.txt,60000,hjtopk,1.6666666666666667e-05,50,2,12,6,98.699600,50,27873,49762,0,0,2778106,1193.880
central,DB5_NYSE.txt,60000,hjtopk,1.6666666666666667e-05,50,2,12,7,98.320800,50,27873,49762,0,0,2778106,1223.880
central,DB5_NYSE.txt,60000,hjtopk,1.6666666666666667e-05,50,2,12,8,95.257200,50,27873,49762,0,0,2778106,129.025
central,DB5_NYSE.txt,60000,hjtopk,1.6666666666666667e-05,50,2,12,9,96.091500,50,27873,49762,0,0,2778106,207.025
central,DB5_NYSE.txt,60000,tk-no-bounds,1.6666666666666667e-05,50,2,12,0,94.583800,50,27873,49762,0,0,2778106,665.025
central,DB5_NYSE.txt,60000,tk-no-bounds,1.6666666666666667e-05,50,2,12,1,102.130100,50,27873,49762,0,0,2778106,741.025
central,DB5_NYSE.txt,60000,tk-no-bounds,1.6666666666666667e-05,50,2,12,2,110.785200,50,27873,49762,0,0,2778106,817.025
central,DB5_NYSE.txt,60000,tk-no-bounds,1.6666666666666667e-05,50,2,12,3,112.970300,50,27873,49762,0,0,2778106,895.025
central,DB5_NYSE.txt,60000,tk-no-bounds,1.6666666666666667e-05,50,2,12,4,115.013100,50,27873,49762,0,0,2778106,973.025
central,DB5_NYSE.txt,60000,tk-no-bounds,1.6666666666666667e-05,50,2,12,5,105.369200,50,27873,49762,0,0,2778106,1049.025
central,DB5_NYSE.txt,60000,tk-no-bounds,1.6666666666666667e-05,50,2,12,6,114.623400,50,27873,49762,0,0,2778106,1125.025
central,DB5_NYSE.txt,60000,tk-no-bounds,1.6666666666666667e-05,50,2,12,7,108.573400,50,27873,49762,0,0,2778106,1201.025
central,DB5_NYSE.txt,60000,tk-no-bounds,1.6666666666666667e-05,50,2,12,8,106.306700,50,27873,49762,0,0,2778106,1223.025
central,DB5_NYSE.txt,60000,tk-no-bounds,1.6666666666666667e-05,50,2,12,9,101.096700,50,27873,49762,0,0,2778106,134.699
central,DB5_NYSE.txt,60000,tk-no-pdub,1.6666666666666667e-05,50,2,12,0,14.549300,50,81,238,0,216,1037500,212.699
central,DB5_NYSE.txt,60000,tk-no-pdub,1.6666666666666667e-05,50,2,12,1,15.914300,50,81,238,0,216,1037500,226.699
central,DB5_NYSE.txt,60000,tk-no-pdub,1.6666666666666667e-05,50,2,12,2,15.898100,50,81,238,0,216,1037500,238.699
central,DB5_NYSE.txt,60000,tk-no-pdub,1.6666666666666667e-05,50,2,12,3,14.576500,50,81,238,0,216,1037500,252.699
central,DB5_NYSE.txt,60000,tk-no-pdub,1.6666666666666667e-05,50,2,12,4,16.171800,50,81,238,0,216,1037500,266.699
central,DB5_NYSE.txt,60000,tk-no-pdub,1.6666666666666667e-05,50,2,12,5,17.169700,50,81,238,0,216,1037500,278.699
central,DB5_NYSE.txt,60000,tk-no-pdub,1.6666666666666667e-05,50,2,12,6,14.032400,50,81,238,0,216,1037500,292.699
central,DB5_NYSE.txt,60000,tk-no-pdub,1.6666666666666667e-05,50,2,12,7,13.816100,50,81,238,0,216,1037500,304.699
central,DB5_NYSE.txt,60000,tk-no-pdub,1.6666666666666667e-05,50,2,12,8,14.775000,50,81,238,0,216,1037500,318.699
central,DB5_NYSE.txt,60000,tk-no-pdub,1.6666666666666667e-05,50,2,12,9,13.894300,50,81,238,0,216,1037500,330.699
central,DB5_NYSE.txt,60000,tk-no-dub,1.6666666666666667e-05,50,2,12,0,14.256600,50,185,782,639,0,934774,406.699
central,DB5_NYSE.txt,60000,tk-no-dub,1.6666666666666667e-05,50,2,12,1,14.600600,50,185,782,639,0,934774,418.699
central,DB5_NYSE.txt,60000,tk-no-dub,1.6666666666666667e-05,50,2,12,2,15.001600,50,185,782,639,0,934774,432.699
central,DB5_NYSE.txt,60000,tk-no-dub,1.6666666666666667e-05,50,2,12,3,15.981500,50,185,782,639,0,934774,444.699
central,DB5_NYSE.txt,60000,tk-no-dub,1.6666666666666667e-05,50,2,12,4,14.981900,50,185,782,639,0,934774,456.699
central,DB5_NYSE.txt,60000,tk-no-dub,1.6666666666666667e-05,50,2,12,5,15.961900,50,185,782,639,0,934774,470.699
central,DB5_NYSE.txt,60000,tk-no-dub,1.6666666666666667e-05,50,2,12,6,14.550700,50,185,782,639,0,934774,482.699
central,DB5_NYSE.txt,60000,tk-no-dub,1.6666666666666667e-05,50,2,12,7,14.192900,50,185,782,639,0,934774,494.699
central,DB5_NYSE.txt,60000,tk-no-dub,1.6666666666666667e-05,50,2,12,8,15.177700,50,185,782,639,0,934774,508.699
central,DB5_NYSE.txt,60000,tk-no-dub,1.6666666666666667e-05,50,2,12,9,14.298400,50,185,782,639,0,934774,520.699
central,DB5_NYSE.txt,60000,tk,1.6666666666666667e-05,50,2,12,0,13.193200,50,81,238,95,104,934774,594.699
central,DB5_NYSE.txt,60000,tk,1.6666666666666667e-05,50,2,12,1,13.899900,50,81,238,95,104,934774,608.699
central,DB5_NYSE.txt,60000,tk,1.6666666666666667e-05,50,2,12,2,15.376500,50,81,238,95,104,934774,620.699
central,DB5_NYSE.txt,60000,tk,1.6666666666666667e-05,50,2,12,3,13.736900,50,81,238,95,104,934774,632.699
central,DB5_NYSE.txt,60000,tk,1.6666666666666667e-05,50,2,12,4,14.221600,50,81,238,95,104,934774,644.699
central,DB5_NYSE.txt,60000,tk,1.6666666666666667e-05,50,2,12,5,14.007600,50,81,238,95,104,934774,658.699
central,DB5_NYSE.txt,60000,tk,1.6666666666666667e-05,50,2,12,6,14.087400,50,81,238,95,104,934774,670.699
central,DB5_NYSE.txt,60000,tk,1.6666666666666667e-05,50,2,12,7,14.045300,50,81,238,95,104,934774,682.699
central,DB5_NYSE.txt,60000,tk,1.6666666666666667e-05,50,2,12,8,13.395000,50,81,238,95,104,934774,694.699
central,DB5_NYSE.txt,60000,tk,1.6666666666666667e-05,50,2,12,9,14.167700,50,81,238,95,104,934774,708.699
central,DB6_CL_US.txt,10305,hjtopk,9.7040271712760790e-05,50,2,12,0,50.097600,50,19036,35902,0,0,316928,906.699
central,DB6_CL_US.txt,10305,hjtopk,9.7040271712760790e-05,50,2,12,1,48.205500,50,19036,35902,0,0,316928,938.699
central,DB6_CL_US.txt,10305,hjtopk,9.7040271712760790e-05,50,2,12,2,51.748800,50,19036,35902,0,0,316928,972.699
central,DB6_CL_US.txt,10305,hjtopk,9.7040271712760790e-05,50,2,12,3,48.241900,50,19036,35902,0,0,316928,1004.699
central,DB6_CL_US.txt,10305,hjtopk,9.7040271712760790e-05,50,2,12,4,49.889300,50,19036,35902,0,0,316928,1038.699
central,DB6_CL_US.txt,10305,hjtopk,9.7040271712760790e-05,50,2,12,5,54.013300,50,19036,35902,0,0,316928,1070.699
central,DB6_CL_US.txt,10305,hjtopk,9.7040271712760790e-05,50,2,12,6,52.432800,50,19036,35902,0,0,316928,1104.699
central,DB6_CL_US.txt,10305,hjtopk,9.7040271712760790e-05,50,2,12,7,52.186800,50,19036,35902,0,0,316928,1136.699
central,DB6_CL_US.txt,10305,hjtopk,9.7040271712760790e-05,50,2,12,8,46.439800,50,19036,35902,0,0,316928,1170.699
central,DB6_CL_US.txt,10305,hjtopk,9.7040271712760790e-05,50,2,12,9,45.811600,50,19036,35902,0,0,316928,1202.699
central,DB6_CL_US.txt,10305,tk-no-bounds,9.7040271712760790e-05,50,2,12,0,47.446000,50,19036,35902,0,0,316928,177.063
central,DB6_CL_US.txt,10305,tk-no-bounds,9.7040271712760790e-05,50,2,12,1,45.049300,50,19036,35902,0,0,316928,209.063
central,DB6_CL_US.txt,10305,tk-no-bounds,9.7040271712760790e-05,50,2,12,2,44.678900,50,19036,35902,0,0,316928,243.063
central,DB6_CL_US.txt,10305,tk-no-bounds,9.7040271712760790e-05,50,2,12,3,47.302900,50,19036,35902,0,0,316928,275.063
central,DB6_CL_US.txt,10305,tk-no-bounds,9.7040271712760790e-05,50,2,12,4,43.500600,50,19036,35902,0,0,316928,307.063
central,DB6_CL_US.txt,10305,tk-no-bounds,9.7040271712760790e-05,50,2,12,5,40.867200,50,19036,35902,0,0,316928,341.063
central,DB6_CL_US.txt,10305,tk-no-bounds,9.7040271712760790e-05,50,2,12,6,41.045700,50,19036,35902,0,0,316928,373.063
central,DB6_CL_US.txt,10305,tk-no-bounds,9.7040271712760790e-05,50,2,12,7,41.528600,50,19036,35902,0,0,316928,405.063
central,DB6_CL_US.txt,10305,tk-no-bounds,9.7040271712760790e-05,50,2,12,8,41.689300,50,19036,35902,0,0,316928,439.063
central,DB6_CL_US.txt,10305,tk-no-bounds,9.7040271712760790e-05,50,2,12,9,41.627900,50,19036,35902,0,0,316928,471.063
central,DB6_CL_US.txt,10305,tk-no-pdub,9.7040271712760790e-05,50,2,12,0,2.317800,50,78,216,0,187,146804,483.063
central,DB6_CL_US.txt,10305,tk-no-pdub,9.7040271712760790e-05,50,2,12,1,2.283200,50,78,216,0,187,146804,485.063
central,DB6_CL_US.txt,10305,tk-no-pdub,9.7040271712760790e-05,50,2,12,2,2.280500,50,78,216,0,187,146804,487.063
central,DB6_CL_US.txt,10305,tk-no-pdub,9.7040271712760790e-05,50,2,12,3,2.292000,50,78,216,0,187,146804,489.063
central,DB6_CL_US.txt,10305,tk-no-pdub,9.7040271712760790e-05,50,2,12,4,2.320200,50,78,216,0,187,146804,491.063
central,DB6_CL_US.txt,10305,tk-no-pdub,9.7040271712760790e-05,50,2,12,5,2.818800,50,78,216,0,187,146804,493.063
central,DB6_CL_US.txt,10305,tk-no-pdub,9.7040271712760790e-05,50,2,12,6,2.307100,50,78,216,0,187,146804,495.063
central,DB6_CL_US.txt,10305,tk-no-pdub,9.7040271712760790e-05,50,2,12,7,2.319000,50,78,216,0,187,146804,497.063
central,DB6_CL_US.txt,10305,tk-no-pdub,9.7040271712760790e-05,50,2,12,8,2.333600,50,78,216,0,187,146804,499.063
central,DB6_CL_US.txt,10305,tk-no-pdub,9.7040271712760790e-05,50,2,12,9,2.397000,50,78,216,0,187,146804,501.063
central,DB6_CL_US.txt,10305,tk-no-dub,9.7040271712760790e-05,50,2,12,0,2.535800,50,183,763,615,0,135185,513.063
central,DB6_CL_US.txt,10305,tk-no-dub,9.7040271712760790e-05,50,2,12,1,2.556200,50,183,763,615,0,135185,515.063
central,DB6_CL_US.txt,10305,tk-no-dub,9.7040271712760790e-05,50,2,12,2,3.243500,50,183,763,615,0,135185,517.063
central,DB6_CL_US.txt,10305,tk-no-dub,9.7040271712760790e-05,50,2,12,3,2.711500,50,183,763,615,0,135185,519.063
central,DB6_CL_US.txt,10305,tk-no-dub,9.7040271712760790e-05,50,2,12,4,2.541900,50,183,763,615,0,135185,523.063
central,DB6_CL_US.txt,10305,tk-no-dub,9.7040271712760790e-05,50,2,12,5,2.535700,50,183,763,615,0,135185,525.063
central,DB6_CL_US.txt,10305,tk-no-dub,9.7040271712760790e-05,50,2,12,6,2.588000,50,183,763,615,0,135185,527.063
central,DB6_CL_US.txt,10305,tk-no-dub,9.7040271712760790e-05,50,2,12,7,2.768000,50,183,763,615,0,135185,529.063
central,DB6_CL_US.txt,10305,tk-no-dub,9.7040271712760790e-05,50,2,12,8,4.058800,50,183,763,615,0,135185,531.063
central,DB6_CL_US.txt,10305,tk-no-dub,9.7040271712760790e-05,50,2,12,9,2.940800,50,183,763,615,0,135185,533.063
central,DB6_CL_US.txt,10305,tk,9.7040271712760790e-05,50,2,12,0,2.399500,50,78,216,68,105,135185,545.063
central,DB6_CL_US.txt,10305,tk,9.7040271712760790e-05,50,2,12,1,2.408300,50,78,216,68,105,135185,547.063
central,DB6_CL_US.txt,10305,tk,9.7040271712760790e-05,50,2,12,2,2.399400,50,78,216,68,105,135185,549.063
central,DB6_CL_US.txt,10305,tk,9.7040271712760790e-05,50,2,12,3,2.394700,50,78,216,68,105,135185,549.063
central,DB6_CL_US.txt,10305,tk,9.7040271712760790e-05,50,2,12,4,2.525300,50,78,216,68,105,135185,551.063
central,DB6_CL_US.txt,10305,tk,9.7040271712760790e-05,50,2,12,5,2.685700,50,78,216,68,105,135185,553.063
central,DB6_CL_US.txt,10305,tk,9.7040271712760790e-05,50,2,12,6,2.539200,50,78,216,68,105,135185,555.063
central,DB6_CL_US.txt,10305,tk,9.7040271712760790e-05,50,2,12,7,2.337000,50,78,216,68,105,135185,557.063
central,DB6_CL_US.txt,10305,tk,9.7040271712760790e-05,50,2,12,8,2.343500,50,78,216,68,105,135185,559.063
central,DB6_CL_US.txt,10305,tk,9.7040271712760790e-05,50,2,12,9,2.328800,50,78,216,68,105,135185,561.063
central,DB7_HPQ_US.txt,12075,hjtopk,8.2815734989648030e-05,50,2,12,0,50.038200,50,20077,38700,0,0,377322,775.063
central,DB7_HPQ_US.txt,12075,hjtopk,8.2815734989648030e-05,50,2,12,1,53.910800,50,20077,38700,0,0,377322,809.063
central,DB7_HPQ_US.txt,12075,hjtopk,8.2815734989648030e-05,50,2,12,2,52.715600,50,20077,38700,0,0,377322,845.063
central,DB7_HPQ_US.txt,12075,hjtopk,8.2815734989648030e-05,50,2,12,3,51.111500,50,20077,38700,0,0,377322,881.063
central,DB7_HPQ_US.txt,12075,hjtopk,8.2815734989648030e-05,50,2,12,4,50.216500,50,20077,38700,0,0,377322,915.063
central,DB7_HPQ_US.txt,12075,hjtopk,8.2815734989648030e-05,50,2,12,5,54.051000,50,20077,38700,0,0,377322,951.063
central,DB7_HPQ_US.txt,12075,hjtopk,8.2815734989648030e-05,50,2,12,6,56.125300,50,20077,38700,0,0,377322,985.063
central,DB7_HPQ_US.txt,12075,hjtopk,8.2815734989648030e-05,50,2,12,7,58.582300,50,20077,38700,0,0,377322,1021.063
central,DB7_HPQ_US.txt,12075,hjtopk,8.2815734989648030e-05,50,2,12,8,63.325800,50,20077,38700,0,0,377322,1057.063
central,DB7_HPQ_US.txt,12075,hjtopk,8.2815734989648030e-05,50,2,12,9,59.208800,50,20077,38700,0,0,377322,1091.063
central,DB7_HPQ_US.txt,12075,tk-no-bounds,8.2815734989648030e-05,50,2,12,0,48.939300,50,20077,38700,0,0,377322,76.561
central,DB7_HPQ_US.txt,12075,tk-no-bounds,8.2815734989648030e-05,50,2,12,1,60.113700,50,20077,38700,0,0,377322,110.561
central,DB7_HPQ_US.txt,12075,tk-no-bounds,8.2815734989648030e-05,50,2,12,2,56.065000,50,20077,38700,0,0,377322,146.561
central,DB7_HPQ_US.txt,12075,tk-no-bounds,8.2815734989648030e-05,50,2,12,3,55.001200,50,20077,38700,0,0,377322,180.561
central,DB7_HPQ_US.txt,12075,tk-no-bounds,8.2815734989648030e-05,50,2,12,4,48.502500,50,20077,38700,0,0,377322,216.561
central,DB7_HPQ_US.txt,12075,tk-no-bounds,8.2815734989648030e-05,50,2,12,5,50.894300,50,20077,38700,0,0,377322,250.561
central,DB7_HPQ_US.txt,12075,tk-no-bounds,8.2815734989648030e-05,50,2,12,6,47.907000,50,20077,38700,0,0,377322,286.561
central,DB7_HPQ_US.txt,12075,tk-no-bounds,8.2815734989648030e-05,50,2,12,7,47.741000,50,20077,38700,0,0,377322,320.561
central,DB7_HPQ_US.txt,12075,tk-no-bounds,8.2815734989648030e-05,50,2,12,8,45.122400,50,20077,38700,0,0,377322,356.561
central,DB7_HPQ_US.txt,12075,tk-no-bounds,8.2815734989648030e-05,50,2,12,9,44.044200,50,20077,38700,0,0,377322,390.561
central,DB7_HPQ_US.txt,12075,tk-no-pdub,8.2815734989648030e-05,50,2,12,0,2.756300,50,77,214,0,188,175087,404.561
central,DB7_HPQ_US.txt,12075,tk-no-pdub,8.2815734989648030e-05,50,2,12,1,3.677300,50,77,214,0,188,175087,406.561
central,DB7_HPQ_US.txt,12075,tk-no-pdub,8.2815734989648030e-05,50,2,12,2,2.805700,50,77,214,0,188,175087,410.561
central,DB7_HPQ_US.txt,12075,tk-no-pdub,8.2815734989648030e-05,50,2,12,3,2.755500,50,77,214,0,188,175087,412.561
central,DB7_HPQ_US.txt,12075,tk-no-pdub,8.2815734989648030e-05,50,2,12,4,2.846100,50,77,214,0,188,175087,414.561
central,DB7_HPQ_US.txt,12075,tk-no-pdub,8.2815734989648030e-05,50,2,12,5,2.795800,50,77,214,0,188,175087,416.561
central,DB7_HPQ_US.txt,12075,tk-no-pdub,8.2815734989648030e-05,50,2,12,6,3.802000,50,77,214,0,188,175087,418.561
central,DB7_HPQ_US.txt,12075,tk-no-pdub,8.2815734989648030e-05,50,2,12,7,3.017400,50,77,214,0,188,175087,420.561
central,DB7_HPQ_US.txt,12075,tk-no-pdub,8.2815734989648030e-05,50,2,12,8,2.757200,50,77,214,0,188,175087,424.561
central,DB7_HPQ_US.txt,12075,tk-no-pdub,8.2815734989648030e-05,50,2,12,9,2.772200,50,77,214,0,188,175087,426.561
central,DB7_HPQ_US.txt,12075,tk-no-dub,8.2815734989648030e-05,50,2,12,0,3.410000,50,189,770,617,0,162972,440.561
central,DB7_HPQ_US.txt,12075,tk-no-dub,8.2815734989648030e-05,50,2,12,1,3.944900,50,189,770,617,0,162972,442.561
central,DB7_HPQ_US.txt,12075,tk-no-dub,8.2815734989648030e-05,50,2,12,2,3.156400,50,189,770,617,0,162972,444.561
central,DB7_HPQ_US.txt,12075,tk-no-dub,8.2815734989648030e-05,50,2,12,3,3.108800,50,189,770,617,0,162972,446.561
central,DB7_HPQ_US.txt,12075,tk-no-dub,8.2815734989648030e-05,50,2,12,4,3.148200,50,189,770,617,0,162972,450.561
central,DB7_HPQ_US.txt,12075,tk-no-dub,8.2815734989648030e-05,50,2,12,5,3.165400,50,189,770,617,0,162972,452.561
central,DB7_HPQ_US.txt,12075,tk-no-dub,8.2815734989648030e-05,50,2,12,6,3.477900,50,189,770,617,0,162972,454.561
central,DB7_HPQ_US.txt,12075,tk-no-dub,8.2815734989648030e-05,50,2,12,7,3.659300,50,189,770,617,0,162972,456.561
central,DB7_HPQ_US.txt,12075,tk-no-dub,8.2815734989648030e-05,50,2,12,8,3.069700,50,189,770,617,0,162972,458.561
central,DB7_HPQ_US.txt,12075,tk-no-dub,8.2815734989648030e-05,50,2,12,9,3.042700,50,189,770,617,0,162972,460.561
central,DB7_HPQ_US.txt,12075,tk,8.2815734989648030e-05,50,2,12,0,3.090200,50,77,214,61,112,162972,474.561
central,DB7_HPQ_US.txt,12075,tk,8.2815734989648030e-05,50,2,12,1,2.832200,50,77,214,61,112,162972,476.561
central,DB7_HPQ_US.txt,12075,tk,8.2815734989648030e-05,50,2,12,2,3.529500,50,77,214,61,112,162972,478.561
central,DB7_HPQ_US.txt,12075,tk,8.2815734989648030e-05,50,2,12,3,2.892300,50,77,214,61,112,162972,482.561
central,DB7_HPQ_US.txt,12075,tk,8.2815734989648030e-05,50,2,12,4,2.792700,50,77,214,61,112,162972,484.561
central,DB7_HPQ_US.txt,12075,tk,8.2815734989648030e-05,50,2,12,5,2.898200,50,77,214,61,112,162972,486.561
central,DB7_HPQ_US.txt,12075,tk,8.2815734989648030e-05,50,2,12,6,2.786600,50,77,214,61,112,162972,488.561
central,DB7_HPQ_US.txt,12075,tk,8.2815734989648030e-05,50,2,12,7,3.712300,50,77,214,61,112,162972,490.561
central,DB7_HPQ_US.txt,12075,tk,8.2815734989648030e-05,50,2,12,8,3.560700,50,77,214,61,112,162972,492.561
central,DB7_HPQ_US.txt,12075,tk,8.2815734989648030e-05,50,2,12,9,2.831200,50,77,214,61,112,162972,494.561
central,DB8_GE_US.txt,14058,hjtopk,7.1133873950775350e-05,50,2,12,0,44.979500,50,16697,31931,0,0,330778,672.561
central,DB8_GE_US.txt,14058,hjtopk,7.1133873950775350e-05,50,2,12,1,42.849800,50,16697,31931,0,0,330778,702.561
central,DB8_GE_US.txt,14058,hjtopk,7.1133873950775350e-05,50,2,12,2,44.665200,50,16697,31931,0,0,330778,732.561
central,DB8_GE_US.txt,14058,hjtopk,7.1133873950775350e-05,50,2,12,3,52.584000,50,16697,31931,0,0,330778,760.561
central,DB8_GE_US.txt,14058,hjtopk,7.1133873950775350e-05,50,2,12,4,50.543100,50,16697,31931,0,0,330778,790.561
central,DB8_GE_US.txt,14058,hjtopk,7.1133873950775350e-05,50,2,12,5,53.442900,50,16697,31931,0,0,330778,820.561
central,DB8_GE_US.txt,14058,hjtopk,7.1133873950775350e-05,50,2,12,6,46.691000,50,16697,31931,0,0,330778,848.561
central,DB8_GE_US.txt,14058,hjtopk,7.1133873950775350e-05,50,2,12,7,51.357200,50,16697,31931,0,0,330778,878.561
central,DB8_GE_US.txt,14058,hjtopk,7.1133873950775350e-05,50,2,12,8,60.046900,50,16697,31931,0,0,330778,908.561
central,DB8_GE_US.txt,14058,hjtopk,7.1133873950775350e-05,50,2,12,9,60.507900,50,16697,31931,0,0,330778,936.561
central,DB8_GE_US.txt,14058,tk-no-bounds,7.1133873950775350e-05,50,2,12,0,47.667200,50,16697,31931,0,0,330778,1112.561
central,DB8_GE_US.txt,14058,tk-no-bounds,7.1133873950775350e-05,50,2,12,1,48.831400,50,16697,31931,0,0,330778,1140.561
central,DB8_GE_US.txt,14058,tk-no-bounds,7.1133873950775350e-05,50,2,12,2,47.043700,50,16697,31931,0,0,330778,1170.561
central,DB8_GE_US.txt,14058,tk-no-bounds,7.1133873950775350e-05,50,2,12,3,47.131900,50,16697,31931,0,0,330778,1198.561
central,DB8_GE_US.txt,14058,tk-no-bounds,7.1133873950775350e-05,50,2,12,4,72.113100,50,16697,31931,0,0,330778,1228.561
central,DB8_GE_US.txt,14058,tk-no-bounds,7.1133873950775350e-05,50,2,12,5,60.697200,50,16697,31931,0,0,330778,1228.561
central,DB8_GE_US.txt,14058,tk-no-bounds,7.1133873950775350e-05,50,2,12,6,58.143300,50,16697,31931,0,0,330778,60.636
central,DB8_GE_US.txt,14058,tk-no-bounds,7.1133873950775350e-05,50,2,12,7,63.918600,50,16697,31931,0,0,330778,90.636
central,DB8_GE_US.txt,14058,tk-no-bounds,7.1133873950775350e-05,50,2,12,8,50.095700,50,16697,31931,0,0,330778,118.636
central,DB8_GE_US.txt,14058,tk-no-bounds,7.1133873950775350e-05,50,2,12,9,43.215500,50,16697,31931,0,0,330778,148.636
central,DB8_GE_US.txt,14058,tk-no-pdub,7.1133873950775350e-05,50,2,12,0,4.052800,50,83,231,0,201,170180,162.636
central,DB8_GE_US.txt,14058,tk-no-pdub,7.1133873950775350e-05,50,2,12,1,3.286100,50,83,231,0,201,170180,164.636
central,DB8_GE_US.txt,14058,tk-no-pdub,7.1133873950775350e-05,50,2,12,2,3.111900,50,83,231,0,201,170180,166.636
central,DB8_GE_US.txt,14058,tk-no-pdub,7.1133873950775350e-05,50,2,12,3,3.204300,50,83,231,0,201,170180,168.636
central,DB8_GE_US.txt,14058,tk-no-pdub,7.1133873950775350e-05,50,2,12,4,3.117900,50,83,231,0,201,170180,170.636
central,DB8_GE_US.txt,14058,tk-no-pdub,7.1133873950775350e-05,50,2,12,5,3.542100,50,83,231,0,201,170180,172.636
central,DB8_GE_US.txt,14058,tk-no-pdub,7.1133873950775350e-05,50,2,12,6,3.120900,50,83,231,0,201,170180,174.636
central,DB8_GE_US.txt,14058,tk-no-pdub,7.1133873950775350e-05,50,2,12,7,3.200000,50,83,231,0,201,170180,178.636
central,DB8_GE_US.txt,14058,tk-no-pdub,7.1133873950775350e-05,50,2,12,8,3.198700,50,83,231,0,201,170180,180.636
central,DB8_GE_US.txt,14058,tk-no-pdub,7.1133873950775350e-05,50,2,12,9,3.116100,50,83,231,0,201,170180,182.636
central,DB8_GE_US.txt,14058,tk-no-dub,7.1133873950775350e-05,50,2,12,0,3.780400,50,190,770,616,0,156966,196.636
central,DB8_GE_US.txt,14058,tk-no-dub,7.1133873950775350e-05,50,2,12,1,3.420600,50,190,770,616,0,156966,198.636
central,DB8_GE_US.txt,14058,tk-no-dub,7.1133873950775350e-05,50,2,12,2,3.526800,50,190,770,616,0,156966,200.636
central,DB8_GE_US.txt,14058,tk-no-dub,7.1133873950775350e-05,50,2,12,3,3.445600,50,190,770,616,0,156966,202.636
central,DB8_GE_US.txt,14058,tk-no-dub,7.1133873950775350e-05,50,2,12,4,3.903200,50,190,770,616,0,156966,204.636
central,DB8_GE_US.txt,14058,tk-no-dub,7.1133873950775350e-05,50,2,12,5,3.389900,50,190,770,616,0,156966,206.636
central,DB8_GE_US.txt,14058,tk-no-dub,7.1133873950775350e-05,50,2,12,6,3.350500,50,190,770,616,0,156966,208.636
central,DB8_GE_US.txt,14058,tk-no-dub,7.1133873950775350e-05,50,2,12,7,3.370600,50,190,770,616,0,156966,212.636
central,DB8_GE_US.txt,14058,tk-no-dub,7.1133873950775350e-05,50,2,12,8,3.353600,50,190,770,616,0,156966,214.636
central,DB8_GE_US.txt,14058,tk-no-dub,7.1133873950775350e-05,50,2,12,9,3.566100,50,190,770,616,0,156966,216.636
central,DB8_GE_US.txt,14058,tk,7.1133873950775350e-05,50,2,12,0,3.646400,50,83,231,77,107,156966,228.636
central,DB8_GE_US.txt,14058,tk,7.1133873950775350e-05,50,2,12,1,3.163500,50,83,231,77,107,156966,230.636
central,DB8_GE_US.txt,14058,tk,7.1133873950775350e-05,50,2,12,2,3.227900,50,83,231,77,107,156966,232.743
central,DB8_GE_US.txt,14058,tk,7.1133873950775350e-05,50,2,12,3,3.217700,50,83,231,77,107,156966,236.636
central,DB8_GE_US.txt,14058,tk,7.1133873950775350e-05,50,2,12,4,3.508400,50,83,231,77,107,156966,238.636
central,DB8_GE_US.txt,14058,tk,7.1133873950775350e-05,50,2,12,5,3.220400,50,83,231,77,107,156966,240.636
central,DB8_GE_US.txt,14058,tk,7.1133873950775350e-05,50,2,12,6,3.159200,50,83,231,77,107,156966,242.636
central,DB8_GE_US.txt,14058,tk,7.1133873950775350e-05,50,2,12,7,3.158200,50,83,231,77,107,156966,244.636
central,DB8_GE_US.txt,14058,tk,7.1133873950775350e-05,50,2,12,8,3.138300,50,83,231,77,107,156966,246.636
central,DB8_GE_US.txt,14058,tk,7.1133873950775350e-05,50,2,12,9,4.492200,50,83,231,77,107,156966,248.636
K_sens,DB1_Amazon.txt,5842,hjtopk,0.00017117425539198904,10,2,12,0,89.031200,10,20878,39128,0,0,261668,392.636
K_sens,DB1_Amazon.txt,5842,hjtopk,0.00017117425539198904,10,2,12,1,84.622600,10,20878,39128,0,0,261668,428.636
K_sens,DB1_Amazon.txt,5842,hjtopk,0.00017117425539198904,10,2,12,2,95.926400,10,20878,39128,0,0,261668,464.636
K_sens,DB1_Amazon.txt,5842,hjtopk,0.00017117425539198904,10,2,12,3,77.286900,10,20878,39128,0,0,261668,500.636
K_sens,DB1_Amazon.txt,5842,hjtopk,0.00017117425539198904,10,2,12,4,70.855900,10,20878,39128,0,0,261668,536.636
K_sens,DB1_Amazon.txt,5842,tk-no-bounds,0.00017117425539198904,10,2,12,0,59.319500,10,20878,39128,0,0,261668,678.636
K_sens,DB1_Amazon.txt,5842,tk-no-bounds,0.00017117425539198904,10,2,12,1,61.328300,10,20878,39128,0,0,261668,712.636
K_sens,DB1_Amazon.txt,5842,tk-no-bounds,0.00017117425539198904,10,2,12,2,78.473900,10,20878,39128,0,0,261668,748.636
K_sens,DB1_Amazon.txt,5842,tk-no-bounds,0.00017117425539198904,10,2,12,3,82.764500,10,20878,39128,0,0,261668,784.636
K_sens,DB1_Amazon.txt,5842,tk-no-bounds,0.00017117425539198904,10,2,12,4,66.172800,10,20878,39128,0,0,261668,820.636
K_sens,DB1_Amazon.txt,5842,tk-no-pdub,0.00017117425539198904,10,2,12,0,1.155900,10,11,25,0,24,49310,822.636
K_sens,DB1_Amazon.txt,5842,tk-no-pdub,0.00017117425539198904,10,2,12,1,1.321100,10,11,25,0,24,49310,824.636
K_sens,DB1_Amazon.txt,5842,tk-no-pdub,0.00017117425539198904,10,2,12,2,1.178500,10,11,25,0,24,49310,824.636
K_sens,DB1_Amazon.txt,5842,tk-no-pdub,0.00017117425539198904,10,2,12,3,1.169400,10,11,25,0,24,49310,826.636
K_sens,DB1_Amazon.txt,5842,tk-no-pdub,0.00017117425539198904,10,2,12,4,1.155900,10,11,25,0,24,49310,826.636
K_sens,DB1_Amazon.txt,5842,tk-no-dub,0.00017117425539198904,10,2,12,0,1.631100,10,34,120,96,0,48357,830.636
K_sens,DB1_Amazon.txt,5842,tk-no-dub,0.00017117425539198904,10,2,12,1,1.854500,10,34,120,96,0,48357,832.636
K_sens,DB1_Amazon.txt,5842,tk-no-dub,0.00017117425539198904,10,2,12,2,2.110400,10,34,120,96,0,48357,832.636
K_sens,DB1_Amazon.txt,5842,tk-no-dub,0.00017117425539198904,10,2,12,3,1.361100,10,34,120,96,0,48357,834.636
K_sens,DB1_Amazon.txt,5842,tk-no-dub,0.00017117425539198904,10,2,12,4,1.382600,10,34,120,96,0,48357,834.636
K_sens,DB1_Amazon.txt,5842,tk,0.00017117425539198904,10,2,12,0,1.320400,10,11,25,1,23,48357,838.636
K_sens,DB1_Amazon.txt,5842,tk,0.00017117425539198904,10,2,12,1,1.606300,10,11,25,1,23,48357,840.636
K_sens,DB1_Amazon.txt,5842,tk,0.00017117425539198904,10,2,12,2,1.778700,10,11,25,1,23,48357,840.636
K_sens,DB1_Amazon.txt,5842,tk,0.00017117425539198904,10,2,12,3,1.265700,10,11,25,1,23,48357,842.636
K_sens,DB1_Amazon.txt,5842,tk,0.00017117425539198904,10,2,12,4,1.380700,10,11,25,1,23,48357,842.636
K_sens,DB1_Amazon.txt,5842,hjtopk,0.00017117425539198904,50,2,12,0,148.095900,50,20878,39128,0,0,261668,986.636
K_sens,DB1_Amazon.txt,5842,hjtopk,0.00017117425539198904,50,2,12,1,80.181900,50,20878,39128,0,0,261668,1022.636
K_sens,DB1_Amazon.txt,5842,hjtopk,0.00017117425539198904,50,2,12,2,87.666700,50,20878,39128,0,0,261668,1056.636
K_sens,DB1_Amazon.txt,5842,hjtopk,0.00017117425539198904,50,2,12,3,101.467000,50,20878,39128,0,0,261668,1092.636
K_sens,DB1_Amazon.txt,5842,hjtopk,0.00017117425539198904,50,2,12,4,53.805900,50,20878,39128,0,0,261668,1128.636
K_sens,DB1_Amazon.txt,5842,tk-no-bounds,0.00017117425539198904,50,2,12,0,65.750300,50,20878,39128,0,0,261668,49.626
K_sens,DB1_Amazon.txt,5842,tk-no-bounds,0.00017117425539198904,50,2,12,1,52.329800,50,20878,39128,0,0,261668,85.626
K_sens,DB1_Amazon.txt,5842,tk-no-bounds,0.00017117425539198904,50,2,12,2,57.211700,50,20878,39128,0,0,261668,121.626
K_sens,DB1_Amazon.txt,5842,tk-no-bounds,0.00017117425539198904,50,2,12,3,49.206100,50,20878,39128,0,0,261668,155.626
K_sens,DB1_Amazon.txt,5842,tk-no-bounds,0.00017117425539198904,50,2,12,4,51.838700,50,20878,39128,0,0,261668,191.626
K_sens,DB1_Amazon.txt,5842,tk-no-pdub,0.00017117425539198904,50,2,12,0,2.852300,50,84,232,0,201,106217,197.626
K_sens,DB1_Amazon.txt,5842,tk-no-pdub,0.00017117425539198904,50,2,12,1,2.320700,50,84,232,0,201,106217,199.626
K_sens,DB1_Amazon.txt,5842,tk-no-pdub,0.00017117425539198904,50,2,12,2,2.486700,50,84,232,0,201,106217,201.626
K_sens,DB1_Amazon.txt,5842,tk-no-pdub,0.00017117425539198904,50,2,12,3,2.133100,50,84,232,0,201,106217,203.626
K_sens,DB1_Amazon.txt,5842,tk-no-pdub,0.00017117425539198904,50,2,12,4,2.625400,50,84,232,0,201,106217,203.626
K_sens,DB1_Amazon.txt,5842,tk-no-dub,0.00017117425539198904,50,2,12,0,2.291600,50,189,767,614,0,95480,211.626
K_sens,DB1_Amazon.txt,5842,tk-no-dub,0.00017117425539198904,50,2,12,1,2.786700,50,189,767,614,0,95480,211.626
K_sens,DB1_Amazon.txt,5842,tk-no-dub,0.00017117425539198904,50,2,12,2,3.177300,50,189,767,614,0,95480,213.626
K_sens,DB1_Amazon.txt,5842,tk-no-dub,0.00017117425539198904,50,2,12,3,2.471900,50,189,767,614,0,95480,215.626
K_sens,DB1_Amazon.txt,5842,tk-no-dub,0.00017117425539198904,50,2,12,4,2.841500,50,189,767,614,0,95480,217.626
K_sens,DB1_Amazon.txt,5842,tk,0.00017117425539198904,50,2,12,0,2.616200,50,84,232,79,105,95480,223.626
K_sens,DB1_Amazon.txt,5842,tk,0.00017117425539198904,50,2,12,1,2.231600,50,84,232,79,105,95480,223.626
K_sens,DB1_Amazon.txt,5842,tk,0.00017117425539198904,50,2,12,2,2.241700,50,84,232,79,105,95480,225.626
K_sens,DB1_Amazon.txt,5842,tk,0.00017117425539198904,50,2,12,3,2.073800,50,84,232,79,105,95480,227.626
K_sens,DB1_Amazon.txt,5842,tk,0.00017117425539198904,50,2,12,4,2.075400,50,84,232,79,105,95480,229.626
K_sens,DB1_Amazon.txt,5842,hjtopk,0.00017117425539198904,100,2,12,0,55.939700,100,20878,39128,0,0,261668,371.626
K_sens,DB1_Amazon.txt,5842,hjtopk,0.00017117425539198904,100,2,12,1,62.400100,100,20878,39128,0,0,261668,407.626
K_sens,DB1_Amazon.txt,5842,hjtopk,0.00017117425539198904,100,2,12,2,66.263500,100,20878,39128,0,0,261668,443.626
K_sens,DB1_Amazon.txt,5842,hjtopk,0.00017117425539198904,100,2,12,3,58.578700,100,20878,39128,0,0,261668,479.626
K_sens,DB1_Amazon.txt,5842,hjtopk,0.00017117425539198904,100,2,12,4,58.007000,100,20878,39128,0,0,261668,515.626
K_sens,DB1_Amazon.txt,5842,tk-no-bounds,0.00017117425539198904,100,2,12,0,56.540500,100,20878,39128,0,0,261668,657.626
K_sens,DB1_Amazon.txt,5842,tk-no-bounds,0.00017117425539198904,100,2,12,1,50.117200,100,20878,39128,0,0,261668,691.626
K_sens,DB1_Amazon.txt,5842,tk-no-bounds,0.00017117425539198904,100,2,12,2,52.474300,100,20878,39128,0,0,261668,727.626
K_sens,DB1_Amazon.txt,5842,tk-no-bounds,0.00017117425539198904,100,2,12,3,49.771100,100,20878,39128,0,0,261668,763.626
K_sens,DB1_Amazon.txt,5842,tk-no-bounds,0.00017117425539198904,100,2,12,4,55.512600,100,20878,39128,0,0,261668,799.626
K_sens,DB1_Amazon.txt,5842,tk-no-pdub,0.00017117425539198904,100,2,12,0,2.896000,100,174,670,0,595,137187,807.626
K_sens,DB1_Amazon.txt,5842,tk-no-pdub,0.00017117425539198904,100,2,12,1,2.684900,100,174,670,0,595,137187,809.626
K_sens,DB1_Amazon.txt,5842,tk-no-pdub,0.00017117425539198904,100,2,12,2,2.775000,100,174,670,0,595,137187,811.626
K_sens,DB1_Amazon.txt,5842,tk-no-pdub,0.00017117425539198904,100,2,12,3,2.693800,100,174,670,0,595,137187,813.626
K_sens,DB1_Amazon.txt,5842,tk-no-pdub,0.00017117425539198904,100,2,12,4,3.931800,100,174,670,0,595,137187,815.626
K_sens,DB1_Amazon.txt,5842,tk-no-dub,0.00017117425539198904,100,2,12,0,2.718500,100,374,1439,1129,0,115524,823.626
K_sens,DB1_Amazon.txt,5842,tk-no-dub,0.00017117425539198904,100,2,12,1,3.851400,100,374,1439,1129,0,115524,825.626
K_sens,DB1_Amazon.txt,5842,tk-no-dub,0.00017117425539198904,100,2,12,2,3.386600,100,374,1439,1129,0,115524,827.626
K_sens,DB1_Amazon.txt,5842,tk-no-dub,0.00017117425539198904,100,2,12,3,2.711400,100,374,1439,1129,0,115524,829.626
K_sens,DB1_Amazon.txt,5842,tk-no-dub,0.00017117425539198904,100,2,12,4,2.744400,100,374,1439,1129,0,115524,831.626
K_sens,DB1_Amazon.txt,5842,tk,0.00017117425539198904,100,2,12,0,2.757400,100,174,670,360,200,115524,839.626
K_sens,DB1_Amazon.txt,5842,tk,0.00017117425539198904,100,2,12,1,2.638700,100,174,670,360,200,115524,841.626
K_sens,DB1_Amazon.txt,5842,tk,0.00017117425539198904,100,2,12,2,2.582200,100,174,670,360,200,115524,843.626
K_sens,DB1_Amazon.txt,5842,tk,0.00017117425539198904,100,2,12,3,2.598000,100,174,670,360,200,115524,845.626
K_sens,DB1_Amazon.txt,5842,tk,0.00017117425539198904,100,2,12,4,2.794600,100,174,670,360,200,115524,847.626
K_sens,DB1_Amazon.txt,5842,hjtopk,0.00017117425539198904,500,2,12,0,55.713100,500,20878,39128,0,0,261668,989.626
K_sens,DB1_Amazon.txt,5842,hjtopk,0.00017117425539198904,500,2,12,1,124.490100,500,20878,39128,0,0,261668,1025.626
K_sens,DB1_Amazon.txt,5842,hjtopk,0.00017117425539198904,500,2,12,2,53.398400,500,20878,39128,0,0,261668,1061.626
K_sens,DB1_Amazon.txt,5842,hjtopk,0.00017117425539198904,500,2,12,3,48.772700,500,20878,39128,0,0,261668,1097.626
K_sens,DB1_Amazon.txt,5842,hjtopk,0.00017117425539198904,500,2,12,4,48.041400,500,20878,39128,0,0,261668,1133.626
K_sens,DB1_Amazon.txt,5842,tk-no-bounds,0.00017117425539198904,500,2,12,0,47.324000,500,20878,39128,0,0,261668,55.787
K_sens,DB1_Amazon.txt,5842,tk-no-bounds,0.00017117425539198904,500,2,12,1,46.931000,500,20878,39128,0,0,261668,89.787
K_sens,DB1_Amazon.txt,5842,tk-no-bounds,0.00017117425539198904,500,2,12,2,48.055900,500,20878,39128,0,0,261668,125.787
K_sens,DB1_Amazon.txt,5842,tk-no-bounds,0.00017117425539198904,500,2,12,3,47.479500,500,20878,39128,0,0,261668,161.787
K_sens,DB1_Amazon.txt,5842,tk-no-bounds,0.00017117425539198904,500,2,12,4,49.266200,500,20878,39128,0,0,261668,197.787
K_sens,DB1_Amazon.txt,5842,tk-no-pdub,0.00017117425539198904,500,2,12,0,7.057400,500,995,4152,0,2173,193314,217.787
K_sens,DB1_Amazon.txt,5842,tk-no-pdub,0.00017117425539198904,500,2,12,1,6.223900,500,995,4152,0,2173,193314,223.787
K_sens,DB1_Amazon.txt,5842,tk-no-pdub,0.00017117425539198904,500,2,12,2,6.454800,500,995,4152,0,2173,193314,229.787
K_sens,DB1_Amazon.txt,5842,tk-no-pdub,0.00017117425539198904,500,2,12,3,7.116100,500,995,4152,0,2173,193314,233.787
K_sens,DB1_Amazon.txt,5842,tk-no-pdub,0.00017117425539198904,500,2,12,4,6.818200,500,995,4152,0,2173,193314,239.787
K_sens,DB1_Amazon.txt,5842,tk-no-dub,0.00017117425539198904,500,2,12,0,6.417400,500,1956,8026,6162,0,173747,259.787
K_sens,DB1_Amazon.txt,5842,tk-no-dub,0.00017117425539198904,500,2,12,1,7.417600,500,1956,8026,6162,0,173747,265.787
K_sens,DB1_Amazon.txt,5842,tk-no-dub,0.00017117425539198904,500,2,12,2,6.814600,500,1956,8026,6162,0,173747,271.787
K_sens,DB1_Amazon.txt,5842,tk-no-dub,0.00017117425539198904,500,2,12,3,7.729800,500,1956,8026,6162,0,173747,275.787
K_sens,DB1_Amazon.txt,5842,tk-no-dub,0.00017117425539198904,500,2,12,4,6.639100,500,1956,8026,6162,0,173747,281.787
K_sens,DB1_Amazon.txt,5842,tk,0.00017117425539198904,500,2,12,0,6.162400,500,995,4152,2288,961,173747,299.787
K_sens,DB1_Amazon.txt,5842,tk,0.00017117425539198904,500,2,12,1,6.653600,500,995,4152,2288,961,173747,303.787
K_sens,DB1_Amazon.txt,5842,tk,0.00017117425539198904,500,2,12,2,6.733200,500,995,4152,2288,961,173747,307.787
K_sens,DB1_Amazon.txt,5842,tk,0.00017117425539198904,500,2,12,3,6.699800,500,995,4152,2288,961,173747,313.787
K_sens,DB1_Amazon.txt,5842,tk,0.00017117425539198904,500,2,12,4,6.106800,500,995,4152,2288,961,173747,317.787
K_sens,DB2_Russell2000.txt,8141,hjtopk,0.00012283503255128362,10,2,12,0,67.282900,10,27203,53040,0,0,415273,513.787
K_sens,DB2_Russell2000.txt,8141,hjtopk,0.00012283503255128362,10,2,12,1,61.809100,10,27203,53040,0,0,415273,563.787
K_sens,DB2_Russell2000.txt,8141,hjtopk,0.00012283503255128362,10,2,12,2,62.423500,10,27203,53040,0,0,415273,611.787
K_sens,DB2_Russell2000.txt,8141,hjtopk,0.00012283503255128362,10,2,12,3,59.569800,10,27203,53040,0,0,415273,659.787
K_sens,DB2_Russell2000.txt,8141,hjtopk,0.00012283503255128362,10,2,12,4,58.106800,10,27203,53040,0,0,415273,709.787
K_sens,DB2_Russell2000.txt,8141,tk-no-bounds,0.00012283503255128362,10,2,12,0,59.099900,10,27203,53040,0,0,415273,903.787
K_sens,DB2_Russell2000.txt,8141,tk-no-bounds,0.00012283503255128362,10,2,12,1,57.570800,10,27203,53040,0,0,415273,951.787
K_sens,DB2_Russell2000.txt,8141,tk-no-bounds,0.00012283503255128362,10,2,12,2,55.899200,10,27203,53040,0,0,415273,999.787
K_sens,DB2_Russell2000.txt,8141,tk-no-bounds,0.00012283503255128362,10,2,12,3,56.216900,10,27203,53040,0,0,415273,1047.787
K_sens,DB2_Russell2000.txt,8141,tk-no-bounds,0.00012283503255128362,10,2,12,4,55.444100,10,27203,53040,0,0,415273,1095.787
K_sens,DB2_Russell2000.txt,8141,tk-no-pdub,0.00012283503255128362,10,2,12,0,1.177700,10,12,26,0,24,71349,1101.787
K_sens,DB2_Russell2000.txt,8141,tk-no-pdub,0.00012283503255128362,10,2,12,1,1.181300,10,12,26,0,24,71349,1103.787
K_sens,DB2_Russell2000.txt,8141,tk-no-pdub,0.00012283503255128362,10,2,12,2,1.158900,10,12,26,0,24,71349,1103.787
K_sens,DB2_Russell2000.txt,8141,tk-no-pdub,0.00012283503255128362,10,2,12,3,1.171400,10,12,26,0,24,71349,1105.787
K_sens,DB2_Russell2000.txt,8141,tk-no-pdub,0.00012283503255128362,10,2,12,4,1.170800,10,12,26,0,24,71349,1107.787
K_sens,DB2_Russell2000.txt,8141,tk-no-dub,0.00012283503255128362,10,2,12,0,1.349300,10,34,120,96,0,68289,1113.787
K_sens,DB2_Russell2000.txt,8141,tk-no-dub,0.00012283503255128362,10,2,12,1,1.371400,10,34,120,96,0,68289,1113.787
K_sens,DB2_Russell2000.txt,8141,tk-no-dub,0.00012283503255128362,10,2,12,2,1.359600,10,34,120,96,0,68289,1115.787
K_sens,DB2_Russell2000.txt,8141,tk-no-dub,0.00012283503255128362,10,2,12,3,1.356200,10,34,120,96,0,68289,1117.787
K_sens,DB2_Russell2000.txt,8141,tk-no-dub,0.00012283503255128362,10,2,12,4,1.371100,10,34,120,96,0,68289,1117.787
K_sens,DB2_Russell2000.txt,8141,tk,0.00012283503255128362,10,2,12,0,1.257900,10,12,26,2,22,68289,1123.787
K_sens,DB2_Russell2000.txt,8141,tk,0.00012283503255128362,10,2,12,1,1.268400,10,12,26,2,22,68289,1125.787
K_sens,DB2_Russell2000.txt,8141,tk,0.00012283503255128362,10,2,12,2,1.256300,10,12,26,2,22,68289,1125.787
K_sens,DB2_Russell2000.txt,8141,tk,0.00012283503255128362,10,2,12,3,1.486100,10,12,26,2,22,68289,1127.787
K_sens,DB2_Russell2000.txt,8141,tk,0.00012283503255128362,10,2,12,4,1.272800,10,12,26,2,22,68289,1129.787
K_sens,DB2_Russell2000.txt,8141,hjtopk,0.00012283503255128362,50,2,12,0,58.842800,50,27203,53040,0,0,415273,96.981
K_sens,DB2_Russell2000.txt,8141,hjtopk,0.00012283503255128362,50,2,12,1,60.931200,50,27203,53040,0,0,415273,146.981
K_sens,DB2_Russell2000.txt,8141,hjtopk,0.00012283503255128362,50,2,12,2,62.887500,50,27203,53040,0,0,415273,194.981
K_sens,DB2_Russell2000.txt,8141,hjtopk,0.00012283503255128362,50,2,12,3,66.841900,50,27203,53040,0,0,415273,244.981
K_sens,DB2_Russell2000.txt,8141,hjtopk,0.00012283503255128362,50,2,12,4,64.763700,50,27203,53040,0,0,415273,292.981
K_sens,DB2_Russell2000.txt,8141,tk-no-bounds,0.00012283503255128362,50,2,12,0,68.884300,50,27203,53040,0,0,415273,486.981
K_sens,DB2_Russell2000.txt,8141,tk-no-bounds,0.00012283503255128362,50,2,12,1,64.396100,50,27203,53040,0,0,415273,534.981
K_sens,DB2_Russell2000.txt,8141,tk-no-bounds,0.00012283503255128362,50,2,12,2,60.912300,50,27203,53040,0,0,415273,582.981
K_sens,DB2_Russell2000.txt,8141,tk-no-bounds,0.00012283503255128362,50,2,12,3,58.981900,50,27203,53040,0,0,415273,630.981
K_sens,DB2_Russell2000.txt,8141,tk-no-bounds,0.00012283503255128362,50,2,12,4,58.862900,50,27203,53040,0,0,415273,678.981
K_sens,DB2_Russell2000.txt,8141,tk-no-pdub,0.00012283503255128362,50,2,12,0,2.356900,50,84,224,0,192,153785,688.981
K_sens,DB2_Russell2000.txt,8141,tk-no-pdub,0.00012283503255128362,50,2,12,1,2.321200,50,84,224,0,192,153785,690.981
K_sens,DB2_Russell2000.txt,8141,tk-no-pdub,0.00012283503255128362,50,2,12,2,2.316700,50,84,224,0,192,153785,692.981
K_sens,DB2_Russell2000.txt,8141,tk-no-pdub,0.00012283503255128362,50,2,12,3,2.323900,50,84,224,0,192,153785,694.981
K_sens,DB2_Russell2000.txt,8141,tk-no-pdub,0.00012283503255128362,50,2,12,4,2.332200,50,84,224,0,192,153785,696.981
K_sens,DB2_Russell2000.txt,8141,tk-no-dub,0.00012283503255128362,50,2,12,0,2.551300,50,190,768,614,0,138862,704.981
K_sens,DB2_Russell2000.txt,8141,tk-no-dub,0.00012283503255128362,50,2,12,1,2.607000,50,190,768,614,0,138862,706.981
K_sens,DB2_Russell2000.txt,8141,tk-no-dub,0.00012283503255128362,50,2,12,2,2.575700,50,190,768,614,0,138862,710.981
K_sens,DB2_Russell2000.txt,8141,tk-no-dub,0.00012283503255128362,50,2,12,3,3.294000,50,190,768,614,0,138862,712.981
K_sens,DB2_Russell2000.txt,8141,tk-no-dub,0.00012283503255128362,50,2,12,4,2.557000,50,190,768,614,0,138862,714.981
K_sens,DB2_Russell2000.txt,8141,tk,0.00012283503255128362,50,2,12,0,2.413700,50,84,224,70,106,138862,722.981
K_sens,DB2_Russell2000.txt,8141,tk,0.00012283503255128362,50,2,12,1,2.436700,50,84,224,70,106,138862,724.981
K_sens,DB2_Russell2000.txt,8141,tk,0.00012283503255128362,50,2,12,2,2.492800,50,84,224,70,106,138862,726.981
K_sens,DB2_Russell2000.txt,8141,tk,0.00012283503255128362,50,2,12,3,2.422000,50,84,224,70,106,138862,728.981
K_sens,DB2_Russell2000.txt,8141,tk,0.00012283503255128362,50,2,12,4,2.391800,50,84,224,70,106,138862,730.981
K_sens,DB2_Russell2000.txt,8141,hjtopk,0.00012283503255128362,100,2,12,0,58.598100,100,27203,53040,0,0,415273,926.981
K_sens,DB2_Russell2000.txt,8141,hjtopk,0.00012283503255128362,100,2,12,1,58.341600,100,27203,53040,0,0,415273,974.981
K_sens,DB2_Russell2000.txt,8141,hjtopk,0.00012283503255128362,100,2,12,2,58.495100,100,27203,53040,0,0,415273,1022.981
K_sens,DB2_Russell2000.txt,8141,hjtopk,0.00012283503255128362,100,2,12,3,53.954300,100,27203,53040,0,0,415273,1072.981
K_sens,DB2_Russell2000.txt,8141,hjtopk,0.00012283503255128362,100,2,12,4,55.941200,100,27203,53040,0,0,415273,1120.981
K_sens,DB2_Russell2000.txt,8141,tk-no-bounds,0.00012283503255128362,100,2,12,0,52.710300,100,27203,53040,0,0,415273,92.106
K_sens,DB2_Russell2000.txt,8141,tk-no-bounds,0.00012283503255128362,100,2,12,1,52.071200,100,27203,53040,0,0,415273,140.106
K_sens,DB2_Russell2000.txt,8141,tk-no-bounds,0.00012283503255128362,100,2,12,2,53.383500,100,27203,53040,0,0,415273,188.106
K_sens,DB2_Russell2000.txt,8141,tk-no-bounds,0.00012283503255128362,100,2,12,3,53.939600,100,27203,53040,0,0,415273,236.106
K_sens,DB2_Russell2000.txt,8141,tk-no-bounds,0.00012283503255128362,100,2,12,4,65.949000,100,27203,53040,0,0,415273,286.106
K_sens,DB2_Russell2000.txt,8141,tk-no-pdub,0.00012283503255128362,100,2,12,0,3.024800,100,186,681,0,604,202746,296.106
K_sens,DB2_Russell2000.txt,8141,tk-no-pdub,0.00012283503255128362,100,2,12,1,2.992600,100,186,681,0,604,202746,300.106
K_sens,DB2_Russell2000.txt,8141,tk-no-pdub,0.00012283503255128362,100,2,12,2,3.075600,100,186,681,0,604,202746,302.106
K_sens,DB2_Russell2000.txt,8141,tk-no-pdub,0.00012283503255128362,100,2,12,3,3.080300,100,186,681,0,604,202746,306.106
K_sens,DB2_Russell2000.txt,8141,tk-no-pdub,0.00012283503255128362,100,2,12,4,3.131100,100,186,681,0,604,202746,308.106
K_sens,DB2_Russell2000.txt,8141,tk-no-dub,0.00012283503255128362,100,2,12,0,3.447500,100,376,1438,1127,0,170140,318.106
K_sens,DB2_Russell2000.txt,8141,tk-no-dub,0.00012283503255128362,100,2,12,1,3.259900,100,376,1438,1127,0,170140,322.106
K_sens,DB2_Russell2000.txt,8141,tk-no-dub,0.00012283503255128362,100,2,12,2,3.402400,100,376,1438,1127,0,170140,324.106
K_sens,DB2_Russell2000.txt,8141,tk-no-dub,0.00012283503255128362,100,2,12,3,3.830200,100,376,1438,1127,0,170140,326.106
K_sens,DB2_Russell2000.txt,8141,tk-no-dub,0.00012283503255128362,100,2,12,4,3.571800,100,376,1438,1127,0,170140,330.106
K_sens,DB2_Russell2000.txt,8141,tk,0.00012283503255128362,100,2,12,0,3.423700,100,186,681,370,190,170140,340.106
K_sens,DB2_Russell2000.txt,8141,tk,0.00012283503255128362,100,2,12,1,3.320300,100,186,681,370,190,170140,342.106
K_sens,DB2_Russell2000.txt,8141,tk,0.00012283503255128362,100,2,12,2,3.257600,100,186,681,370,190,170140,344.106
K_sens,DB2_Russell2000.txt,8141,tk,0.00012283503255128362,100,2,12,3,3.546200,100,186,681,370,190,170140,348.106
K_sens,DB2_Russell2000.txt,8141,tk,0.00012283503255128362,100,2,12,4,3.289800,100,186,681,370,190,170140,350.106
K_sens,DB2_Russell2000.txt,8141,hjtopk,0.00012283503255128362,500,2,12,0,67.014200,500,27203,53040,0,0,415273,544.106
K_sens,DB2_Russell2000.txt,8141,hjtopk,0.00012283503255128362,500,2,12,1,71.434400,500,27203,53040,0,0,415273,594.106
K_sens,DB2_Russell2000.txt,8141,hjtopk,0.00012283503255128362,500,2,12,2,71.062200,500,27203,53040,0,0,415273,642.106
K_sens,DB2_Russell2000.txt,8141,hjtopk,0.00012283503255128362,500,2,12,3,65.299700,500,27203,53040,0,0,415273,692.106
K_sens,DB2_Russell2000.txt,8141,hjtopk,0.00012283503255128362,500,2,12,4,61.573700,500,27203,53040,0,0,415273,740.106
K_sens,DB2_Russell2000.txt,8141,tk-no-bounds,0.00012283503255128362,500,2,12,0,65.747500,500,27203,53040,0,0,415273,934.106
K_sens,DB2_Russell2000.txt,8141,tk-no-bounds,0.00012283503255128362,500,2,12,1,70.453700,500,27203,53040,0,0,415273,982.106
K_sens,DB2_Russell2000.txt,8141,tk-no-bounds,0.00012283503255128362,500,2,12,2,88.506900,500,27203,53040,0,0,415273,1030.106
K_sens,DB2_Russell2000.txt,8141,tk-no-bounds,0.00012283503255128362,500,2,12,3,70.852700,500,27203,53040,0,0,415273,1078.106
K_sens,DB2_Russell2000.txt,8141,tk-no-bounds,0.00012283503255128362,500,2,12,4,67.530900,500,27203,53040,0,0,415273,1128.106
K_sens,DB2_Russell2000.txt,8141,tk-no-pdub,0.00012283503255128362,500,2,12,0,11.846800,500,1002,4046,0,2330,290225,1152.106
K_sens,DB2_Russell2000.txt,8141,tk-no-pdub,0.00012283503255128362,500,2,12,1,12.973000,500,1002,4046,0,2330,290225,1158.106
K_sens,DB2_Russell2000.txt,8141,tk-no-pdub,0.00012283503255128362,500,2,12,2,11.069600,500,1002,4046,0,2330,290225,1164.106
K_sens,DB2_Russell2000.txt,8141,tk-no-pdub,0.00012283503255128362,500,2,12,3,9.919900,500,1002,4046,0,2330,290225,1170.106
K_sens,DB2_Russell2000.txt,8141,tk-no-pdub,0.00012283503255128362,500,2,12,4,8.411300,500,1002,4046,0,2330,290225,1176.106
K_sens,DB2_Russell2000.txt,8141,tk-no-dub,0.00012283503255128362,500,2,12,0,9.583400,500,2072,8677,6743,0,261075,1202.106
K_sens,DB2_Russell2000.txt,8141,tk-no-dub,0.00012283503255128362,500,2,12,1,10.451700,500,2072,8677,6743,0,261075,1208.106
K_sens,DB2_Russell2000.txt,8141,tk-no-dub,0.00012283503255128362,500,2,12,2,12.012500,500,2072,8677,6743,0,261075,1214.106
K_sens,DB2_Russell2000.txt,8141,tk-no-dub,0.00012283503255128362,500,2,12,3,11.623000,500,2072,8677,6743,0,261075,1220.106
K_sens,DB2_Russell2000.txt,8141,tk-no-dub,0.00012283503255128362,500,2,12,4,10.233300,500,2072,8677,6743,0,261075,1226.106
K_sens,DB2_Russell2000.txt,8141,tk,0.00012283503255128362,500,2,12,0,9.887300,500,1002,4046,2112,1070,261075,22.648
K_sens,DB2_Russell2000.txt,8141,tk,0.00012283503255128362,500,2,12,1,9.431100,500,1002,4046,2112,1070,261075,28.648
K_sens,DB2_Russell2000.txt,8141,tk,0.00012283503255128362,500,2,12,2,9.227500,500,1002,4046,2112,1070,261075,34.648
K_sens,DB2_Russell2000.txt,8141,tk,0.00012283503255128362,500,2,12,3,10.252700,500,1002,4046,2112,1070,261075,38.648
K_sens,DB2_Russell2000.txt,8141,tk,0.00012283503255128362,500,2,12,4,14.462700,500,1002,4046,2112,1070,261075,44.648
K_sens,DB3_Nasdaq.txt,12279,hjtopk,8.1439856665852270e-05,10,2,12,0,110.795000,10,35427,72051,0,0,663551,310.648
K_sens,DB3_Nasdaq.txt,12279,hjtopk,8.1439856665852270e-05,10,2,12,1,131.288100,10,35427,72051,0,0,663551,376.648
K_sens,DB3_Nasdaq.txt,12279,hjtopk,8.1439856665852270e-05,10,2,12,2,109.831400,10,35427,72051,0,0,663551,442.648
K_sens,DB3_Nasdaq.txt,12279,hjtopk,8.1439856665852270e-05,10,2,12,3,122.635700,10,35427,72051,0,0,663551,510.648
K_sens,DB3_Nasdaq.txt,12279,hjtopk,8.1439856665852270e-05,10,2,12,4,114.764300,10,35427,72051,0,0,663551,576.648
K_sens,DB3_Nasdaq.txt,12279,tk-no-bounds,8.1439856665852270e-05,10,2,12,0,91.337700,10,35427,72051,0,0,663551,838.648
K_sens,DB3_Nasdaq.txt,12279,tk-no-bounds,8.1439856665852270e-05,10,2,12,1,83.777600,10,35427,72051,0,0,663551,904.648
K_sens,DB3_Nasdaq.txt,12279,tk-no-bounds,8.1439856665852270e-05,10,2,12,2,86.150900,10,35427,72051,0,0,663551,968.648
K_sens,DB3_Nasdaq.txt,12279,tk-no-bounds,8.1439856665852270e-05,10,2,12,3,81.983100,10,35427,72051,0,0,663551,1034.648
K_sens,DB3_Nasdaq.txt,12279,tk-no-bounds,8.1439856665852270e-05,10,2,12,4,83.402900,10,35427,72051,0,0,663551,1100.648
K_sens,DB3_Nasdaq.txt,12279,tk-no-pdub,8.1439856665852270e-05,10,2,12,0,1.813300,10,12,26,0,24,108084,1108.689
K_sens,DB3_Nasdaq.txt,12279,tk-no-pdub,8.1439856665852270e-05,10,2,12,1,1.771400,10,12,26,0,24,108084,1110.648
K_sens,DB3_Nasdaq.txt,12279,tk-no-pdub,8.1439856665852270e-05,10,2,12,2,1.769500,10,12,26,0,24,108084,1112.648
K_sens,DB3_Nasdaq.txt,12279,tk-no-pdub,8.1439856665852270e-05,10,2,12,3,1.915000,10,12,26,0,24,108084,1114.648
K_sens,DB3_Nasdaq.txt,12279,tk-no-pdub,8.1439856665852270e-05,10,2,12,4,2.305800,10,12,26,0,24,108084,1116.648
K_sens,DB3_Nasdaq.txt,12279,tk-no-dub,8.1439856665852270e-05,10,2,12,0,2.061300,10,34,120,96,0,103234,1124.648
K_sens,DB3_Nasdaq.txt,12279,tk-no-dub,8.1439856665852270e-05,10,2,12,1,2.034700,10,34,120,96,0,103234,1126.648
K_sens,DB3_Nasdaq.txt,12279,tk-no-dub,8.1439856665852270e-05,10,2,12,2,2.182700,10,34,120,96,0,103234,1128.741
K_sens,DB3_Nasdaq.txt,12279,tk-no-dub,8.1439856665852270e-05,10,2,12,3,2.199400,10,34,120,96,0,103234,1132.648
K_sens,DB3_Nasdaq.txt,12279,tk-no-dub,8.1439856665852270e-05,10,2,12,4,2.189000,10,34,120,96,0,103234,1134.648
K_sens,DB3_Nasdaq.txt,12279,tk,8.1439856665852270e-05,10,2,12,0,1.920000,10,12,26,2,22,103234,1142.648
K_sens,DB3_Nasdaq.txt,12279,tk,8.1439856665852270e-05,10,2,12,1,1.920300,10,12,26,2,22,103234,1144.648
K_sens,DB3_Nasdaq.txt,12279,tk,8.1439856665852270e-05,10,2,12,2,1.950800,10,12,26,2,22,103234,1146.648
K_sens,DB3_Nasdaq.txt,12279,tk,8.1439856665852270e-05,10,2,12,3,2.004200,10,12,26,2,22,103234,1148.648
K_sens,DB3_Nasdaq.txt,12279,tk,8.1439856665852270e-05,10,2,12,4,1.933500,10,12,26,2,22,103234,1150.648
K_sens,DB3_Nasdaq.txt,12279,hjtopk,8.1439856665852270e-05,50,2,12,0,103.960600,50,35427,72051,0,0,663551,192.481
K_sens,DB3_Nasdaq.txt,12279,hjtopk,8.1439856665852270e-05,50,2,12,1,114.526300,50,35427,72051,0,0,663551,258.481
K_sens,DB3_Nasdaq.txt,12279,hjtopk,8.1439856665852270e-05,50,2,12,2,126.150100,50,35427,72051,0,0,663551,324.481
K_sens,DB3_Nasdaq.txt,12279,hjtopk,8.1439856665852270e-05,50,2,12,3,123.559500,50,35427,72051,0,0,663551,390.481
K_sens,DB3_Nasdaq.txt,12279,hjtopk,8.1439856665852270e-05,50,2,12,4,122.976000,50,35427,72051,0,0,663551,456.481
K_sens,DB3_Nasdaq.txt,12279,tk-no-bounds,8.1439856665852270e-05,50,2,12,0,111.020400,50,35427,72051,0,0,663551,720.481
K_sens,DB3_Nasdaq.txt,12279,tk-no-bounds,8.1439856665852270e-05,50,2,12,1,98.275400,50,35427,72051,0,0,663551,784.481
K_sens,DB3_Nasdaq.txt,12279,tk-no-bounds,8.1439856665852270e-05,50,2,12,2,97.158200,50,35427,72051,0,0,663551,850.481
K_sens,DB3_Nasdaq.txt,12279,tk-no-bounds,8.1439856665852270e-05,50,2,12,3,91.164100,50,35427,72051,0,0,663551,916.481
K_sens,DB3_Nasdaq.txt,12279,tk-no-bounds,8.1439856665852270e-05,50,2,12,4,88.358200,50,35427,72051,0,0,663551,982.481
K_sens,DB3_Nasdaq.txt,12279,tk-no-pdub,8.1439856665852270e-05,50,2,12,0,3.529700,50,82,221,0,191,234654,994.481
K_sens,DB3_Nasdaq.txt,12279,tk-no-pdub,8.1439856665852270e-05,50,2,12,1,4.290000,50,82,221,0,191,234654,998.481
K_sens,DB3_Nasdaq.txt,12279,tk-no-pdub,8.1439856665852270e-05,50,2,12,2,3.497500,50,82,221,0,191,234654,1000.481
K_sens,DB3_Nasdaq.txt,12279,tk-no-pdub,8.1439856665852270e-05,50,2,12,3,3.464800,50,82,221,0,191,234654,1004.481
K_sens,DB3_Nasdaq.txt,12279,tk-no-pdub,8.1439856665852270e-05,50,2,12,4,3.470100,50,82,221,0,191,234654,1006.481
K_sens,DB3_Nasdaq.txt,12279,tk-no-dub,8.1439856665852270e-05,50,2,12,0,3.745700,50,181,706,559,0,206420,1018.481
K_sens,DB3_Nasdaq.txt,12279,tk-no-dub,8.1439856665852270e-05,50,2,12,1,3.955300,50,181,706,559,0,206420,1022.481
K_sens,DB3_Nasdaq.txt,12279,tk-no-dub,8.1439856665852270e-05,50,2,12,2,4.220800,50,181,706,559,0,206420,1026.481
K_sens,DB3_Nasdaq.txt,12279,tk-no-dub,8.1439856665852270e-05,50,2,12,3,3.722100,50,181,706,559,0,206420,1028.481
K_sens,DB3_Nasdaq.txt,12279,tk-no-dub,8.1439856665852270e-05,50,2,12,4,3.754800,50,181,706,559,0,206420,1032.481
K_sens,DB3_Nasdaq.txt,12279,tk,8.1439856665852270e-05,50,2,12,0,3.468400,50,82,221,74,99,206420,1044.481
K_sens,DB3_Nasdaq.txt,12279,tk,8.1439856665852270e-05,50,2,12,1,3.536700,50,82,221,74,99,206420,1046.481
K_sens,DB3_Nasdaq.txt,12279,tk,8.1439856665852270e-05,50,2,12,2,3.427500,50,82,221,74,99,206420,1048.481
K_sens,DB3_Nasdaq.txt,12279,tk,8.1439856665852270e-05,50,2,12,3,3.448700,50,82,221,74,99,206420,1052.481
K_sens,DB3_Nasdaq.txt,12279,tk,8.1439856665852270e-05,50,2,12,4,3.514000,50,82,221,74,99,206420,1054.481
K_sens,DB3_Nasdaq.txt,12279,hjtopk,8.1439856665852270e-05,100,2,12,0,95.452200,100,35427,72051,0,0,663551,99.117
K_sens,DB3_Nasdaq.txt,12279,hjtopk,8.1439856665852270e-05,100,2,12,1,92.066200,100,35427,72051,0,0,663551,165.117
K_sens,DB3_Nasdaq.txt,12279,hjtopk,8.1439856665852270e-05,100,2,12,2,92.084100,100,35427,72051,0,0,663551,231.117
K_sens,DB3_Nasdaq.txt,12279,hjtopk,8.1439856665852270e-05,100,2,12,3,95.925900,100,35427,72051,0,0,663551,297.117
K_sens,DB3_Nasdaq.txt,12279,hjtopk,8.1439856665852270e-05,100,2,12,4,85.175100,100,35427,72051,0,0,663551,363.117
K_sens,DB3_Nasdaq.txt,12279,tk-no-bounds,8.1439856665852270e-05,100,2,12,0,88.536300,100,35427,72051,0,0,663551,625.117
K_sens,DB3_Nasdaq.txt,12279,tk-no-bounds,8.1439856665852270e-05,100,2,12,1,80.642000,100,35427,72051,0,0,663551,691.117
K_sens,DB3_Nasdaq.txt,12279,tk-no-bounds,8.1439856665852270e-05,100,2,12,2,83.714000,100,35427,72051,0,0,663551,757.117
K_sens,DB3_Nasdaq.txt,12279,tk-no-bounds,8.1439856665852270e-05,100,2,12,3,82.625400,100,35427,72051,0,0,663551,823.117
K_sens,DB3_Nasdaq.txt,12279,tk-no-bounds,8.1439856665852270e-05,100,2,12,4,89.000600,100,35427,72051,0,0,663551,889.117
K_sens,DB3_Nasdaq.txt,12279,tk-no-pdub,8.1439856665852270e-05,100,2,12,0,4.647600,100,186,665,0,597,306240,905.117
K_sens,DB3_Nasdaq.txt,12279,tk-no-pdub,8.1439856665852270e-05,100,2,12,1,4.645600,100,186,665,0,597,306240,907.117
K_sens,DB3_Nasdaq.txt,12279,tk-no-pdub,8.1439856665852270e-05,100,2,12,2,4.686400,100,186,665,0,597,306240,911.117
K_sens,DB3_Nasdaq.txt,12279,tk-no-pdub,8.1439856665852270e-05,100,2,12,3,5.289200,100,186,665,0,597,306240,915.117
K_sens,DB3_Nasdaq.txt,12279,tk-no-pdub,8.1439856665852270e-05,100,2,12,4,4.717600,100,186,665,0,597,306240,919.117
K_sens,DB3_Nasdaq.txt,12279,tk-no-dub,8.1439856665852270e-05,100,2,12,0,4.759100,100,370,1414,1108,0,259818,935.117
K_sens,DB3_Nasdaq.txt,12279,tk-no-dub,8.1439856665852270e-05,100,2,12,1,4.800700,100,370,1414,1108,0,259818,939.117
K_sens,DB3_Nasdaq.txt,12279,tk-no-dub,8.1439856665852270e-05,100,2,12,2,5.009700,100,370,1414,1108,0,259818,941.117
K_sens,DB3_Nasdaq.txt,12279,tk-no-dub,8.1439856665852270e-05,100,2,12,3,4.794300,100,370,1414,1108,0,259818,945.117
K_sens,DB3_Nasdaq.txt,12279,tk-no-dub,8.1439856665852270e-05,100,2,12,4,4.803400,100,370,1414,1108,0,259818,949.117
K_sens,DB3_Nasdaq.txt,12279,tk,8.1439856665852270e-05,100,2,12,0,5.077600,100,186,665,359,184,259818,963.117
K_sens,DB3_Nasdaq.txt,12279,tk,8.1439856665852270e-05,100,2,12,1,5.123500,100,186,665,359,184,259818,967.117
K_sens,DB3_Nasdaq.txt,12279,tk,8.1439856665852270e-05,100,2,12,2,4.789000,100,186,665,359,184,259818,971.117
K_sens,DB3_Nasdaq.txt,12279,tk,8.1439856665852270e-05,100,2,12,3,4.683500,100,186,665,359,184,259818,975.117
K_sens,DB3_Nasdaq.txt,12279,tk,8.1439856665852270e-05,100,2,12,4,4.657800,100,186,665,359,184,259818,977.117
K_sens,DB3_Nasdaq.txt,12279,hjtopk,8.1439856665852270e-05,500,2,12,0,89.917300,500,35427,72051,0,0,663551,1215.117
K_sens,DB3_Nasdaq.txt,12279,hjtopk,8.1439856665852270e-05,500,2,12,1,90.166200,500,35427,72051,0,0,663551,92.631
K_sens,DB3_Nasdaq.txt,12279,hjtopk,8.1439856665852270e-05,500,2,12,2,92.182800,500,35427,72051,0,0,663551,158.631
K_sens,DB3_Nasdaq.txt,12279,hjtopk,8.1439856665852270e-05,500,2,12,3,92.508500,500,35427,72051,0,0,663551,224.631
K_sens,DB3_Nasdaq.txt,12279,hjtopk,8.1439856665852270e-05,500,2,12,4,94.899200,500,35427,72051,0,0,663551,290.631
K_sens,DB3_Nasdaq.txt,12279,tk-no-bounds,8.1439856665852270e-05,500,2,12,0,79.262500,500,35427,72051,0,0,663551,552.631
K_sens,DB3_Nasdaq.txt,12279,tk-no-bounds,8.1439856665852270e-05,500,2,12,1,75.241000,500,35427,72051,0,0,663551,618.631
K_sens,DB3_Nasdaq.txt,12279,tk-no-bounds,8.1439856665852270e-05,500,2,12,2,74.235500,500,35427,72051,0,0,663551,684.631
K_sens,DB3_Nasdaq.txt,12279,tk-no-bounds,8.1439856665852270e-05,500,2,12,3,73.935400,500,35427,72051,0,0,663551,750.631
K_sens,DB3_Nasdaq.txt,12279,tk-no-bounds,8.1439856665852270e-05,500,2,12,4,79.221400,500,35427,72051,0,0,663551,816.631
K_sens,DB3_Nasdaq.txt,12279,tk-no-pdub,8.1439856665852270e-05,500,2,12,0,8.776200,500,1071,4333,0,2663,450025,846.631
K_sens,DB3_Nasdaq.txt,12279,tk-no-pdub,8.1439856665852270e-05,500,2,12,1,9.725700,500,1071,4333,0,2663,450025,854.631
K_sens,DB3_Nasdaq.txt,12279,tk-no-pdub,8.1439856665852270e-05,500,2,12,2,9.614100,500,1071,4333,0,2663,450025,862.631
K_sens,DB3_Nasdaq.txt,12279,tk-no-pdub,8.1439856665852270e-05,500,2,12,3,8.898500,500,1071,4333,0,2663,450025,870.631
K_sens,DB3_Nasdaq.txt,12279,tk-no-pdub,8.1439856665852270e-05,500,2,12,4,8.692800,500,1071,4333,0,2663,450025,878.631
K_sens,DB3_Nasdaq.txt,12279,tk-no-dub,8.1439856665852270e-05,500,2,12,0,9.299300,500,2174,9286,7316,0,403321,910.631
K_sens,DB3_Nasdaq.txt,12279,tk-no-dub,8.1439856665852270e-05,500,2,12,1,10.133000,500,2174,9286,7316,0,403321,918.631
K_sens,DB3_Nasdaq.txt,12279,tk-no-dub,8.1439856665852270e-05,500,2,12,2,9.203700,500,2174,9286,7316,0,403321,924.631
K_sens,DB3_Nasdaq.txt,12279,tk-no-dub,8.1439856665852270e-05,500,2,12,3,9.412100,500,2174,9286,7316,0,403321,932.631
K_sens,DB3_Nasdaq.txt,12279,tk-no-dub,8.1439856665852270e-05,500,2,12,4,9.585600,500,2174,9286,7316,0,403321,940.631
K_sens,DB3_Nasdaq.txt,12279,tk,8.1439856665852270e-05,500,2,12,0,8.461500,500,1071,4333,2363,1103,403321,968.631
K_sens,DB3_Nasdaq.txt,12279,tk,8.1439856665852270e-05,500,2,12,1,8.520000,500,1071,4333,2363,1103,403321,974.631
K_sens,DB3_Nasdaq.txt,12279,tk,8.1439856665852270e-05,500,2,12,2,10.087100,500,1071,4333,2363,1103,403321,982.631
K_sens,DB3_Nasdaq.txt,12279,tk,8.1439856665852270e-05,500,2,12,3,9.086500,500,1071,4333,2363,1103,403321,988.631
K_sens,DB3_Nasdaq.txt,12279,tk,8.1439856665852270e-05,500,2,12,4,8.276300,500,1071,4333,2363,1103,403321,996.631
L_sens,DB1_Amazon.txt,5842,hjtopk,0.00017117425539198904,50,2,8,0,10.728700,50,2892,12460,0,0,219553,1036.631
L_sens,DB1_Amazon.txt,5842,hjtopk,0.00017117425539198904,50,2,8,1,10.779700,50,2892,12460,0,0,219553,1046.631
L_sens,DB1_Amazon.txt,5842,hjtopk,0.00017117425539198904,50,2,8,2,10.433500,50,2892,12460,0,0,219553,1056.631
L_sens,DB1_Amazon.txt,5842,hjtopk,0.00017117425539198904,50,2,8,3,10.751100,50,2892,12460,0,0,219553,1068.631
L_sens,DB1_Amazon.txt,5842,hjtopk,0.00017117425539198904,50,2,8,4,10.646800,50,2892,12460,0,0,219553,1078.631
L_sens,DB1_Amazon.txt,5842,tk-no-bounds,0.00017117425539198904,50,2,8,0,10.357000,50,2892,12460,0,0,219553,1116.631
L_sens,DB1_Amazon.txt,5842,tk-no-bounds,0.00017117425539198904,50,2,8,1,9.981200,50,2892,12460,0,0,219553,1126.631
L_sens,DB1_Amazon.txt,5842,tk-no-bounds,0.00017117425539198904,50,2,8,2,10.282600,50,2892,12460,0,0,219553,1136.631
L_sens,DB1_Amazon.txt,5842,tk-no-bounds,0.00017117425539198904,50,2,8,3,9.708900,50,2892,12460,0,0,219553,1146.631
L_sens,DB1_Amazon.txt,5842,tk-no-bounds,0.00017117425539198904,50,2,8,4,10.138100,50,2892,12460,0,0,219553,1156.631
L_sens,DB1_Amazon.txt,5842,tk-no-pdub,0.00017117425539198904,50,2,8,0,1.638000,50,84,232,0,200,106217,1162.631
L_sens,DB1_Amazon.txt,5842,tk-no-pdub,0.00017117425539198904,50,2,8,1,2.020200,50,84,232,0,200,106217,1164.631
L_sens,DB1_Amazon.txt,5842,tk-no-pdub,0.00017117425539198904,50,2,8,2,1.646900,50,84,232,0,200,106217,1166.631
L_sens,DB1_Amazon.txt,5842,tk-no-pdub,0.00017117425539198904,50,2,8,3,1.889400,50,84,232,0,200,106217,1168.631
L_sens,DB1_Amazon.txt,5842,tk-no-pdub,0.00017117425539198904,50,2,8,4,1.758600,50,84,232,0,200,106217,1170.631
L_sens,DB1_Amazon.txt,5842,tk-no-dub,0.00017117425539198904,50,2,8,0,1.790700,50,188,766,613,0,95480,1176.631
L_sens,DB1_Amazon.txt,5842,tk-no-dub,0.00017117425539198904,50,2,8,1,1.841600,50,188,766,613,0,95480,1178.631
L_sens,DB1_Amazon.txt,5842,tk-no-dub,0.00017117425539198904,50,2,8,2,1.791100,50,188,766,613,0,95480,1178.631
L_sens,DB1_Amazon.txt,5842,tk-no-dub,0.00017117425539198904,50,2,8,3,1.800100,50,188,766,613,0,95480,1180.631
L_sens,DB1_Amazon.txt,5842,tk-no-dub,0.00017117425539198904,50,2,8,4,1.793500,50,188,766,613,0,95480,1182.631
L_sens,DB1_Amazon.txt,5842,tk,0.00017117425539198904,50,2,8,0,1.664100,50,84,232,79,104,95480,1188.631
L_sens,DB1_Amazon.txt,5842,tk,0.00017117425539198904,50,2,8,1,1.668100,50,84,232,79,104,95480,1190.631
L_sens,DB1_Amazon.txt,5842,tk,0.00017117425539198904,50,2,8,2,1.857800,50,84,232,79,104,95480,1190.631
L_sens,DB1_Amazon.txt,5842,tk,0.00017117425539198904,50,2,8,3,1.685900,50,84,232,79,104,95480,1192.631
L_sens,DB1_Amazon.txt,5842,tk,0.00017117425539198904,50,2,8,4,1.654500,50,84,232,79,104,95480,1194.631
L_sens,DB1_Amazon.txt,5842,hjtopk,0.00017117425539198904,50,2,12,0,37.714100,50,20878,39128,0,0,261668,115.863
L_sens,DB1_Amazon.txt,5842,hjtopk,0.00017117425539198904,50,2,12,1,36.748200,50,20878,39128,0,0,261668,151.863
L_sens,DB1_Amazon.txt,5842,hjtopk,0.00017117425539198904,50,2,12,2,36.003400,50,20878,39128,0,0,261668,187.863
L_sens,DB1_Amazon.txt,5842,hjtopk,0.00017117425539198904,50,2,12,3,40.482700,50,20878,39128,0,0,261668,223.863
L_sens,DB1_Amazon.txt,5842,hjtopk,0.00017117425539198904,50,2,12,4,42.970900,50,20878,39128,0,0,261668,259.863
L_sens,DB1_Amazon.txt,5842,tk-no-bounds,0.00017117425539198904,50,2,12,0,45.295600,50,20878,39128,0,0,261668,401.863
L_sens,DB1_Amazon.txt,5842,tk-no-bounds,0.00017117425539198904,50,2,12,1,59.805400,50,20878,39128,0,0,261668,437.863
L_sens,DB1_Amazon.txt,5842,tk-no-bounds,0.00017117425539198904,50,2,12,2,77.441900,50,20878,39128,0,0,261668,471.863
L_sens,DB1_Amazon.txt,5842,tk-no-bounds,0.00017117425539198904,50,2,12,3,77.686400,50,20878,39128,0,0,261668,507.863
L_sens,DB1_Amazon.txt,5842,tk-no-bounds,0.00017117425539198904,50,2,12,4,63.743800,50,20878,39128,0,0,261668,543.863
L_sens,DB1_Amazon.txt,5842,tk-no-pdub,0.00017117425539198904,50,2,12,0,2.279300,50,84,232,0,201,106217,549.863
L_sens,DB1_Amazon.txt,5842,tk-no-pdub,0.00017117425539198904,50,2,12,1,2.233800,50,84,232,0,201,106217,551.863
L_sens,DB1_Amazon.txt,5842,tk-no-pdub,0.00017117425539198904,50,2,12,2,2.202500,50,84,232,0,201,106217,551.863
L_sens,DB1_Amazon.txt,5842,tk-no-pdub,0.00017117425539198904,50,2,12,3,2.339000,50,84,232,0,201,106217,553.863
L_sens,DB1_Amazon.txt,5842,tk-no-pdub,0.00017117425539198904,50,2,12,4,2.666800,50,84,232,0,201,106217,555.863
L_sens,DB1_Amazon.txt,5842,tk-no-dub,0.00017117425539198904,50,2,12,0,2.501400,50,189,767,614,0,95480,561.863
L_sens,DB1_Amazon.txt,5842,tk-no-dub,0.00017117425539198904,50,2,12,1,2.480800,50,189,767,614,0,95480,563.863
L_sens,DB1_Amazon.txt,5842,tk-no-dub,0.00017117425539198904,50,2,12,2,3.069800,50,189,767,614,0,95480,565.863
L_sens,DB1_Amazon.txt,5842,tk-no-dub,0.00017117425539198904,50,2,12,3,2.452900,50,189,767,614,0,95480,565.863
L_sens,DB1_Amazon.txt,5842,tk-no-dub,0.00017117425539198904,50,2,12,4,2.632400,50,189,767,614,0,95480,567.863
L_sens,DB1_Amazon.txt,5842,tk,0.00017117425539198904,50,2,12,0,2.493100,50,84,232,79,105,95480,573.863
L_sens,DB1_Amazon.txt,5842,tk,0.00017117425539198904,50,2,12,1,2.394700,50,84,232,79,105,95480,575.863
L_sens,DB1_Amazon.txt,5842,tk,0.00017117425539198904,50,2,12,2,2.534700,50,84,232,79,105,95480,577.863
L_sens,DB1_Amazon.txt,5842,tk,0.00017117425539198904,50,2,12,3,2.311400,50,84,232,79,105,95480,577.863
L_sens,DB1_Amazon.txt,5842,tk,0.00017117425539198904,50,2,12,4,2.288200,50,84,232,79,105,95480,579.863
L_sens,DB1_Amazon.txt,5842,hjtopk,0.00017117425539198904,50,2,16,0,92.020600,50,40314,58393,0,0,281025,829.863
L_sens,DB1_Amazon.txt,5842,hjtopk,0.00017117425539198904,50,2,16,1,89.814900,50,40314,58393,0,0,281025,891.863
L_sens,DB1_Amazon.txt,5842,hjtopk,0.00017117425539198904,50,2,16,2,98.323600,50,40314,58393,0,0,281025,955.863
L_sens,DB1_Amazon.txt,5842,hjtopk,0.00017117425539198904,50,2,16,3,92.331300,50,40314,58393,0,0,281025,1015.863
L_sens,DB1_Amazon.txt,5842,hjtopk,0.00017117425539198904,50,2,16,4,82.846600,50,40314,58393,0,0,281025,1077.863
L_sens,DB1_Amazon.txt,5842,tk-no-bounds,0.00017117425539198904,50,2,16,0,82.961900,50,40314,58393,0,0,281025,103.558
L_sens,DB1_Amazon.txt,5842,tk-no-bounds,0.00017117425539198904,50,2,16,1,83.511100,50,40314,58393,0,0,281025,167.558
L_sens,DB1_Amazon.txt,5842,tk-no-bounds,0.00017117425539198904,50,2,16,2,89.412500,50,40314,58393,0,0,281025,229.558
L_sens,DB1_Amazon.txt,5842,tk-no-bounds,0.00017117425539198904,50,2,16,3,87.616800,50,40314,58393,0,0,281025,291.558
L_sens,DB1_Amazon.txt,5842,tk-no-bounds,0.00017117425539198904,50,2,16,4,92.518000,50,40314,58393,0,0,281025,355.558
L_sens,DB1_Amazon.txt,5842,tk-no-pdub,0.00017117425539198904,50,2,16,0,2.043200,50,84,232,0,201,106217,361.558
L_sens,DB1_Amazon.txt,5842,tk-no-pdub,0.00017117425539198904,50,2,16,1,2.050100,50,84,232,0,201,106217,363.558
L_sens,DB1_Amazon.txt,5842,tk-no-pdub,0.00017117425539198904,50,2,16,2,2.057900,50,84,232,0,201,106217,363.558
L_sens,DB1_Amazon.txt,5842,tk-no-pdub,0.00017117425539198904,50,2,16,3,2.103100,50,84,232,0,201,106217,365.558
L_sens,DB1_Amazon.txt,5842,tk-no-pdub,0.00017117425539198904,50,2,16,4,2.142900,50,84,232,0,201,106217,367.558
L_sens,DB1_Amazon.txt,5842,tk-no-dub,0.00017117425539198904,50,2,16,0,2.373200,50,189,767,614,0,95480,373.558
L_sens,DB1_Amazon.txt,5842,tk-no-dub,0.00017117425539198904,50,2,16,1,2.372200,50,189,767,614,0,95480,375.558
L_sens,DB1_Amazon.txt,5842,tk-no-dub,0.00017117425539198904,50,2,16,2,2.371200,50,189,767,614,0,95480,377.558
L_sens,DB1_Amazon.txt,5842,tk-no-dub,0.00017117425539198904,50,2,16,3,2.568800,50,189,767,614,0,95480,379.558
L_sens,DB1_Amazon.txt,5842,tk-no-dub,0.00017117425539198904,50,2,16,4,2.397600,50,189,767,614,0,95480,379.558
L_sens,DB1_Amazon.txt,5842,tk,0.00017117425539198904,50,2,16,0,2.180200,50,84,232,79,105,95480,385.558
L_sens,DB1_Amazon.txt,5842,tk,0.00017117425539198904,50,2,16,1,2.184600,50,84,232,79,105,95480,387.558
L_sens,DB1_Amazon.txt,5842,tk,0.00017117425539198904,50,2,16,2,2.633300,50,84,232,79,105,95480,389.558
L_sens,DB1_Amazon.txt,5842,tk,0.00017117425539198904,50,2,16,3,2.180900,50,84,232,79,105,95480,391.558
L_sens,DB1_Amazon.txt,5842,tk,0.00017117425539198904,50,2,16,4,2.148000,50,84,232,79,105,95480,391.558
k_sens,DB1_Amazon.txt,5842,hjtopk,4.2793563847997260e-05,50,2,12,0,58.793600,50,20878,39128,0,0,261668,535.558
k_sens,DB1_Amazon.txt,5842,hjtopk,4.2793563847997260e-05,50,2,12,1,55.612000,50,20878,39128,0,0,261668,571.558
k_sens,DB1_Amazon.txt,5842,hjtopk,4.2793563847997260e-05,50,2,12,2,57.185000,50,20878,39128,0,0,261668,607.558
k_sens,DB1_Amazon.txt,5842,hjtopk,4.2793563847997260e-05,50,2,12,3,53.621600,50,20878,39128,0,0,261668,643.558
k_sens,DB1_Amazon.txt,5842,hjtopk,4.2793563847997260e-05,50,2,12,4,47.386700,50,20878,39128,0,0,261668,679.558
k_sens,DB1_Amazon.txt,5842,tk-no-bounds,4.2793563847997260e-05,50,2,12,0,41.506100,50,20878,39128,0,0,261668,821.558
k_sens,DB1_Amazon.txt,5842,tk-no-bounds,4.2793563847997260e-05,50,2,12,1,39.645000,50,20878,39128,0,0,261668,855.558
k_sens,DB1_Amazon.txt,5842,tk-no-bounds,4.2793563847997260e-05,50,2,12,2,40.563800,50,20878,39128,0,0,261668,891.558
k_sens,DB1_Amazon.txt,5842,tk-no-bounds,4.2793563847997260e-05,50,2,12,3,41.643300,50,20878,39128,0,0,261668,927.558
k_sens,DB1_Amazon.txt,5842,tk-no-bounds,4.2793563847997260e-05,50,2,12,4,40.881300,50,20878,39128,0,0,261668,963.558
k_sens,DB1_Amazon.txt,5842,tk-no-pdub,4.2793563847997260e-05,50,2,12,0,1.912800,50,86,236,0,204,106628,969.558
k_sens,DB1_Amazon.txt,5842,tk-no-pdub,4.2793563847997260e-05,50,2,12,1,1.697800,50,86,236,0,204,106628,971.558
k_sens,DB1_Amazon.txt,5842,tk-no-pdub,4.2793563847997260e-05,50,2,12,2,1.707900,50,86,236,0,204,106628,971.558
k_sens,DB1_Amazon.txt,5842,tk-no-pdub,4.2793563847997260e-05,50,2,12,3,1.701600,50,86,236,0,204,106628,973.558
k_sens,DB1_Amazon.txt,5842,tk-no-pdub,4.2793563847997260e-05,50,2,12,4,1.694200,50,86,236,0,204,106628,975.558
k_sens,DB1_Amazon.txt,5842,tk-no-dub,4.2793563847997260e-05,50,2,12,0,1.901400,50,190,770,616,0,95781,981.558
k_sens,DB1_Amazon.txt,5842,tk-no-dub,4.2793563847997260e-05,50,2,12,1,1.961600,50,190,770,616,0,95781,983.558
k_sens,DB1_Amazon.txt,5842,tk-no-dub,4.2793563847997260e-05,50,2,12,2,1.855500,50,190,770,616,0,95781,985.558
k_sens,DB1_Amazon.txt,5842,tk-no-dub,4.2793563847997260e-05,50,2,12,3,1.851400,50,190,770,616,0,95781,985.558
k_sens,DB1_Amazon.txt,5842,tk-no-dub,4.2793563847997260e-05,50,2,12,4,1.854300,50,190,770,616,0,95781,987.558
k_sens,DB1_Amazon.txt,5842,tk,4.2793563847997260e-05,50,2,12,0,1.801500,50,86,236,82,104,95781,993.558
k_sens,DB1_Amazon.txt,5842,tk,4.2793563847997260e-05,50,2,12,1,1.761900,50,86,236,82,104,95781,995.558
k_sens,DB1_Amazon.txt,5842,tk,4.2793563847997260e-05,50,2,12,2,1.775600,50,86,236,82,104,95781,997.558
k_sens,DB1_Amazon.txt,5842,tk,4.2793563847997260e-05,50,2,12,3,1.725100,50,86,236,82,104,95781,997.558
k_sens,DB1_Amazon.txt,5842,tk,4.2793563847997260e-05,50,2,12,4,1.750100,50,86,236,82,104,95781,999.558
k_sens,DB1_Amazon.txt,5842,hjtopk,8.5587127695994520e-05,50,2,12,0,47.786200,50,20878,39128,0,0,261668,1143.558
k_sens,DB1_Amazon.txt,5842,hjtopk,8.5587127695994520e-05,50,2,12,1,52.867800,50,20878,39128,0,0,261668,1179.558
k_sens,DB1_Amazon.txt,5842,hjtopk,8.5587127695994520e-05,50,2,12,2,52.886200,50,20878,39128,0,0,261668,1213.558
k_sens,DB1_Amazon.txt,5842,hjtopk,8.5587127695994520e-05,50,2,12,3,49.202500,50,20878,39128,0,0,261668,1225.558
k_sens,DB1_Amazon.txt,5842,hjtopk,8.5587127695994520e-05,50,2,12,4,47.423000,50,20878,39128,0,0,261668,61.239
k_sens,DB1_Amazon.txt,5842,tk-no-bounds,8.5587127695994520e-05,50,2,12,0,43.786200,50,20878,39128,0,0,261668,203.239
k_sens,DB1_Amazon.txt,5842,tk-no-bounds,8.5587127695994520e-05,50,2,12,1,44.707500,50,20878,39128,0,0,261668,239.239
k_sens,DB1_Amazon.txt,5842,tk-no-bounds,8.5587127695994520e-05,50,2,12,2,43.171400,50,20878,39128,0,0,261668,275.239
k_sens,DB1_Amazon.txt,5842,tk-no-bounds,8.5587127695994520e-05,50,2,12,3,44.954000,50,20878,39128,0,0,261668,309.239
k_sens,DB1_Amazon.txt,5842,tk-no-bounds,8.5587127695994520e-05,50,2,12,4,43.529200,50,20878,39128,0,0,261668,345.239
k_sens,DB1_Amazon.txt,5842,tk-no-pdub,8.5587127695994520e-05,50,2,12,0,1.681500,50,85,233,0,201,106344,351.239
k_sens,DB1_Amazon.txt,5842,tk-no-pdub,8.5587127695994520e-05,50,2,12,1,1.681000,50,85,233,0,201,106344,353.239
k_sens,DB1_Amazon.txt,5842,tk-no-pdub,8.5587127695994520e-05,50,2,12,2,1.692300,50,85,233,0,201,106344,355.239
k_sens,DB1_Amazon.txt,5842,tk-no-pdub,8.5587127695994520e-05,50,2,12,3,2.475800,50,85,233,0,201,106344,357.239
k_sens,DB1_Amazon.txt,5842,tk-no-pdub,8.5587127695994520e-05,50,2,12,4,1.950500,50,85,233,0,201,106344,357.239
k_sens,DB1_Amazon.txt,5842,tk-no-dub,8.5587127695994520e-05,50,2,12,0,1.998000,50,190,770,616,0,95781,363.239
k_sens,DB1_Amazon.txt,5842,tk-no-dub,8.5587127695994520e-05,50,2,12,1,1.850100,50,190,770,616,0,95781,365.239
k_sens,DB1_Amazon.txt,5842,tk-no-dub,8.5587127695994520e-05,50,2,12,2,1.962100,50,190,770,616,0,95781,367.239
k_sens,DB1_Amazon.txt,5842,tk-no-dub,8.5587127695994520e-05,50,2,12,3,2.266900,50,190,770,616,0,95781,369.239
k_sens,DB1_Amazon.txt,5842,tk-no-dub,8.5587127695994520e-05,50,2,12,4,2.096900,50,190,770,616,0,95781,371.239
k_sens,DB1_Amazon.txt,5842,tk,8.5587127695994520e-05,50,2,12,0,1.736400,50,85,233,79,105,95781,377.239
k_sens,DB1_Amazon.txt,5842,tk,8.5587127695994520e-05,50,2,12,1,1.740000,50,85,233,79,105,95781,377.239
k_sens,DB1_Amazon.txt,5842,tk,8.5587127695994520e-05,50,2,12,2,2.189400,50,85,233,79,105,95781,379.239
k_sens,DB1_Amazon.txt,5842,tk,8.5587127695994520e-05,50,2,12,3,1.977200,50,85,233,79,105,95781,381.239
k_sens,DB1_Amazon.txt,5842,tk,8.5587127695994520e-05,50,2,12,4,2.030900,50,85,233,79,105,95781,383.239
k_sens,DB1_Amazon.txt,5842,hjtopk,0.00017117425539198904,50,2,12,0,48.117300,50,20878,39128,0,0,261668,525.239
k_sens,DB1_Amazon.txt,5842,hjtopk,0.00017117425539198904,50,2,12,1,49.316200,50,20878,39128,0,0,261668,561.239
k_sens,DB1_Amazon.txt,5842,hjtopk,0.00017117425539198904,50,2,12,2,49.451600,50,20878,39128,0,0,261668,597.239
k_sens,DB1_Amazon.txt,5842,hjtopk,0.00017117425539198904,50,2,12,3,47.535800,50,20878,39128,0,0,261668,633.239
k_sens,DB1_Amazon.txt,5842,hjtopk,0.00017117425539198904,50,2,12,4,47.183200,50,20878,39128,0,0,261668,669.239
k_sens,DB1_Amazon.txt,5842,tk-no-bounds,0.00017117425539198904,50,2,12,0,50.186100,50,20878,39128,0,0,261668,811.239
k_sens,DB1_Amazon.txt,5842,tk-no-bounds,0.00017117425539198904,50,2,12,1,47.235700,50,20878,39128,0,0,261668,845.239
k_sens,DB1_Amazon.txt,5842,tk-no-bounds,0.00017117425539198904,50,2,12,2,43.918900,50,20878,39128,0,0,261668,881.239
k_sens,DB1_Amazon.txt,5842,tk-no-bounds,0.00017117425539198904,50,2,12,3,43.174700,50,20878,39128,0,0,261668,917.239
k_sens,DB1_Amazon.txt,5842,tk-no-bounds,0.00017117425539198904,50,2,12,4,40.859200,50,20878,39128,0,0,261668,953.239
k_sens,DB1_Amazon.txt,5842,tk-no-pdub,0.00017117425539198904,50,2,12,0,1.818700,50,84,232,0,201,106217,959.239
k_sens,DB1_Amazon.txt,5842,tk-no-pdub,0.00017117425539198904,50,2,12,1,1.799600,50,84,232,0,201,106217,959.239
k_sens,DB1_Amazon.txt,5842,tk-no-pdub,0.00017117425539198904,50,2,12,2,1.802500,50,84,232,0,201,106217,961.239
k_sens,DB1_Amazon.txt,5842,tk-no-pdub,0.00017117425539198904,50,2,12,3,1.807900,50,84,232,0,201,106217,963.239
k_sens,DB1_Amazon.txt,5842,tk-no-pdub,0.00017117425539198904,50,2,12,4,1.915000,50,84,232,0,201,106217,965.239
k_sens,DB1_Amazon.txt,5842,tk-no-dub,0.00017117425539198904,50,2,12,0,2.006300,50,189,767,614,0,95480,971.239
k_sens,DB1_Amazon.txt,5842,tk-no-dub,0.00017117425539198904,50,2,12,1,1.969100,50,189,767,614,0,95480,973.239
k_sens,DB1_Amazon.txt,5842,tk-no-dub,0.00017117425539198904,50,2,12,2,1.961300,50,189,767,614,0,95480,973.239
k_sens,DB1_Amazon.txt,5842,tk-no-dub,0.00017117425539198904,50,2,12,3,1.965500,50,189,767,614,0,95480,975.239
k_sens,DB1_Amazon.txt,5842,tk-no-dub,0.00017117425539198904,50,2,12,4,1.939800,50,189,767,614,0,95480,977.239
k_sens,DB1_Amazon.txt,5842,tk,0.00017117425539198904,50,2,12,0,1.795700,50,84,232,79,105,95480,983.239
k_sens,DB1_Amazon.txt,5842,tk,0.00017117425539198904,50,2,12,1,1.780000,50,84,232,79,105,95480,985.239
k_sens,DB1_Amazon.txt,5842,tk,0.00017117425539198904,50,2,12,2,1.776600,50,84,232,79,105,95480,987.239
k_sens,DB1_Amazon.txt,5842,tk,0.00017117425539198904,50,2,12,3,1.773100,50,84,232,79,105,95480,987.239
k_sens,DB1_Amazon.txt,5842,tk,0.00017117425539198904,50,2,12,4,1.772400,50,84,232,79,105,95480,989.239
k_sens,DB1_Amazon.txt,5842,hjtopk,0.00034234851078397807,50,2,12,0,45.068000,50,20878,39128,0,0,261668,1131.239
k_sens,DB1_Amazon.txt,5842,hjtopk,0.00034234851078397807,50,2,12,1,43.637400,50,20878,39128,0,0,261668,1167.239
k_sens,DB1_Amazon.txt,5842,hjtopk,0.00034234851078397807,50,2,12,2,44.052900,50,20878,39128,0,0,261668,1203.239
k_sens,DB1_Amazon.txt,5842,hjtopk,0.00034234851078397807,50,2,12,3,42.964800,50,20878,39128,0,0,261668,1227.239
k_sens,DB1_Amazon.txt,5842,hjtopk,0.00034234851078397807,50,2,12,4,39.886500,50,20878,39128,0,0,261668,51.315
k_sens,DB1_Amazon.txt,5842,tk-no-bounds,0.00034234851078397807,50,2,12,0,38.408400,50,20878,39128,0,0,261668,193.315
k_sens,DB1_Amazon.txt,5842,tk-no-bounds,0.00034234851078397807,50,2,12,1,37.598600,50,20878,39128,0,0,261668,229.315
k_sens,DB1_Amazon.txt,5842,tk-no-bounds,0.00034234851078397807,50,2,12,2,37.231400,50,20878,39128,0,0,261668,263.315
k_sens,DB1_Amazon.txt,5842,tk-no-bounds,0.00034234851078397807,50,2,12,3,38.569200,50,20878,39128,0,0,261668,299.315
k_sens,DB1_Amazon.txt,5842,tk-no-bounds,0.00034234851078397807,50,2,12,4,37.888600,50,20878,39128,0,0,261668,335.315
k_sens,DB1_Amazon.txt,5842,tk-no-pdub,0.00034234851078397807,50,2,12,0,1.638800,50,86,242,0,213,107752,341.315
k_sens,DB1_Amazon.txt,5842,tk-no-pdub,0.00034234851078397807,50,2,12,1,1.654500,50,86,242,0,213,107752,343.315
k_sens,DB1_Amazon.txt,5842,tk-no-pdub,0.00034234851078397807,50,2,12,2,1.645300,50,86,242,0,213,107752,345.315
k_sens,DB1_Amazon.txt,5842,tk-no-pdub,0.00034234851078397807,50,2,12,3,1.645100,50,86,242,0,213,107752,345.315
k_sens,DB1_Amazon.txt,5842,tk-no-pdub,0.00034234851078397807,50,2,12,4,1.737800,50,86,242,0,213,107752,347.315
k_sens,DB1_Amazon.txt,5842,tk-no-dub,0.00034234851078397807,50,2,12,0,1.790100,50,189,767,614,0,95480,353.315
k_sens,DB1_Amazon.txt,5842,tk-no-dub,0.00034234851078397807,50,2,12,1,1.946500,50,189,767,614,0,95480,355.315
k_sens,DB1_Amazon.txt,5842,tk-no-dub,0.00034234851078397807,50,2,12,2,1.949700,50,189,767,614,0,95480,357.315
k_sens,DB1_Amazon.txt,5842,tk-no-dub,0.00034234851078397807,50,2,12,3,1.735200,50,189,767,614,0,95480,359.315
k_sens,DB1_Amazon.txt,5842,tk-no-dub,0.00034234851078397807,50,2,12,4,1.769900,50,189,767,614,0,95480,361.315
k_sens,DB1_Amazon.txt,5842,tk,0.00034234851078397807,50,2,12,0,1.629700,50,86,242,89,103,95480,367.315
k_sens,DB1_Amazon.txt,5842,tk,0.00034234851078397807,50,2,12,1,1.616300,50,86,242,89,103,95480,367.315
k_sens,DB1_Amazon.txt,5842,tk,0.00034234851078397807,50,2,12,2,1.629800,50,86,242,89,103,95480,369.315
k_sens,DB1_Amazon.txt,5842,tk,0.00034234851078397807,50,2,12,3,1.631400,50,86,242,89,103,95480,371.315
k_sens,DB1_Amazon.txt,5842,tk,0.00034234851078397807,50,2,12,4,1.663100,50,86,242,89,103,95480,371.315
k_sens,DB1_Amazon.txt,5842,hjtopk,0.00068469702156795610,50,2,12,0,40.749600,50,20878,39128,0,0,261668,515.315
k_sens,DB1_Amazon.txt,5842,hjtopk,0.00068469702156795610,50,2,12,1,45.050100,50,20878,39128,0,0,261668,551.315
k_sens,DB1_Amazon.txt,5842,hjtopk,0.00068469702156795610,50,2,12,2,45.840700,50,20878,39128,0,0,261668,587.315
k_sens,DB1_Amazon.txt,5842,hjtopk,0.00068469702156795610,50,2,12,3,51.844100,50,20878,39128,0,0,261668,623.315
k_sens,DB1_Amazon.txt,5842,hjtopk,0.00068469702156795610,50,2,12,4,46.052400,50,20878,39128,0,0,261668,659.315
k_sens,DB1_Amazon.txt,5842,tk-no-bounds,0.00068469702156795610,50,2,12,0,47.406800,50,20878,39128,0,0,261668,799.315
k_sens,DB1_Amazon.txt,5842,tk-no-bounds,0.00068469702156795610,50,2,12,1,51.517600,50,20878,39128,0,0,261668,835.315
k_sens,DB1_Amazon.txt,5842,tk-no-bounds,0.00068469702156795610,50,2,12,2,46.463000,50,20878,39128,0,0,261668,871.315
k_sens,DB1_Amazon.txt,5842,tk-no-bounds,0.00068469702156795610,50,2,12,3,42.617200,50,20878,39128,0,0,261668,907.315
k_sens,DB1_Amazon.txt,5842,tk-no-bounds,0.00068469702156795610,50,2,12,4,41.591000,50,20878,39128,0,0,261668,941.315
k_sens,DB1_Amazon.txt,5842,tk-no-pdub,0.00068469702156795610,50,2,12,0,1.826400,50,87,241,0,209,107757,949.315
k_sens,DB1_Amazon.txt,5842,tk-no-pdub,0.00068469702156795610,50,2,12,1,1.998900,50,87,241,0,209,107757,949.315
k_sens,DB1_Amazon.txt,5842,tk-no-pdub,0.00068469702156795610,50,2,12,2,1.914000,50,87,241,0,209,107757,951.315
k_sens,DB1_Amazon.txt,5842,tk-no-pdub,0.00068469702156795610,50,2,12,3,1.829800,50,87,241,0,209,107757,953.315
k_sens,DB1_Amazon.txt,5842,tk-no-pdub,0.00068469702156795610,50,2,12,4,1.888800,50,87,241,0,209,107757,955.315
k_sens,DB1_Amazon.txt,5842,tk-no-dub,0.00068469702156795610,50,2,12,0,1.960400,50,183,762,614,0,94377,961.315
k_sens,DB1_Amazon.txt,5842,tk-no-dub,0.00068469702156795610,50,2,12,1,2.088800,50,183,762,614,0,94377,963.315
k_sens,DB1_Amazon.txt,5842,tk-no-dub,0.00068469702156795610,50,2,12,2,2.096600,50,183,762,614,0,94377,963.315
k_sens,DB1_Amazon.txt,5842,tk-no-dub,0.00068469702156795610,50,2,12,3,1.948300,50,183,762,614,0,94377,965.315
k_sens,DB1_Amazon.txt,5842,tk-no-dub,0.00068469702156795610,50,2,12,4,1.987700,50,183,762,614,0,94377,967.315
k_sens,DB1_Amazon.txt,5842,tk,0.00068469702156795610,50,2,12,0,1.880800,50,87,241,93,96,94377,973.315
k_sens,DB1_Amazon.txt,5842,tk,0.00068469702156795610,50,2,12,1,1.877300,50,87,241,93,96,94377,975.315
k_sens,DB1_Amazon.txt,5842,tk,0.00068469702156795610,50,2,12,2,1.934900,50,87,241,93,96,94377,975.315
k_sens,DB1_Amazon.txt,5842,tk,0.00068469702156795610,50,2,12,3,1.837300,50,87,241,93,96,94377,977.315
k_sens,DB1_Amazon.txt,5842,tk,0.00068469702156795610,50,2,12,4,1.916300,50,87,241,93,96,94377,979.315
k_sens,DB8_GE_US.txt,14058,hjtopk,1.7783468487693840e-05,50,2,12,0,33.327700,50,16697,31931,0,0,330778,1099.315
k_sens,DB8_GE_US.txt,14058,hjtopk,1.7783468487693840e-05,50,2,12,1,37.151300,50,16697,31931,0,0,330778,1127.315
k_sens,DB8_GE_US.txt,14058,hjtopk,1.7783468487693840e-05,50,2,12,2,37.238600,50,16697,31931,0,0,330778,1157.315
k_sens,DB8_GE_US.txt,14058,hjtopk,1.7783468487693840e-05,50,2,12,3,35.589600,50,16697,31931,0,0,330778,1187.315
k_sens,DB8_GE_US.txt,14058,hjtopk,1.7783468487693840e-05,50,2,12,4,38.779600,50,16697,31931,0,0,330778,1215.315
k_sens,DB8_GE_US.txt,14058,tk-no-bounds,1.7783468487693840e-05,50,2,12,0,32.400500,50,16697,31931,0,0,330778,106.714
k_sens,DB8_GE_US.txt,14058,tk-no-bounds,1.7783468487693840e-05,50,2,12,1,32.166600,50,16697,31931,0,0,330778,136.714
k_sens,DB8_GE_US.txt,14058,tk-no-bounds,1.7783468487693840e-05,50,2,12,2,32.634100,50,16697,31931,0,0,330778,166.714
k_sens,DB8_GE_US.txt,14058,tk-no-bounds,1.7783468487693840e-05,50,2,12,3,32.951000,50,16697,31931,0,0,330778,194.714
k_sens,DB8_GE_US.txt,14058,tk-no-bounds,1.7783468487693840e-05,50,2,12,4,31.413300,50,16697,31931,0,0,330778,224.714
k_sens,DB8_GE_US.txt,14058,tk-no-pdub,1.7783468487693840e-05,50,2,12,0,2.547500,50,83,232,0,204,170440,232.714
k_sens,DB8_GE_US.txt,14058,tk-no-pdub,1.7783468487693840e-05,50,2,12,1,2.475200,50,83,232,0,204,170440,234.714
k_sens,DB8_GE_US.txt,14058,tk-no-pdub,1.7783468487693840e-05,50,2,12,2,2.637000,50,83,232,0,204,170440,238.714
k_sens,DB8_GE_US.txt,14058,tk-no-pdub,1.7783468487693840e-05,50,2,12,3,2.485200,50,83,232,0,204,170440,240.714
k_sens,DB8_GE_US.txt,14058,tk-no-pdub,1.7783468487693840e-05,50,2,12,4,2.475800,50,83,232,0,204,170440,242.714
k_sens,DB8_GE_US.txt,14058,tk-no-dub,1.7783468487693840e-05,50,2,12,0,2.830500,50,190,770,616,0,156966,250.714
k_sens,DB8_GE_US.txt,14058,tk-no-dub,1.7783468487693840e-05,50,2,12,1,2.776400,50,190,770,616,0,156966,254.714
k_sens,DB8_GE_US.txt,14058,tk-no-dub,1.7783468487693840e-05,50,2,12,2,2.739800,50,190,770,616,0,156966,256.714
k_sens,DB8_GE_US.txt,14058,tk-no-dub,1.7783468487693840e-05,50,2,12,3,2.734200,50,190,770,616,0,156966,258.714
k_sens,DB8_GE_US.txt,14058,tk-no-dub,1.7783468487693840e-05,50,2,12,4,2.758500,50,190,770,616,0,156966,260.714
k_sens,DB8_GE_US.txt,14058,tk,1.7783468487693840e-05,50,2,12,0,2.564100,50,83,232,78,107,156966,268.714
k_sens,DB8_GE_US.txt,14058,tk,1.7783468487693840e-05,50,2,12,1,2.629300,50,83,232,78,107,156966,270.714
k_sens,DB8_GE_US.txt,14058,tk,1.7783468487693840e-05,50,2,12,2,2.594400,50,83,232,78,107,156966,272.714
k_sens,DB8_GE_US.txt,14058,tk,1.7783468487693840e-05,50,2,12,3,2.664500,50,83,232,78,107,156966,274.821
k_sens,DB8_GE_US.txt,14058,tk,1.7783468487693840e-05,50,2,12,4,2.609600,50,83,232,78,107,156966,278.714
k_sens,DB8_GE_US.txt,14058,hjtopk,3.5566936975387680e-05,50,2,12,0,32.238700,50,16697,31931,0,0,330778,394.714
k_sens,DB8_GE_US.txt,14058,hjtopk,3.5566936975387680e-05,50,2,12,1,32.527700,50,16697,31931,0,0,330778,424.714
k_sens,DB8_GE_US.txt,14058,hjtopk,3.5566936975387680e-05,50,2,12,2,31.215800,50,16697,31931,0,0,330778,454.714
k_sens,DB8_GE_US.txt,14058,hjtopk,3.5566936975387680e-05,50,2,12,3,37.217800,50,16697,31931,0,0,330778,482.714
k_sens,DB8_GE_US.txt,14058,hjtopk,3.5566936975387680e-05,50,2,12,4,35.455300,50,16697,31931,0,0,330778,512.714
k_sens,DB8_GE_US.txt,14058,tk-no-bounds,3.5566936975387680e-05,50,2,12,0,39.801700,50,16697,31931,0,0,330778,628.714
k_sens,DB8_GE_US.txt,14058,tk-no-bounds,3.5566936975387680e-05,50,2,12,1,38.970800,50,16697,31931,0,0,330778,658.714
k_sens,DB8_GE_US.txt,14058,tk-no-bounds,3.5566936975387680e-05,50,2,12,2,39.634900,50,16697,31931,0,0,330778,686.714
k_sens,DB8_GE_US.txt,14058,tk-no-bounds,3.5566936975387680e-05,50,2,12,3,37.898100,50,16697,31931,0,0,330778,716.714
k_sens,DB8_GE_US.txt,14058,tk-no-bounds,3.5566936975387680e-05,50,2,12,4,38.036000,50,16697,31931,0,0,330778,746.714
k_sens,DB8_GE_US.txt,14058,tk-no-pdub,3.5566936975387680e-05,50,2,12,0,3.524400,50,82,228,0,199,169687,754.714
k_sens,DB8_GE_US.txt,14058,tk-no-pdub,3.5566936975387680e-05,50,2,12,1,2.855700,50,82,228,0,199,169687,756.714
k_sens,DB8_GE_US.txt,14058,tk-no-pdub,3.5566936975387680e-05,50,2,12,2,2.882900,50,82,228,0,199,169687,758.714
k_sens,DB8_GE_US.txt,14058,tk-no-pdub,3.5566936975387680e-05,50,2,12,3,3.066600,50,82,228,0,199,169687,760.714
k_sens,DB8_GE_US.txt,14058,tk-no-pdub,3.5566936975387680e-05,50,2,12,4,2.877600,50,82,228,0,199,169687,764.714
k_sens,DB8_GE_US.txt,14058,tk-no-dub,3.5566936975387680e-05,50,2,12,0,3.123800,50,190,770,616,0,156966,772.714
k_sens,DB8_GE_US.txt,14058,tk-no-dub,3.5566936975387680e-05,50,2,12,1,3.169400,50,190,770,616,0,156966,774.714
k_sens,DB8_GE_US.txt,14058,tk-no-dub,3.5566936975387680e-05,50,2,12,2,3.428200,50,190,770,616,0,156966,776.714
k_sens,DB8_GE_US.txt,14058,tk-no-dub,3.5566936975387680e-05,50,2,12,3,3.181300,50,190,770,616,0,156966,780.714
k_sens,DB8_GE_US.txt,14058,tk-no-dub,3.5566936975387680e-05,50,2,12,4,3.209200,50,190,770,616,0,156966,782.714
k_sens,DB8_GE_US.txt,14058,tk,3.5566936975387680e-05,50,2,12,0,3.389300,50,82,228,74,108,156966,790.714
k_sens,DB8_GE_US.txt,14058,tk,3.5566936975387680e-05,50,2,12,1,2.982600,50,82,228,74,108,156966,792.714
k_sens,DB8_GE_US.txt,14058,tk,3.5566936975387680e-05,50,2,12,2,3.038400,50,82,228,74,108,156966,794.714
k_sens,DB8_GE_US.txt,14058,tk,3.5566936975387680e-05,50,2,12,3,3.204700,50,82,228,74,108,156966,796.714
k_sens,DB8_GE_US.txt,14058,tk,3.5566936975387680e-05,50,2,12,4,3.047400,50,82,228,74,108,156966,798.759
k_sens,DB8_GE_US.txt,14058,hjtopk,7.1133873950775350e-05,50,2,12,0,38.182200,50,16697,31931,0,0,330778,916.714
k_sens,DB8_GE_US.txt,14058,hjtopk,7.1133873950775350e-05,50,2,12,1,36.270600,50,16697,31931,0,0,330778,946.714
k_sens,DB8_GE_US.txt,14058,hjtopk,7.1133873950775350e-05,50,2,12,2,35.106400,50,16697,31931,0,0,330778,974.714
k_sens,DB8_GE_US.txt,14058,hjtopk,7.1133873950775350e-05,50,2,12,3,34.405000,50,16697,31931,0,0,330778,1004.714
k_sens,DB8_GE_US.txt,14058,hjtopk,7.1133873950775350e-05,50,2,12,4,33.488800,50,16697,31931,0,0,330778,1034.714
k_sens,DB8_GE_US.txt,14058,tk-no-bounds,7.1133873950775350e-05,50,2,12,0,32.537500,50,16697,31931,0,0,330778,1150.714
k_sens,DB8_GE_US.txt,14058,tk-no-bounds,7.1133873950775350e-05,50,2,12,1,39.232000,50,16697,31931,0,0,330778,1180.714
k_sens,DB8_GE_US.txt,14058,tk-no-bounds,7.1133873950775350e-05,50,2,12,2,37.314000,50,16697,31931,0,0,330778,1208.714
k_sens,DB8_GE_US.txt,14058,tk-no-bounds,7.1133873950775350e-05,50,2,12,3,36.638300,50,16697,31931,0,0,330778,1228.714
k_sens,DB8_GE_US.txt,14058,tk-no-bounds,7.1133873950775350e-05,50,2,12,4,38.410200,50,16697,31931,0,0,330778,41.779
k_sens,DB8_GE_US.txt,14058,tk-no-pdub,7.1133873950775350e-05,50,2,12,0,2.730600,50,83,231,0,201,170180,51.779
k_sens,DB8_GE_US.txt,14058,tk-no-pdub,7.1133873950775350e-05,50,2,12,1,2.733200,50,83,231,0,201,170180,53.779
k_sens,DB8_GE_US.txt,14058,tk-no-pdub,7.1133873950775350e-05,50,2,12,2,2.714600,50,83,231,0,201,170180,55.779
k_sens,DB8_GE_US.txt,14058,tk-no-pdub,7.1133873950775350e-05,50,2,12,3,2.927300,50,83,231,0,201,170180,57.779
k_sens,DB8_GE_US.txt,14058,tk-no-pdub,7.1133873950775350e-05,50,2,12,4,2.714800,50,83,231,0,201,170180,59.779
k_sens,DB8_GE_US.txt,14058,tk-no-dub,7.1133873950775350e-05,50,2,12,0,2.960700,50,190,770,616,0,156966,69.779
k_sens,DB8_GE_US.txt,14058,tk-no-dub,7.1133873950775350e-05,50,2,12,1,3.094500,50,190,770,616,0,156966,71.779
k_sens,DB8_GE_US.txt,14058,tk-no-dub,7.1133873950775350e-05,50,2,12,2,3.045300,50,190,770,616,0,156966,73.779
k_sens,DB8_GE_US.txt,14058,tk-no-dub,7.1133873950775350e-05,50,2,12,3,2.876200,50,190,770,616,0,156966,75.779
k_sens,DB8_GE_US.txt,14058,tk-no-dub,7.1133873950775350e-05,50,2,12,4,2.997300,50,190,770,616,0,156966,77.779
k_sens,DB8_GE_US.txt,14058,tk,7.1133873950775350e-05,50,2,12,0,2.742300,50,83,231,77,107,156966,87.779
k_sens,DB8_GE_US.txt,14058,tk,7.1133873950775350e-05,50,2,12,1,2.744800,50,83,231,77,107,156966,89.779
k_sens,DB8_GE_US.txt,14058,tk,7.1133873950775350e-05,50,2,12,2,2.759400,50,83,231,77,107,156966,91.779
k_sens,DB8_GE_US.txt,14058,tk,7.1133873950775350e-05,50,2,12,3,2.780700,50,83,231,77,107,156966,93.779
k_sens,DB8_GE_US.txt,14058,tk,7.1133873950775350e-05,50,2,12,4,2.821000,50,83,231,77,107,156966,95.779
k_sens,DB8_GE_US.txt,14058,hjtopk,0.00014226774790155070,50,2,12,0,33.612500,50,16697,31931,0,0,330778,213.779
k_sens,DB8_GE_US.txt,14058,hjtopk,0.00014226774790155070,50,2,12,1,30.996300,50,16697,31931,0,0,330778,241.779
k_sens,DB8_GE_US.txt,14058,hjtopk,0.00014226774790155070,50,2,12,2,32.076700,50,16697,31931,0,0,330778,271.779
k_sens,DB8_GE_US.txt,14058,hjtopk,0.00014226774790155070,50,2,12,3,32.258600,50,16697,31931,0,0,330778,301.779
k_sens,DB8_GE_US.txt,14058,hjtopk,0.00014226774790155070,50,2,12,4,32.564000,50,16697,31931,0,0,330778,329.779
k_sens,DB8_GE_US.txt,14058,tk-no-bounds,0.00014226774790155070,50,2,12,0,30.079200,50,16697,31931,0,0,330778,447.779
k_sens,DB8_GE_US.txt,14058,tk-no-bounds,0.00014226774790155070,50,2,12,1,31.071400,50,16697,31931,0,0,330778,475.779
k_sens,DB8_GE_US.txt,14058,tk-no-bounds,0.00014226774790155070,50,2,12,2,32.894700,50,16697,31931,0,0,330778,505.779
k_sens,DB8_GE_US.txt,14058,tk-no-bounds,0.00014226774790155070,50,2,12,3,30.793700,50,16697,31931,0,0,330778,533.779
k_sens,DB8_GE_US.txt,14058,tk-no-bounds,0.00014226774790155070,50,2,12,4,31.632000,50,16697,31931,0,0,330778,563.779
k_sens,DB8_GE_US.txt,14058,tk-no-pdub,0.00014226774790155070,50,2,12,0,2.389600,50,82,228,0,198,169763,573.779
k_sens,DB8_GE_US.txt,14058,tk-no-pdub,0.00014226774790155070,50,2,12,1,2.382400,50,82,228,0,198,169763,575.779
k_sens,DB8_GE_US.txt,14058,tk-no-pdub,0.00014226774790155070,50,2,12,2,2.489900,50,82,228,0,198,169763,577.779
k_sens,DB8_GE_US.txt,14058,tk-no-pdub,0.00014226774790155070,50,2,12,3,2.534100,50,82,228,0,198,169763,579.779
k_sens,DB8_GE_US.txt,14058,tk-no-pdub,0.00014226774790155070,50,2,12,4,2.446600,50,82,228,0,198,169763,581.779
k_sens,DB8_GE_US.txt,14058,tk-no-dub,0.00014226774790155070,50,2,12,0,3.024000,50,190,770,616,0,156966,591.779
k_sens,DB8_GE_US.txt,14058,tk-no-dub,0.00014226774790155070,50,2,12,1,2.628600,50,190,770,616,0,156966,593.779
k_sens,DB8_GE_US.txt,14058,tk-no-dub,0.00014226774790155070,50,2,12,2,3.208000,50,190,770,616,0,156966,595.779
k_sens,DB8_GE_US.txt,14058,tk-no-dub,0.00014226774790155070,50,2,12,3,3.212100,50,190,770,616,0,156966,597.779
k_sens,DB8_GE_US.txt,14058,tk-no-dub,0.00014226774790155070,50,2,12,4,2.651600,50,190,770,616,0,156966,599.779
k_sens,DB8_GE_US.txt,14058,tk,0.00014226774790155070,50,2,12,0,2.641900,50,82,228,74,108,156966,607.779
k_sens,DB8_GE_US.txt,14058,tk,0.00014226774790155070,50,2,12,1,2.525000,50,82,228,74,108,156966,611.779
k_sens,DB8_GE_US.txt,14058,tk,0.00014226774790155070,50,2,12,2,2.530900,50,82,228,74,108,156966,613.779
k_sens,DB8_GE_US.txt,14058,tk,0.00014226774790155070,50,2,12,3,2.499100,50,82,228,74,108,156966,615.779
k_sens,DB8_GE_US.txt,14058,tk,0.00014226774790155070,50,2,12,4,2.490500,50,82,228,74,108,156966,617.779
k_sens,DB8_GE_US.txt,14058,hjtopk,0.00028453549580310140,50,2,12,0,34.523700,50,16697,31931,0,0,330778,735.779
k_sens,DB8_GE_US.txt,14058,hjtopk,0.00028453549580310140,50,2,12,1,32.881300,50,16697,31931,0,0,330778,763.779
k_sens,DB8_GE_US.txt,14058,hjtopk,0.00028453549580310140,50,2,12,2,32.076000,50,16697,31931,0,0,330778,793.779
k_sens,DB8_GE_US.txt,14058,hjtopk,0.00028453549580310140,50,2,12,3,31.171300,50,16697,31931,0,0,330778,823.779
k_sens,DB8_GE_US.txt,14058,hjtopk,0.00028453549580310140,50,2,12,4,32.295700,50,16697,31931,0,0,330778,851.779
k_sens,DB8_GE_US.txt,14058,tk-no-bounds,0.00028453549580310140,50,2,12,0,37.678100,50,16697,31931,0,0,330778,967.779
k_sens,DB8_GE_US.txt,14058,tk-no-bounds,0.00028453549580310140,50,2,12,1,34.423400,50,16697,31931,0,0,330778,997.779
k_sens,DB8_GE_US.txt,14058,tk-no-bounds,0.00028453549580310140,50,2,12,2,35.615200,50,16697,31931,0,0,330778,1027.779
k_sens,DB8_GE_US.txt,14058,tk-no-bounds,0.00028453549580310140,50,2,12,3,33.084600,50,16697,31931,0,0,330778,1055.779
k_sens,DB8_GE_US.txt,14058,tk-no-bounds,0.00028453549580310140,50,2,12,4,41.295600,50,16697,31931,0,0,330778,1085.779
k_sens,DB8_GE_US.txt,14058,tk-no-pdub,0.00028453549580310140,50,2,12,0,2.549800,50,80,223,0,194,168540,1093.779
k_sens,DB8_GE_US.txt,14058,tk-no-pdub,0.00028453549580310140,50,2,12,1,2.587700,50,80,223,0,194,168540,1095.779
k_sens,DB8_GE_US.txt,14058,tk-no-pdub,0.00028453549580310140,50,2,12,2,3.222000,50,80,223,0,194,168540,1099.779
k_sens,DB8_GE_US.txt,14058,tk-no-pdub,0.00028453549580310140,50,2,12,3,2.554200,50,80,223,0,194,168540,1101.779
k_sens,DB8_GE_US.txt,14058,tk-no-pdub,0.00028453549580310140,50,2,12,4,2.536300,50,80,223,0,194,168540,1103.779
k_sens,DB8_GE_US.txt,14058,tk-no-dub,0.00028453549580310140,50,2,12,0,3.383400,50,190,770,616,0,156966,1111.779
k_sens,DB8_GE_US.txt,14058,tk-no-dub,0.00028453549580310140,50,2,12,1,2.809400,50,190,770,616,0,156966,1113.779
k_sens,DB8_GE_US.txt,14058,tk-no-dub,0.00028453549580310140,50,2,12,2,2.824900,50,190,770,616,0,156966,1117.779
k_sens,DB8_GE_US.txt,14058,tk-no-dub,0.00028453549580310140,50,2,12,3,2.799400,50,190,770,616,0,156966,1119.779
k_sens,DB8_GE_US.txt,14058,tk-no-dub,0.00028453549580310140,50,2,12,4,2.850900,50,190,770,616,0,156966,1121.779
k_sens,DB8_GE_US.txt,14058,tk,0.00028453549580310140,50,2,12,0,2.657400,50,80,223,69,110,156966,1129.779
k_sens,DB8_GE_US.txt,14058,tk,0.00028453549580310140,50,2,12,1,2.665600,50,80,223,69,110,156966,1131.779
k_sens,DB8_GE_US.txt,14058,tk,0.00028453549580310140,50,2,12,2,2.955800,50,80,223,69,110,156966,1133.779
k_sens,DB8_GE_US.txt,14058,tk,0.00028453549580310140,50,2,12,3,3.306900,50,80,223,69,110,156966,1135.779
k_sens,DB8_GE_US.txt,14058,tk,0.00028453549580310140,50,2,12,4,2.747700,50,80,223,69,110,156966,1137.887
